2026-07-28 09:42:46.519 +02:00[INF] - Application started {"Application":"PetHealth.API","AppEnv":"Development"}
2026-07-28 10:00:53.748 +02:00[INF] - HTTP GET /api/Appointment responded 200 in 270.8809 ms {"UserId":"1","RemoteIP":"::1","SourceContext":"Serilog.AspNetCore.RequestLoggingMiddleware","RequestId":"0HNNCFP57SN0L:00000002","ConnectionId":"0HNNCFP57SN0L","Application":"PetHealth.API","AppEnv":"Development"}
2026-07-28 10:00:53.748 +02:00[INF] - HTTP GET /api/AppUser responded 200 in 269.2324 ms {"UserId":"1","RemoteIP":"::1","SourceContext":"Serilog.AspNetCore.RequestLoggingMiddleware","RequestId":"0HNNCFP57SN0M:00000002","ConnectionId":"0HNNCFP57SN0M","Application":"PetHealth.API","AppEnv":"Development"}
2026-07-28 10:00:53.750 +02:00[INF] - HTTP GET /api/Pet responded 200 in 276.3790 ms {"UserId":"1","RemoteIP":"::1","SourceContext":"Serilog.AspNetCore.RequestLoggingMiddleware","RequestId":"0HNNCFP57SN0K:00000002","ConnectionId":"0HNNCFP57SN0K","Application":"PetHealth.API","AppEnv":"Development"}
2026-07-28 10:03:02.023 +02:00[INF] - HTTP GET /api/Prescription responded 200 in 24.6637 ms {"UserId":"1","RemoteIP":"::1","SourceContext":"Serilog.AspNetCore.RequestLoggingMiddleware","RequestId":"0HNNCFP57SN0K:00000004","ConnectionId":"0HNNCFP57SN0K","Application":"PetHealth.API","AppEnv":"Development"}
2026-07-28 10:03:02.025 +02:00[INF] - HTTP GET /api/Medicine responded 200 in 26.6617 ms {"UserId":"1","RemoteIP":"::1","SourceContext":"Serilog.AspNetCore.RequestLoggingMiddleware","RequestId":"0HNNCFP57SN0L:00000004","ConnectionId":"0HNNCFP57SN0L","Application":"PetHealth.API","AppEnv":"Development"}
2026-07-28 10:03:02.524 +02:00[INF] - HTTP GET /api/AppUser responded 200 in 8.8734 ms {"UserId":"1","RemoteIP":"::1","SourceContext":"Serilog.AspNetCore.RequestLoggingMiddleware","RequestId":"0HNNCFP57SN0L:00000006","ConnectionId":"0HNNCFP57SN0L","Application":"PetHealth.API","AppEnv":"Development"}
2026-07-28 10:03:02.524 +02:00[INF] - HTTP GET /api/Pet responded 200 in 9.3832 ms {"UserId":"1","RemoteIP":"::1","SourceContext":"Serilog.AspNetCore.RequestLoggingMiddleware","RequestId":"0HNNCFP57SN0K:00000006","ConnectionId":"0HNNCFP57SN0K","Application":"PetHealth.API","AppEnv":"Development"}
2026-07-28 10:03:02.529 +02:00[INF] - HTTP GET /api/Appointment responded 200 in 14.5998 ms {"UserId":"1","RemoteIP":"::1","SourceContext":"Serilog.AspNetCore.RequestLoggingMiddleware","RequestId":"0HNNCFP57SN0M:00000004","ConnectionId":"0HNNCFP57SN0M","Application":"PetHealth.API","AppEnv":"Development"}
2026-07-28 10:03:11.000 +02:00[INF] - HTTP GET /api/Pet/my-pets responded 404 in 12.7605 ms {"UserId":"1","RemoteIP":"::1","SourceContext":"Serilog.AspNetCore.RequestLoggingMiddleware","RequestId":"0HNNCFP57SN0M:00000006","ConnectionId":"0HNNCFP57SN0M","Application":"PetHealth.API","AppEnv":"Development"}
2026-07-28 10:03:12.557 +02:00[INF] - HTTP GET /api/Pet responded 200 in 4.2767 ms {"UserId":"1","RemoteIP":"::1","SourceContext":"Serilog.AspNetCore.RequestLoggingMiddleware","RequestId":"0HNNCFP57SN0M:00000009","ConnectionId":"0HNNCFP57SN0M","Application":"PetHealth.API","AppEnv":"Development"}
2026-07-28 10:03:12.559 +02:00[INF] - HTTP GET /api/AppUser responded 200 in 3.9174 ms {"UserId":"1","RemoteIP":"::1","SourceContext":"Serilog.AspNetCore.RequestLoggingMiddleware","RequestId":"0HNNCFP57SN0L:00000008","ConnectionId":"0HNNCFP57SN0L","Application":"PetHealth.API","AppEnv":"Development"}
2026-07-28 10:03:12.559 +02:00[INF] - HTTP GET /api/Appointment responded 200 in 6.8592 ms {"UserId":"1","RemoteIP":"::1","SourceContext":"Serilog.AspNetCore.RequestLoggingMiddleware","RequestId":"0HNNCFP57SN0K:00000007","ConnectionId":"0HNNCFP57SN0K","Application":"PetHealth.API","AppEnv":"Development"}
2026-07-28 10:04:57.138 +02:00[INF] - HTTP GET /api/AppUser responded 200 in 6.9607 ms {"UserId":"1","RemoteIP":"::1","SourceContext":"Serilog.AspNetCore.RequestLoggingMiddleware","RequestId":"0HNNCFP57SN0Q:00000002","ConnectionId":"0HNNCFP57SN0Q","Application":"PetHealth.API","AppEnv":"Development"}
2026-07-28 10:04:57.140 +02:00[INF] - HTTP GET /api/Pet responded 200 in 9.0201 ms {"UserId":"1","RemoteIP":"::1","SourceContext":"Serilog.AspNetCore.RequestLoggingMiddleware","RequestId":"0HNNCFP57SN0R:00000002","ConnectionId":"0HNNCFP57SN0R","Application":"PetHealth.API","AppEnv":"Development"}
2026-07-28 10:04:57.141 +02:00[INF] - HTTP GET /api/Appointment responded 200 in 10.3128 ms {"UserId":"1","RemoteIP":"::1","SourceContext":"Serilog.AspNetCore.RequestLoggingMiddleware","RequestId":"0HNNCFP57SN0S:00000002","ConnectionId":"0HNNCFP57SN0S","Application":"PetHealth.API","AppEnv":"Development"}
2026-07-28 10:10:51.276 +02:00[INF] - HTTP GET /api/Appointment responded 200 in 31.6192 ms {"UserId":"1","RemoteIP":"::1","SourceContext":"Serilog.AspNetCore.RequestLoggingMiddleware","RequestId":"0HNNCFP57SN13:00000002","ConnectionId":"0HNNCFP57SN13","Application":"PetHealth.API","AppEnv":"Development"}
2026-07-28 10:10:51.278 +02:00[INF] - HTTP GET /api/AppUser responded 200 in 34.3098 ms {"UserId":"1","RemoteIP":"::1","SourceContext":"Serilog.AspNetCore.RequestLoggingMiddleware","RequestId":"0HNNCFP57SN14:00000002","ConnectionId":"0HNNCFP57SN14","Application":"PetHealth.API","AppEnv":"Development"}
2026-07-28 10:10:51.286 +02:00[INF] - HTTP GET /api/Pet responded 200 in 41.8697 ms {"UserId":"1","RemoteIP":"::1","SourceContext":"Serilog.AspNetCore.RequestLoggingMiddleware","RequestId":"0HNNCFP57SN12:00000002","ConnectionId":"0HNNCFP57SN12","Application":"PetHealth.API","AppEnv":"Development"}
2026-07-28 10:11:20.094 +02:00[INF] - HTTP GET /api/Pet responded 200 in 3.1133 ms {"UserId":"1","RemoteIP":"::1","SourceContext":"Serilog.AspNetCore.RequestLoggingMiddleware","RequestId":"0HNNCFP57SN12:00000004","ConnectionId":"0HNNCFP57SN12","Application":"PetHealth.API","AppEnv":"Development"}
2026-07-28 10:11:20.099 +02:00[INF] - HTTP GET /api/Appointment responded 200 in 8.0636 ms {"UserId":"1","RemoteIP":"::1","SourceContext":"Serilog.AspNetCore.RequestLoggingMiddleware","RequestId":"0HNNCFP57SN14:00000004","ConnectionId":"0HNNCFP57SN14","Application":"PetHealth.API","AppEnv":"Development"}
2026-07-28 10:11:20.111 +02:00[INF] - HTTP GET /api/AppUser responded 200 in 19.9868 ms {"UserId":"1","RemoteIP":"::1","SourceContext":"Serilog.AspNetCore.RequestLoggingMiddleware","RequestId":"0HNNCFP57SN13:00000004","ConnectionId":"0HNNCFP57SN13","Application":"PetHealth.API","AppEnv":"Development"}
2026-07-28 10:11:33.935 +02:00[INF] - HTTP GET /api/Appointment responded 200 in 6.5353 ms {"UserId":"1","RemoteIP":"::1","SourceContext":"Serilog.AspNetCore.RequestLoggingMiddleware","RequestId":"0HNNCFP57SN13:00000006","ConnectionId":"0HNNCFP57SN13","Application":"PetHealth.API","AppEnv":"Development"}
2026-07-28 10:11:33.940 +02:00[INF] - HTTP GET /api/Pet responded 200 in 12.1949 ms {"UserId":"1","RemoteIP":"::1","SourceContext":"Serilog.AspNetCore.RequestLoggingMiddleware","RequestId":"0HNNCFP57SN12:00000006","ConnectionId":"0HNNCFP57SN12","Application":"PetHealth.API","AppEnv":"Development"}
2026-07-28 10:11:33.946 +02:00[INF] - HTTP GET /api/AppUser responded 200 in 17.9711 ms {"UserId":"1","RemoteIP":"::1","SourceContext":"Serilog.AspNetCore.RequestLoggingMiddleware","RequestId":"0HNNCFP57SN14:00000006","ConnectionId":"0HNNCFP57SN14","Application":"PetHealth.API","AppEnv":"Development"}
2026-07-28 10:11:44.925 +02:00[INF] - HTTP GET /api/Pet responded 200 in 5.0377 ms {"UserId":"1","RemoteIP":"::1","SourceContext":"Serilog.AspNetCore.RequestLoggingMiddleware","RequestId":"0HNNCFP57SN14:00000008","ConnectionId":"0HNNCFP57SN14","Application":"PetHealth.API","AppEnv":"Development"}
2026-07-28 10:11:44.925 +02:00[INF] - HTTP GET /api/Appointment responded 200 in 6.2830 ms {"UserId":"1","RemoteIP":"::1","SourceContext":"Serilog.AspNetCore.RequestLoggingMiddleware","RequestId":"0HNNCFP57SN12:00000008","ConnectionId":"0HNNCFP57SN12","Application":"PetHealth.API","AppEnv":"Development"}
2026-07-28 10:11:44.927 +02:00[INF] - HTTP GET /api/AppUser responded 200 in 6.4448 ms {"UserId":"1","RemoteIP":"::1","SourceContext":"Serilog.AspNetCore.RequestLoggingMiddleware","RequestId":"0HNNCFP57SN13:00000008","ConnectionId":"0HNNCFP57SN13","Application":"PetHealth.API","AppEnv":"Development"}
2026-07-28 10:11:55.941 +02:00[INF] - HTTP GET /api/Pet responded 200 in 5.7278 ms {"UserId":"1","RemoteIP":"::1","SourceContext":"Serilog.AspNetCore.RequestLoggingMiddleware","RequestId":"0HNNCFP57SN14:0000000A","ConnectionId":"0HNNCFP57SN14","Application":"PetHealth.API","AppEnv":"Development"}
2026-07-28 10:11:55.941 +02:00[INF] - HTTP GET /api/AppUser responded 200 in 5.6975 ms {"UserId":"1","RemoteIP":"::1","SourceContext":"Serilog.AspNetCore.RequestLoggingMiddleware","RequestId":"0HNNCFP57SN12:0000000A","ConnectionId":"0HNNCFP57SN12","Application":"PetHealth.API","AppEnv":"Development"}
2026-07-28 10:11:55.943 +02:00[INF] - HTTP GET /api/Appointment responded 200 in 7.1608 ms {"UserId":"1","RemoteIP":"::1","SourceContext":"Serilog.AspNetCore.RequestLoggingMiddleware","RequestId":"0HNNCFP57SN13:0000000A","ConnectionId":"0HNNCFP57SN13","Application":"PetHealth.API","AppEnv":"Development"}
2026-07-28 10:13:48.376 +02:00[INF] - HTTP POST /api/Appointment responded 200 in 103.2488 ms {"UserId":"1","RemoteIP":"::1","SourceContext":"Serilog.AspNetCore.RequestLoggingMiddleware","RequestId":"0HNNCFP57SN13:0000000C","ConnectionId":"0HNNCFP57SN13","Application":"PetHealth.API","AppEnv":"Development"}
2026-07-28 10:13:48.387 +02:00[INF] - HTTP GET /api/Appointment responded 200 in 7.9871 ms {"UserId":"1","RemoteIP":"::1","SourceContext":"Serilog.AspNetCore.RequestLoggingMiddleware","RequestId":"0HNNCFP57SN13:0000000D","ConnectionId":"0HNNCFP57SN13","Application":"PetHealth.API","AppEnv":"Development"}
2026-07-28 10:16:52.317 +02:00[INF] - HTTP GET /api/Pet responded 200 in 13.1325 ms {"UserId":"1","RemoteIP":"::1","SourceContext":"Serilog.AspNetCore.RequestLoggingMiddleware","RequestId":"0HNNCFP57SN1A:00000002","ConnectionId":"0HNNCFP57SN1A","Application":"PetHealth.API","AppEnv":"Development"}
2026-07-28 10:16:52.326 +02:00[INF] - HTTP GET /api/Appointment responded 200 in 22.4721 ms {"UserId":"1","RemoteIP":"::1","SourceContext":"Serilog.AspNetCore.RequestLoggingMiddleware","RequestId":"0HNNCFP57SN18:00000002","ConnectionId":"0HNNCFP57SN18","Application":"PetHealth.API","AppEnv":"Development"}
2026-07-28 10:16:52.344 +02:00[INF] - HTTP GET /api/AppUser responded 200 in 39.7355 ms {"UserId":"1","RemoteIP":"::1","SourceContext":"Serilog.AspNetCore.RequestLoggingMiddleware","RequestId":"0HNNCFP57SN19:00000002","ConnectionId":"0HNNCFP57SN19","Application":"PetHealth.API","AppEnv":"Development"}
2026-07-28 10:17:05.133 +02:00[INF] - HTTP GET /api/AppUser responded 200 in 5.7868 ms {"UserId":"1","RemoteIP":"::1","SourceContext":"Serilog.AspNetCore.RequestLoggingMiddleware","RequestId":"0HNNCFP57SN1A:00000004","ConnectionId":"0HNNCFP57SN1A","Application":"PetHealth.API","AppEnv":"Development"}
2026-07-28 10:17:05.133 +02:00[INF] - HTTP GET /api/Appointment responded 200 in 5.7980 ms {"UserId":"1","RemoteIP":"::1","SourceContext":"Serilog.AspNetCore.RequestLoggingMiddleware","RequestId":"0HNNCFP57SN18:00000004","ConnectionId":"0HNNCFP57SN18","Application":"PetHealth.API","AppEnv":"Development"}
2026-07-28 10:17:05.164 +02:00[INF] - HTTP GET /api/Pet responded 200 in 36.9765 ms {"UserId":"1","RemoteIP":"::1","SourceContext":"Serilog.AspNetCore.RequestLoggingMiddleware","RequestId":"0HNNCFP57SN19:00000004","ConnectionId":"0HNNCFP57SN19","Application":"PetHealth.API","AppEnv":"Development"}
2026-07-28 10:17:15.097 +02:00[INF] - HTTP GET /api/Pet responded 200 in 3.8305 ms {"UserId":"1","RemoteIP":"::1","SourceContext":"Serilog.AspNetCore.RequestLoggingMiddleware","RequestId":"0HNNCFP57SN18:00000006","ConnectionId":"0HNNCFP57SN18","Application":"PetHealth.API","AppEnv":"Development"}
2026-07-28 10:17:15.098 +02:00[INF] - HTTP GET /api/AppUser responded 200 in 4.2166 ms {"UserId":"1","RemoteIP":"::1","SourceContext":"Serilog.AspNetCore.RequestLoggingMiddleware","RequestId":"0HNNCFP57SN19:00000006","ConnectionId":"0HNNCFP57SN19","Application":"PetHealth.API","AppEnv":"Development"}
2026-07-28 10:17:15.099 +02:00[INF] - HTTP GET /api/Appointment responded 200 in 5.7115 ms {"UserId":"1","RemoteIP":"::1","SourceContext":"Serilog.AspNetCore.RequestLoggingMiddleware","RequestId":"0HNNCFP57SN1A:00000006","ConnectionId":"0HNNCFP57SN1A","Application":"PetHealth.API","AppEnv":"Development"}
2026-07-28 10:17:26.101 +02:00[INF] - HTTP GET /api/AppUser responded 200 in 3.3850 ms {"UserId":"1","RemoteIP":"::1","SourceContext":"Serilog.AspNetCore.RequestLoggingMiddleware","RequestId":"0HNNCFP57SN18:00000008","ConnectionId":"0HNNCFP57SN18","Application":"PetHealth.API","AppEnv":"Development"}
2026-07-28 10:17:26.101 +02:00[INF] - HTTP GET /api/Pet responded 200 in 3.3850 ms {"UserId":"1","RemoteIP":"::1","SourceContext":"Serilog.AspNetCore.RequestLoggingMiddleware","RequestId":"0HNNCFP57SN1A:00000008","ConnectionId":"0HNNCFP57SN1A","Application":"PetHealth.API","AppEnv":"Development"}
2026-07-28 10:17:26.102 +02:00[INF] - HTTP GET /api/Appointment responded 200 in 4.0893 ms {"UserId":"1","RemoteIP":"::1","SourceContext":"Serilog.AspNetCore.RequestLoggingMiddleware","RequestId":"0HNNCFP57SN19:00000008","ConnectionId":"0HNNCFP57SN19","Application":"PetHealth.API","AppEnv":"Development"}
2026-07-28 10:19:35.624 +02:00[INF] - HTTP GET /api/Pet/my-pets responded 404 in 10.0630 ms {"UserId":"1","RemoteIP":"::1","SourceContext":"Serilog.AspNetCore.RequestLoggingMiddleware","RequestId":"0HNNCFP57SN19:0000000A","ConnectionId":"0HNNCFP57SN19","Application":"PetHealth.API","AppEnv":"Development"}
2026-07-28 10:19:36.345 +02:00[INF] - HTTP GET /api/Pet responded 200 in 6.2256 ms {"UserId":"1","RemoteIP":"::1","SourceContext":"Serilog.AspNetCore.RequestLoggingMiddleware","RequestId":"0HNNCFP57SN1A:0000000A","ConnectionId":"0HNNCFP57SN1A","Application":"PetHealth.API","AppEnv":"Development"}
2026-07-28 10:19:36.345 +02:00[INF] - HTTP GET /api/AppUser responded 200 in 6.3627 ms {"UserId":"1","RemoteIP":"::1","SourceContext":"Serilog.AspNetCore.RequestLoggingMiddleware","RequestId":"0HNNCFP57SN18:0000000A","ConnectionId":"0HNNCFP57SN18","Application":"PetHealth.API","AppEnv":"Development"}
2026-07-28 10:19:36.348 +02:00[INF] - HTTP GET /api/Appointment responded 200 in 9.8260 ms {"UserId":"1","RemoteIP":"::1","SourceContext":"Serilog.AspNetCore.RequestLoggingMiddleware","RequestId":"0HNNCFP57SN19:0000000C","ConnectionId":"0HNNCFP57SN19","Application":"PetHealth.API","AppEnv":"Development"}
2026-07-28 10:20:26.271 +02:00[INF] - HTTP POST /Login responded 200 in 38.0231 ms {"UserId":"Anonymous","RemoteIP":"::1","SourceContext":"Serilog.AspNetCore.RequestLoggingMiddleware","RequestId":"0HNNCFP57SN19:0000000E","ConnectionId":"0HNNCFP57SN19","Application":"PetHealth.API","AppEnv":"Development"}
2026-07-28 10:28:09.540 +02:00[INF] - HTTP GET /api/Pet/my-pets responded 404 in 38.6825 ms {"UserId":"1001","RemoteIP":"::1","SourceContext":"Serilog.AspNetCore.RequestLoggingMiddleware","RequestId":"0HNNCFP57SN1O:00000008","ConnectionId":"0HNNCFP57SN1O","Application":"PetHealth.API","AppEnv":"Development"}
2026-07-28 10:29:43.669 +02:00[INF] - HTTP GET /api/Pet/my-pets responded 404 in 4.0255 ms {"UserId":"1001","RemoteIP":"::1","SourceContext":"Serilog.AspNetCore.RequestLoggingMiddleware","RequestId":"0HNNCFP57SN1O:0000000A","ConnectionId":"0HNNCFP57SN1O","Application":"PetHealth.API","AppEnv":"Development"}
2026-07-28 10:29:44.457 +02:00[INF] - HTTP GET /api/Pet/my-pets responded 404 in 3.0019 ms {"UserId":"1001","RemoteIP":"::1","SourceContext":"Serilog.AspNetCore.RequestLoggingMiddleware","RequestId":"0HNNCFP57SN1O:0000000B","ConnectionId":"0HNNCFP57SN1O","Application":"PetHealth.API","AppEnv":"Development"}
2026-07-28 10:35:13.540 +02:00[INF] - HTTP POST /Login responded 200 in 15.8501 ms {"UserId":"Anonymous","RemoteIP":"::1","SourceContext":"Serilog.AspNetCore.RequestLoggingMiddleware","RequestId":"0HNNCFP57SN1S:00000002","ConnectionId":"0HNNCFP57SN1S","Application":"PetHealth.API","AppEnv":"Development"}
2026-07-28 10:35:15.318 +02:00[INF] - HTTP GET /api/Pet/my-pets responded 200 in 5.3552 ms {"UserId":"7","RemoteIP":"::1","SourceContext":"Serilog.AspNetCore.RequestLoggingMiddleware","RequestId":"0HNNCFP57SN1S:00000004","ConnectionId":"0HNNCFP57SN1S","Application":"PetHealth.API","AppEnv":"Development"}
2026-07-28 10:35:15.363 +02:00[FTL] - Unhandled exception occurred {"SourceContext":"API_PetHealth.Middlewares.GlobalExceptionHandler","RequestId":"0HNNCFP57SN1T:00000002","RequestPath":"/api/Appointment/1","ConnectionId":"0HNNCFP57SN1T","Application":"PetHealth.API","AppEnv":"Development"}
Microsoft.Data.SqlClient.SqlException (0x80131904): You are not authorized to view Appointments.
   at System.Threading.Tasks.ContinuationResultTaskFromResultTask`2.InnerInvoke()
   at System.Threading.ExecutionContext.RunInternal(ExecutionContext executionContext, ContextCallback callback, Object state)
--- End of stack trace from previous location ---
   at System.Threading.ExecutionContext.RunInternal(ExecutionContext executionContext, ContextCallback callback, Object state)
   at System.Threading.Tasks.Task.ExecuteWithThreadLocal(Task& currentTaskSlot, Thread threadPoolThread)
--- End of stack trace from previous location ---
   at Dapper.SqlMapper.QueryAsync[T](IDbConnection cnn, Type effectiveType, CommandDefinition command) in /_/Dapper/SqlMapper.Async.cs:line 434
   at PetHealth.Infrastructure.Services.AppointmentService.Execute(GetByPetIdAppointmentQueryAsync query) in /Users/jordanmal/Documents/Projet Développement /PetHealthApplication/API/API_PetHealth/PetHealth.Infrastructure/Services/AppointmentService.cs:line 39
   at API_PetHealth.Controllers.AppointmentController.GetAppointmentsByPetId(Int32 petId) in /Users/jordanmal/Documents/Projet Développement /PetHealthApplication/API/API_PetHealth/PetHealth.API/Controllers/AppointmentController.cs:line 39
   at lambda_method72(Closure, Object)
   at Microsoft.AspNetCore.Mvc.Infrastructure.ActionMethodExecutor.AwaitableObjectResultExecutor.Execute(ActionContext actionContext, IActionResultTypeMapper mapper, ObjectMethodExecutor executor, Object controller, Object[] arguments)
   at Microsoft.AspNetCore.Mvc.Infrastructure.ControllerActionInvoker.<InvokeActionMethodAsync>g__Logged|12_1(ControllerActionInvoker invoker)
   at Microsoft.AspNetCore.Mvc.Infrastructure.ControllerActionInvoker.<InvokeNextActionFilterAsync>g__Awaited|10_0(ControllerActionInvoker invoker, Task lastTask, State next, Scope scope, Object state, Boolean isCompleted)
   at Microsoft.AspNetCore.Mvc.Infrastructure.ControllerActionInvoker.Rethrow(ActionExecutedContextSealed context)
   at Microsoft.AspNetCore.Mvc.Infrastructure.ControllerActionInvoker.Next(State& next, Scope& scope, Object& state, Boolean& isCompleted)
   at Microsoft.AspNetCore.Mvc.Infrastructure.ControllerActionInvoker.<InvokeInnerFilterAsync>g__Awaited|13_0(ControllerActionInvoker invoker, Task lastTask, State next, Scope scope, Object state, Boolean isCompleted)
   at Microsoft.AspNetCore.Mvc.Infrastructure.ResourceInvoker.<InvokeFilterPipelineAsync>g__Awaited|20_0(ResourceInvoker invoker, Task lastTask, State next, Scope scope, Object state, Boolean isCompleted)
   at Microsoft.AspNetCore.Mvc.Infrastructure.ResourceInvoker.<InvokeAsync>g__Logged|17_1(ResourceInvoker invoker)
   at Microsoft.AspNetCore.Mvc.Infrastructure.ResourceInvoker.<InvokeAsync>g__Logged|17_1(ResourceInvoker invoker)
   at Microsoft.AspNetCore.Authorization.AuthorizationMiddleware.Invoke(HttpContext context)
   at Microsoft.AspNetCore.Authentication.AuthenticationMiddleware.Invoke(HttpContext context)
   at Microsoft.AspNetCore.Diagnostics.ExceptionHandlerMiddlewareImpl.<Invoke>g__Awaited|10_0(ExceptionHandlerMiddlewareImpl middleware, HttpContext context, Task task)
ClientConnectionId :5ed001b1-76c1-4b7e-92a0-c47bb22a4552
Error Number :50005,State :1,Class :16
2026-07-28 10:35:15.367 +02:00[FTL] - Unhandled exception occurred {"SourceContext":"API_PetHealth.Middlewares.GlobalExceptionHandler","RequestId":"0HNNCFP57SN1S:00000006","RequestPath":"/api/Appointment/2","ConnectionId":"0HNNCFP57SN1S","Application":"PetHealth.API","AppEnv":"Development"}
Microsoft.Data.SqlClient.SqlException (0x80131904): You are not authorized to view Appointments.
   at System.Threading.Tasks.ContinuationResultTaskFromResultTask`2.InnerInvoke()
   at System.Threading.ExecutionContext.RunInternal(ExecutionContext executionContext, ContextCallback callback, Object state)
--- End of stack trace from previous location ---
   at System.Threading.ExecutionContext.RunInternal(ExecutionContext executionContext, ContextCallback callback, Object state)
   at System.Threading.Tasks.Task.ExecuteWithThreadLocal(Task& currentTaskSlot, Thread threadPoolThread)
--- End of stack trace from previous location ---
   at Dapper.SqlMapper.QueryAsync[T](IDbConnection cnn, Type effectiveType, CommandDefinition command) in /_/Dapper/SqlMapper.Async.cs:line 434
   at PetHealth.Infrastructure.Services.AppointmentService.Execute(GetByPetIdAppointmentQueryAsync query) in /Users/jordanmal/Documents/Projet Développement /PetHealthApplication/API/API_PetHealth/PetHealth.Infrastructure/Services/AppointmentService.cs:line 39
   at API_PetHealth.Controllers.AppointmentController.GetAppointmentsByPetId(Int32 petId) in /Users/jordanmal/Documents/Projet Développement /PetHealthApplication/API/API_PetHealth/PetHealth.API/Controllers/AppointmentController.cs:line 39
   at lambda_method73(Closure, Object)
   at Microsoft.AspNetCore.Mvc.Infrastructure.ActionMethodExecutor.AwaitableObjectResultExecutor.Execute(ActionContext actionContext, IActionResultTypeMapper mapper, ObjectMethodExecutor executor, Object controller, Object[] arguments)
   at Microsoft.AspNetCore.Mvc.Infrastructure.ControllerActionInvoker.<InvokeActionMethodAsync>g__Logged|12_1(ControllerActionInvoker invoker)
   at Microsoft.AspNetCore.Mvc.Infrastructure.ControllerActionInvoker.<InvokeNextActionFilterAsync>g__Awaited|10_0(ControllerActionInvoker invoker, Task lastTask, State next, Scope scope, Object state, Boolean isCompleted)
   at Microsoft.AspNetCore.Mvc.Infrastructure.ControllerActionInvoker.Rethrow(ActionExecutedContextSealed context)
   at Microsoft.AspNetCore.Mvc.Infrastructure.ControllerActionInvoker.Next(State& next, Scope& scope, Object& state, Boolean& isCompleted)
   at Microsoft.AspNetCore.Mvc.Infrastructure.ControllerActionInvoker.<InvokeInnerFilterAsync>g__Awaited|13_0(ControllerActionInvoker invoker, Task lastTask, State next, Scope scope, Object state, Boolean isCompleted)
   at Microsoft.AspNetCore.Mvc.Infrastructure.ResourceInvoker.<InvokeFilterPipelineAsync>g__Awaited|20_0(ResourceInvoker invoker, Task lastTask, State next, Scope scope, Object state, Boolean isCompleted)
   at Microsoft.AspNetCore.Mvc.Infrastructure.ResourceInvoker.<InvokeAsync>g__Logged|17_1(ResourceInvoker invoker)
   at Microsoft.AspNetCore.Mvc.Infrastructure.ResourceInvoker.<InvokeAsync>g__Logged|17_1(ResourceInvoker invoker)
   at Microsoft.AspNetCore.Authorization.AuthorizationMiddleware.Invoke(HttpContext context)
   at Microsoft.AspNetCore.Authentication.AuthenticationMiddleware.Invoke(HttpContext context)
   at Microsoft.AspNetCore.Diagnostics.ExceptionHandlerMiddlewareImpl.<Invoke>g__Awaited|10_0(ExceptionHandlerMiddlewareImpl middleware, HttpContext context, Task task)
ClientConnectionId :47400784-8eb7-4a10-b4b6-d7ab51ae03d3
Error Number :50005,State :1,Class :16
2026-07-28 10:35:15.396 +02:00[ERR] - HTTP GET /api/Appointment/2 responded 500 in 74.1610 ms {"UserId":"7","RemoteIP":"::1","SourceContext":"Serilog.AspNetCore.RequestLoggingMiddleware","RequestId":"0HNNCFP57SN1S:00000006","ConnectionId":"0HNNCFP57SN1S","Application":"PetHealth.API","AppEnv":"Development"}
2026-07-28 10:35:15.396 +02:00[ERR] - HTTP GET /api/Appointment/1 responded 500 in 74.1610 ms {"UserId":"7","RemoteIP":"::1","SourceContext":"Serilog.AspNetCore.RequestLoggingMiddleware","RequestId":"0HNNCFP57SN1T:00000002","ConnectionId":"0HNNCFP57SN1T","Application":"PetHealth.API","AppEnv":"Development"}
2026-07-28 10:35:21.687 +02:00[INF] - HTTP GET /api/Pet/my-pets responded 200 in 3.2682 ms {"UserId":"7","RemoteIP":"::1","SourceContext":"Serilog.AspNetCore.RequestLoggingMiddleware","RequestId":"0HNNCFP57SN1T:00000004","ConnectionId":"0HNNCFP57SN1T","Application":"PetHealth.API","AppEnv":"Development"}
2026-07-28 10:35:22.817 +02:00[INF] - HTTP GET /api/Pet/my-pets responded 200 in 2.8213 ms {"UserId":"7","RemoteIP":"::1","SourceContext":"Serilog.AspNetCore.RequestLoggingMiddleware","RequestId":"0HNNCFP57SN1T:00000005","ConnectionId":"0HNNCFP57SN1T","Application":"PetHealth.API","AppEnv":"Development"}
2026-07-28 10:35:22.823 +02:00[FTL] - Unhandled exception occurred {"SourceContext":"API_PetHealth.Middlewares.GlobalExceptionHandler","RequestId":"0HNNCFP57SN1S:00000008","RequestPath":"/api/Appointment/1","ConnectionId":"0HNNCFP57SN1S","Application":"PetHealth.API","AppEnv":"Development"}
Microsoft.Data.SqlClient.SqlException (0x80131904): You are not authorized to view Appointments.
   at System.Threading.Tasks.ContinuationResultTaskFromResultTask`2.InnerInvoke()
   at System.Threading.ExecutionContext.RunInternal(ExecutionContext executionContext, ContextCallback callback, Object state)
--- End of stack trace from previous location ---
   at System.Threading.ExecutionContext.RunInternal(ExecutionContext executionContext, ContextCallback callback, Object state)
   at System.Threading.Tasks.Task.ExecuteWithThreadLocal(Task& currentTaskSlot, Thread threadPoolThread)
--- End of stack trace from previous location ---
   at Dapper.SqlMapper.QueryAsync[T](IDbConnection cnn, Type effectiveType, CommandDefinition command) in /_/Dapper/SqlMapper.Async.cs:line 434
   at PetHealth.Infrastructure.Services.AppointmentService.Execute(GetByPetIdAppointmentQueryAsync query) in /Users/jordanmal/Documents/Projet Développement /PetHealthApplication/API/API_PetHealth/PetHealth.Infrastructure/Services/AppointmentService.cs:line 39
   at API_PetHealth.Controllers.AppointmentController.GetAppointmentsByPetId(Int32 petId) in /Users/jordanmal/Documents/Projet Développement /PetHealthApplication/API/API_PetHealth/PetHealth.API/Controllers/AppointmentController.cs:line 39
   at lambda_method73(Closure, Object)
   at Microsoft.AspNetCore.Mvc.Infrastructure.ActionMethodExecutor.AwaitableObjectResultExecutor.Execute(ActionContext actionContext, IActionResultTypeMapper mapper, ObjectMethodExecutor executor, Object controller, Object[] arguments)
   at Microsoft.AspNetCore.Mvc.Infrastructure.ControllerActionInvoker.<InvokeActionMethodAsync>g__Logged|12_1(ControllerActionInvoker invoker)
   at Microsoft.AspNetCore.Mvc.Infrastructure.ControllerActionInvoker.<InvokeNextActionFilterAsync>g__Awaited|10_0(ControllerActionInvoker invoker, Task lastTask, State next, Scope scope, Object state, Boolean isCompleted)
   at Microsoft.AspNetCore.Mvc.Infrastructure.ControllerActionInvoker.Rethrow(ActionExecutedContextSealed context)
   at Microsoft.AspNetCore.Mvc.Infrastructure.ControllerActionInvoker.Next(State& next, Scope& scope, Object& state, Boolean& isCompleted)
   at Microsoft.AspNetCore.Mvc.Infrastructure.ControllerActionInvoker.<InvokeInnerFilterAsync>g__Awaited|13_0(ControllerActionInvoker invoker, Task lastTask, State next, Scope scope, Object state, Boolean isCompleted)
   at Microsoft.AspNetCore.Mvc.Infrastructure.ResourceInvoker.<InvokeFilterPipelineAsync>g__Awaited|20_0(ResourceInvoker invoker, Task lastTask, State next, Scope scope, Object state, Boolean isCompleted)
   at Microsoft.AspNetCore.Mvc.Infrastructure.ResourceInvoker.<InvokeAsync>g__Logged|17_1(ResourceInvoker invoker)
   at Microsoft.AspNetCore.Mvc.Infrastructure.ResourceInvoker.<InvokeAsync>g__Logged|17_1(ResourceInvoker invoker)
   at Microsoft.AspNetCore.Authorization.AuthorizationMiddleware.Invoke(HttpContext context)
   at Microsoft.AspNetCore.Authentication.AuthenticationMiddleware.Invoke(HttpContext context)
   at Microsoft.AspNetCore.Diagnostics.ExceptionHandlerMiddlewareImpl.<Invoke>g__Awaited|10_0(ExceptionHandlerMiddlewareImpl middleware, HttpContext context, Task task)
ClientConnectionId :47400784-8eb7-4a10-b4b6-d7ab51ae03d3
Error Number :50005,State :1,Class :16
2026-07-28 10:35:22.823 +02:00[FTL] - Unhandled exception occurred {"SourceContext":"API_PetHealth.Middlewares.GlobalExceptionHandler","RequestId":"0HNNCFP57SN1T:00000007","RequestPath":"/api/Appointment/2","ConnectionId":"0HNNCFP57SN1T","Application":"PetHealth.API","AppEnv":"Development"}
Microsoft.Data.SqlClient.SqlException (0x80131904): You are not authorized to view Appointments.
   at System.Threading.Tasks.ContinuationResultTaskFromResultTask`2.InnerInvoke()
   at System.Threading.ExecutionContext.RunInternal(ExecutionContext executionContext, ContextCallback callback, Object state)
--- End of stack trace from previous location ---
   at System.Threading.ExecutionContext.RunInternal(ExecutionContext executionContext, ContextCallback callback, Object state)
   at System.Threading.Tasks.Task.ExecuteWithThreadLocal(Task& currentTaskSlot, Thread threadPoolThread)
--- End of stack trace from previous location ---
   at Dapper.SqlMapper.QueryAsync[T](IDbConnection cnn, Type effectiveType, CommandDefinition command) in /_/Dapper/SqlMapper.Async.cs:line 434
   at PetHealth.Infrastructure.Services.AppointmentService.Execute(GetByPetIdAppointmentQueryAsync query) in /Users/jordanmal/Documents/Projet Développement /PetHealthApplication/API/API_PetHealth/PetHealth.Infrastructure/Services/AppointmentService.cs:line 39
   at API_PetHealth.Controllers.AppointmentController.GetAppointmentsByPetId(Int32 petId) in /Users/jordanmal/Documents/Projet Développement /PetHealthApplication/API/API_PetHealth/PetHealth.API/Controllers/AppointmentController.cs:line 39
   at lambda_method73(Closure, Object)
   at Microsoft.AspNetCore.Mvc.Infrastructure.ActionMethodExecutor.AwaitableObjectResultExecutor.Execute(ActionContext actionContext, IActionResultTypeMapper mapper, ObjectMethodExecutor executor, Object controller, Object[] arguments)
   at Microsoft.AspNetCore.Mvc.Infrastructure.ControllerActionInvoker.<InvokeActionMethodAsync>g__Logged|12_1(ControllerActionInvoker invoker)
   at Microsoft.AspNetCore.Mvc.Infrastructure.ControllerActionInvoker.<InvokeNextActionFilterAsync>g__Awaited|10_0(ControllerActionInvoker invoker, Task lastTask, State next, Scope scope, Object state, Boolean isCompleted)
   at Microsoft.AspNetCore.Mvc.Infrastructure.ControllerActionInvoker.Rethrow(ActionExecutedContextSealed context)
   at Microsoft.AspNetCore.Mvc.Infrastructure.ControllerActionInvoker.Next(State& next, Scope& scope, Object& state, Boolean& isCompleted)
   at Microsoft.AspNetCore.Mvc.Infrastructure.ControllerActionInvoker.<InvokeInnerFilterAsync>g__Awaited|13_0(ControllerActionInvoker invoker, Task lastTask, State next, Scope scope, Object state, Boolean isCompleted)
   at Microsoft.AspNetCore.Mvc.Infrastructure.ResourceInvoker.<InvokeFilterPipelineAsync>g__Awaited|20_0(ResourceInvoker invoker, Task lastTask, State next, Scope scope, Object state, Boolean isCompleted)
   at Microsoft.AspNetCore.Mvc.Infrastructure.ResourceInvoker.<InvokeAsync>g__Logged|17_1(ResourceInvoker invoker)
   at Microsoft.AspNetCore.Mvc.Infrastructure.ResourceInvoker.<InvokeAsync>g__Logged|17_1(ResourceInvoker invoker)
   at Microsoft.AspNetCore.Authorization.AuthorizationMiddleware.Invoke(HttpContext context)
   at Microsoft.AspNetCore.Authentication.AuthenticationMiddleware.Invoke(HttpContext context)
   at Microsoft.AspNetCore.Diagnostics.ExceptionHandlerMiddlewareImpl.<Invoke>g__Awaited|10_0(ExceptionHandlerMiddlewareImpl middleware, HttpContext context, Task task)
ClientConnectionId :5ed001b1-76c1-4b7e-92a0-c47bb22a4552
Error Number :50005,State :1,Class :16
2026-07-28 10:35:22.826 +02:00[ERR] - HTTP GET /api/Appointment/1 responded 500 in 5.9103 ms {"UserId":"7","RemoteIP":"::1","SourceContext":"Serilog.AspNetCore.RequestLoggingMiddleware","RequestId":"0HNNCFP57SN1S:00000008","ConnectionId":"0HNNCFP57SN1S","Application":"PetHealth.API","AppEnv":"Development"}
2026-07-28 10:35:22.826 +02:00[ERR] - HTTP GET /api/Appointment/2 responded 500 in 6.5543 ms {"UserId":"7","RemoteIP":"::1","SourceContext":"Serilog.AspNetCore.RequestLoggingMiddleware","RequestId":"0HNNCFP57SN1T:00000007","ConnectionId":"0HNNCFP57SN1T","Application":"PetHealth.API","AppEnv":"Development"}
2026-07-28 10:35:53.878 +02:00[INF] - HTTP GET /api/Pet/my-pets responded 200 in 3.1024 ms {"UserId":"7","RemoteIP":"::1","SourceContext":"Serilog.AspNetCore.RequestLoggingMiddleware","RequestId":"0HNNCFP57SN1T:00000009","ConnectionId":"0HNNCFP57SN1T","Application":"PetHealth.API","AppEnv":"Development"}
2026-07-28 10:35:53.884 +02:00[FTL] - Unhandled exception occurred {"SourceContext":"API_PetHealth.Middlewares.GlobalExceptionHandler","RequestId":"0HNNCFP57SN1T:0000000B","RequestPath":"/api/Appointment/1","ConnectionId":"0HNNCFP57SN1T","Application":"PetHealth.API","AppEnv":"Development"}
Microsoft.Data.SqlClient.SqlException (0x80131904): You are not authorized to view Appointments.
   at System.Threading.Tasks.ContinuationResultTaskFromResultTask`2.InnerInvoke()
   at System.Threading.ExecutionContext.RunInternal(ExecutionContext executionContext, ContextCallback callback, Object state)
--- End of stack trace from previous location ---
   at System.Threading.ExecutionContext.RunInternal(ExecutionContext executionContext, ContextCallback callback, Object state)
   at System.Threading.Tasks.Task.ExecuteWithThreadLocal(Task& currentTaskSlot, Thread threadPoolThread)
--- End of stack trace from previous location ---
   at Dapper.SqlMapper.QueryAsync[T](IDbConnection cnn, Type effectiveType, CommandDefinition command) in /_/Dapper/SqlMapper.Async.cs:line 434
   at PetHealth.Infrastructure.Services.AppointmentService.Execute(GetByPetIdAppointmentQueryAsync query) in /Users/jordanmal/Documents/Projet Développement /PetHealthApplication/API/API_PetHealth/PetHealth.Infrastructure/Services/AppointmentService.cs:line 39
   at API_PetHealth.Controllers.AppointmentController.GetAppointmentsByPetId(Int32 petId) in /Users/jordanmal/Documents/Projet Développement /PetHealthApplication/API/API_PetHealth/PetHealth.API/Controllers/AppointmentController.cs:line 39
   at lambda_method73(Closure, Object)
   at Microsoft.AspNetCore.Mvc.Infrastructure.ActionMethodExecutor.AwaitableObjectResultExecutor.Execute(ActionContext actionContext, IActionResultTypeMapper mapper, ObjectMethodExecutor executor, Object controller, Object[] arguments)
   at Microsoft.AspNetCore.Mvc.Infrastructure.ControllerActionInvoker.<InvokeActionMethodAsync>g__Logged|12_1(ControllerActionInvoker invoker)
   at Microsoft.AspNetCore.Mvc.Infrastructure.ControllerActionInvoker.<InvokeNextActionFilterAsync>g__Awaited|10_0(ControllerActionInvoker invoker, Task lastTask, State next, Scope scope, Object state, Boolean isCompleted)
   at Microsoft.AspNetCore.Mvc.Infrastructure.ControllerActionInvoker.Rethrow(ActionExecutedContextSealed context)
   at Microsoft.AspNetCore.Mvc.Infrastructure.ControllerActionInvoker.Next(State& next, Scope& scope, Object& state, Boolean& isCompleted)
   at Microsoft.AspNetCore.Mvc.Infrastructure.ControllerActionInvoker.<InvokeInnerFilterAsync>g__Awaited|13_0(ControllerActionInvoker invoker, Task lastTask, State next, Scope scope, Object state, Boolean isCompleted)
   at Microsoft.AspNetCore.Mvc.Infrastructure.ResourceInvoker.<InvokeFilterPipelineAsync>g__Awaited|20_0(ResourceInvoker invoker, Task lastTask, State next, Scope scope, Object state, Boolean isCompleted)
   at Microsoft.AspNetCore.Mvc.Infrastructure.ResourceInvoker.<InvokeAsync>g__Logged|17_1(ResourceInvoker invoker)
   at Microsoft.AspNetCore.Mvc.Infrastructure.ResourceInvoker.<InvokeAsync>g__Logged|17_1(ResourceInvoker invoker)
   at Microsoft.AspNetCore.Authorization.AuthorizationMiddleware.Invoke(HttpContext context)
   at Microsoft.AspNetCore.Authentication.AuthenticationMiddleware.Invoke(HttpContext context)
   at Microsoft.AspNetCore.Diagnostics.ExceptionHandlerMiddlewareImpl.<Invoke>g__Awaited|10_0(ExceptionHandlerMiddlewareImpl middleware, HttpContext context, Task task)
ClientConnectionId :47400784-8eb7-4a10-b4b6-d7ab51ae03d3
Error Number :50005,State :1,Class :16
2026-07-28 10:35:53.884 +02:00[FTL] - Unhandled exception occurred {"SourceContext":"API_PetHealth.Middlewares.GlobalExceptionHandler","RequestId":"0HNNCFP57SN1S:0000000A","RequestPath":"/api/Appointment/2","ConnectionId":"0HNNCFP57SN1S","Application":"PetHealth.API","AppEnv":"Development"}
Microsoft.Data.SqlClient.SqlException (0x80131904): You are not authorized to view Appointments.
   at System.Threading.Tasks.ContinuationResultTaskFromResultTask`2.InnerInvoke()
   at System.Threading.ExecutionContext.RunInternal(ExecutionContext executionContext, ContextCallback callback, Object state)
--- End of stack trace from previous location ---
   at System.Threading.ExecutionContext.RunInternal(ExecutionContext executionContext, ContextCallback callback, Object state)
   at System.Threading.Tasks.Task.ExecuteWithThreadLocal(Task& currentTaskSlot, Thread threadPoolThread)
--- End of stack trace from previous location ---
   at Dapper.SqlMapper.QueryAsync[T](IDbConnection cnn, Type effectiveType, CommandDefinition command) in /_/Dapper/SqlMapper.Async.cs:line 434
   at PetHealth.Infrastructure.Services.AppointmentService.Execute(GetByPetIdAppointmentQueryAsync query) in /Users/jordanmal/Documents/Projet Développement /PetHealthApplication/API/API_PetHealth/PetHealth.Infrastructure/Services/AppointmentService.cs:line 39
   at API_PetHealth.Controllers.AppointmentController.GetAppointmentsByPetId(Int32 petId) in /Users/jordanmal/Documents/Projet Développement /PetHealthApplication/API/API_PetHealth/PetHealth.API/Controllers/AppointmentController.cs:line 39
   at lambda_method73(Closure, Object)
   at Microsoft.AspNetCore.Mvc.Infrastructure.ActionMethodExecutor.AwaitableObjectResultExecutor.Execute(ActionContext actionContext, IActionResultTypeMapper mapper, ObjectMethodExecutor executor, Object controller, Object[] arguments)
   at Microsoft.AspNetCore.Mvc.Infrastructure.ControllerActionInvoker.<InvokeActionMethodAsync>g__Logged|12_1(ControllerActionInvoker invoker)
   at Microsoft.AspNetCore.Mvc.Infrastructure.ControllerActionInvoker.<InvokeNextActionFilterAsync>g__Awaited|10_0(ControllerActionInvoker invoker, Task lastTask, State next, Scope scope, Object state, Boolean isCompleted)
   at Microsoft.AspNetCore.Mvc.Infrastructure.ControllerActionInvoker.Rethrow(ActionExecutedContextSealed context)
   at Microsoft.AspNetCore.Mvc.Infrastructure.ControllerActionInvoker.Next(State& next, Scope& scope, Object& state, Boolean& isCompleted)
   at Microsoft.AspNetCore.Mvc.Infrastructure.ControllerActionInvoker.<InvokeInnerFilterAsync>g__Awaited|13_0(ControllerActionInvoker invoker, Task lastTask, State next, Scope scope, Object state, Boolean isCompleted)
   at Microsoft.AspNetCore.Mvc.Infrastructure.ResourceInvoker.<InvokeFilterPipelineAsync>g__Awaited|20_0(ResourceInvoker invoker, Task lastTask, State next, Scope scope, Object state, Boolean isCompleted)
   at Microsoft.AspNetCore.Mvc.Infrastructure.ResourceInvoker.<InvokeAsync>g__Logged|17_1(ResourceInvoker invoker)
   at Microsoft.AspNetCore.Mvc.Infrastructure.ResourceInvoker.<InvokeAsync>g__Logged|17_1(ResourceInvoker invoker)
   at Microsoft.AspNetCore.Authorization.AuthorizationMiddleware.Invoke(HttpContext context)
   at Microsoft.AspNetCore.Authentication.AuthenticationMiddleware.Invoke(HttpContext context)
   at Microsoft.AspNetCore.Diagnostics.ExceptionHandlerMiddlewareImpl.<Invoke>g__Awaited|10_0(ExceptionHandlerMiddlewareImpl middleware, HttpContext context, Task task)
ClientConnectionId :5ed001b1-76c1-4b7e-92a0-c47bb22a4552
Error Number :50005,State :1,Class :16
2026-07-28 10:35:53.887 +02:00[ERR] - HTTP GET /api/Appointment/1 responded 500 in 6.7762 ms {"UserId":"7","RemoteIP":"::1","SourceContext":"Serilog.AspNetCore.RequestLoggingMiddleware","RequestId":"0HNNCFP57SN1T:0000000B","ConnectionId":"0HNNCFP57SN1T","Application":"PetHealth.API","AppEnv":"Development"}
2026-07-28 10:35:53.887 +02:00[ERR] - HTTP GET /api/Appointment/2 responded 500 in 7.1581 ms {"UserId":"7","RemoteIP":"::1","SourceContext":"Serilog.AspNetCore.RequestLoggingMiddleware","RequestId":"0HNNCFP57SN1S:0000000A","ConnectionId":"0HNNCFP57SN1S","Application":"PetHealth.API","AppEnv":"Development"}
2026-07-28 10:40:52.199 +02:00[INF] - HTTP GET /api/Pet/my-pets responded 200 in 11.6618 ms {"UserId":"7","RemoteIP":"::1","SourceContext":"Serilog.AspNetCore.RequestLoggingMiddleware","RequestId":"0HNNCFP57SN1U:00000002","ConnectionId":"0HNNCFP57SN1U","Application":"PetHealth.API","AppEnv":"Development"}
2026-07-28 10:40:52.864 +02:00[INF] - HTTP GET /api/Pet/my-pets responded 200 in 5.3357 ms {"UserId":"7","RemoteIP":"::1","SourceContext":"Serilog.AspNetCore.RequestLoggingMiddleware","RequestId":"0HNNCFP57SN1U:00000003","ConnectionId":"0HNNCFP57SN1U","Application":"PetHealth.API","AppEnv":"Development"}
2026-07-28 10:40:52.872 +02:00[FTL] - Unhandled exception occurred {"SourceContext":"API_PetHealth.Middlewares.GlobalExceptionHandler","RequestId":"0HNNCFP57SN1V:00000002","RequestPath":"/api/Appointment/1","ConnectionId":"0HNNCFP57SN1V","Application":"PetHealth.API","AppEnv":"Development"}
Microsoft.Data.SqlClient.SqlException (0x80131904): You are not authorized to view Appointments.
   at System.Threading.Tasks.ContinuationResultTaskFromResultTask`2.InnerInvoke()
   at System.Threading.ExecutionContext.RunInternal(ExecutionContext executionContext, ContextCallback callback, Object state)
--- End of stack trace from previous location ---
   at System.Threading.ExecutionContext.RunInternal(ExecutionContext executionContext, ContextCallback callback, Object state)
   at System.Threading.Tasks.Task.ExecuteWithThreadLocal(Task& currentTaskSlot, Thread threadPoolThread)
--- End of stack trace from previous location ---
   at Dapper.SqlMapper.QueryAsync[T](IDbConnection cnn, Type effectiveType, CommandDefinition command) in /_/Dapper/SqlMapper.Async.cs:line 434
   at PetHealth.Infrastructure.Services.AppointmentService.Execute(GetByPetIdAppointmentQueryAsync query) in /Users/jordanmal/Documents/Projet Développement /PetHealthApplication/API/API_PetHealth/PetHealth.Infrastructure/Services/AppointmentService.cs:line 39
   at API_PetHealth.Controllers.AppointmentController.GetAppointmentsByPetId(Int32 petId) in /Users/jordanmal/Documents/Projet Développement /PetHealthApplication/API/API_PetHealth/PetHealth.API/Controllers/AppointmentController.cs:line 39
   at lambda_method73(Closure, Object)
   at Microsoft.AspNetCore.Mvc.Infrastructure.ActionMethodExecutor.AwaitableObjectResultExecutor.Execute(ActionContext actionContext, IActionResultTypeMapper mapper, ObjectMethodExecutor executor, Object controller, Object[] arguments)
   at Microsoft.AspNetCore.Mvc.Infrastructure.ControllerActionInvoker.<InvokeActionMethodAsync>g__Logged|12_1(ControllerActionInvoker invoker)
   at Microsoft.AspNetCore.Mvc.Infrastructure.ControllerActionInvoker.<InvokeNextActionFilterAsync>g__Awaited|10_0(ControllerActionInvoker invoker, Task lastTask, State next, Scope scope, Object state, Boolean isCompleted)
   at Microsoft.AspNetCore.Mvc.Infrastructure.ControllerActionInvoker.Rethrow(ActionExecutedContextSealed context)
   at Microsoft.AspNetCore.Mvc.Infrastructure.ControllerActionInvoker.Next(State& next, Scope& scope, Object& state, Boolean& isCompleted)
   at Microsoft.AspNetCore.Mvc.Infrastructure.ControllerActionInvoker.<InvokeInnerFilterAsync>g__Awaited|13_0(ControllerActionInvoker invoker, Task lastTask, State next, Scope scope, Object state, Boolean isCompleted)
   at Microsoft.AspNetCore.Mvc.Infrastructure.ResourceInvoker.<InvokeFilterPipelineAsync>g__Awaited|20_0(ResourceInvoker invoker, Task lastTask, State next, Scope scope, Object state, Boolean isCompleted)
   at Microsoft.AspNetCore.Mvc.Infrastructure.ResourceInvoker.<InvokeAsync>g__Logged|17_1(ResourceInvoker invoker)
   at Microsoft.AspNetCore.Mvc.Infrastructure.ResourceInvoker.<InvokeAsync>g__Logged|17_1(ResourceInvoker invoker)
   at Microsoft.AspNetCore.Authorization.AuthorizationMiddleware.Invoke(HttpContext context)
   at Microsoft.AspNetCore.Authentication.AuthenticationMiddleware.Invoke(HttpContext context)
   at Microsoft.AspNetCore.Diagnostics.ExceptionHandlerMiddlewareImpl.<Invoke>g__Awaited|10_0(ExceptionHandlerMiddlewareImpl middleware, HttpContext context, Task task)
ClientConnectionId :47400784-8eb7-4a10-b4b6-d7ab51ae03d3
Error Number :50005,State :1,Class :16
2026-07-28 10:40:52.872 +02:00[FTL] - Unhandled exception occurred {"SourceContext":"API_PetHealth.Middlewares.GlobalExceptionHandler","RequestId":"0HNNCFP57SN1U:00000005","RequestPath":"/api/Appointment/2","ConnectionId":"0HNNCFP57SN1U","Application":"PetHealth.API","AppEnv":"Development"}
Microsoft.Data.SqlClient.SqlException (0x80131904): You are not authorized to view Appointments.
   at System.Threading.Tasks.ContinuationResultTaskFromResultTask`2.InnerInvoke()
   at System.Threading.ExecutionContext.RunInternal(ExecutionContext executionContext, ContextCallback callback, Object state)
--- End of stack trace from previous location ---
   at System.Threading.ExecutionContext.RunInternal(ExecutionContext executionContext, ContextCallback callback, Object state)
   at System.Threading.Tasks.Task.ExecuteWithThreadLocal(Task& currentTaskSlot, Thread threadPoolThread)
--- End of stack trace from previous location ---
   at Dapper.SqlMapper.QueryAsync[T](IDbConnection cnn, Type effectiveType, CommandDefinition command) in /_/Dapper/SqlMapper.Async.cs:line 434
   at PetHealth.Infrastructure.Services.AppointmentService.Execute(GetByPetIdAppointmentQueryAsync query) in /Users/jordanmal/Documents/Projet Développement /PetHealthApplication/API/API_PetHealth/PetHealth.Infrastructure/Services/AppointmentService.cs:line 39
   at API_PetHealth.Controllers.AppointmentController.GetAppointmentsByPetId(Int32 petId) in /Users/jordanmal/Documents/Projet Développement /PetHealthApplication/API/API_PetHealth/PetHealth.API/Controllers/AppointmentController.cs:line 39
   at lambda_method73(Closure, Object)
   at Microsoft.AspNetCore.Mvc.Infrastructure.ActionMethodExecutor.AwaitableObjectResultExecutor.Execute(ActionContext actionContext, IActionResultTypeMapper mapper, ObjectMethodExecutor executor, Object controller, Object[] arguments)
   at Microsoft.AspNetCore.Mvc.Infrastructure.ControllerActionInvoker.<InvokeActionMethodAsync>g__Logged|12_1(ControllerActionInvoker invoker)
   at Microsoft.AspNetCore.Mvc.Infrastructure.ControllerActionInvoker.<InvokeNextActionFilterAsync>g__Awaited|10_0(ControllerActionInvoker invoker, Task lastTask, State next, Scope scope, Object state, Boolean isCompleted)
   at Microsoft.AspNetCore.Mvc.Infrastructure.ControllerActionInvoker.Rethrow(ActionExecutedContextSealed context)
   at Microsoft.AspNetCore.Mvc.Infrastructure.ControllerActionInvoker.Next(State& next, Scope& scope, Object& state, Boolean& isCompleted)
   at Microsoft.AspNetCore.Mvc.Infrastructure.ControllerActionInvoker.<InvokeInnerFilterAsync>g__Awaited|13_0(ControllerActionInvoker invoker, Task lastTask, State next, Scope scope, Object state, Boolean isCompleted)
   at Microsoft.AspNetCore.Mvc.Infrastructure.ResourceInvoker.<InvokeFilterPipelineAsync>g__Awaited|20_0(ResourceInvoker invoker, Task lastTask, State next, Scope scope, Object state, Boolean isCompleted)
   at Microsoft.AspNetCore.Mvc.Infrastructure.ResourceInvoker.<InvokeAsync>g__Logged|17_1(ResourceInvoker invoker)
   at Microsoft.AspNetCore.Mvc.Infrastructure.ResourceInvoker.<InvokeAsync>g__Logged|17_1(ResourceInvoker invoker)
   at Microsoft.AspNetCore.Authorization.AuthorizationMiddleware.Invoke(HttpContext context)
   at Microsoft.AspNetCore.Authentication.AuthenticationMiddleware.Invoke(HttpContext context)
   at Microsoft.AspNetCore.Diagnostics.ExceptionHandlerMiddlewareImpl.<Invoke>g__Awaited|10_0(ExceptionHandlerMiddlewareImpl middleware, HttpContext context, Task task)
ClientConnectionId :5ed001b1-76c1-4b7e-92a0-c47bb22a4552
Error Number :50005,State :1,Class :16
2026-07-28 10:40:52.878 +02:00[ERR] - HTTP GET /api/Appointment/2 responded 500 in 11.6033 ms {"UserId":"7","RemoteIP":"::1","SourceContext":"Serilog.AspNetCore.RequestLoggingMiddleware","RequestId":"0HNNCFP57SN1U:00000005","ConnectionId":"0HNNCFP57SN1U","Application":"PetHealth.API","AppEnv":"Development"}
2026-07-28 10:40:52.878 +02:00[ERR] - HTTP GET /api/Appointment/1 responded 500 in 11.6030 ms {"UserId":"7","RemoteIP":"::1","SourceContext":"Serilog.AspNetCore.RequestLoggingMiddleware","RequestId":"0HNNCFP57SN1V:00000002","ConnectionId":"0HNNCFP57SN1V","Application":"PetHealth.API","AppEnv":"Development"}
2026-07-28 10:41:53.922 +02:00[INF] - HTTP POST /Login responded 404 in 27.2033 ms {"UserId":"Anonymous","RemoteIP":"::1","SourceContext":"Serilog.AspNetCore.RequestLoggingMiddleware","RequestId":"0HNNCFP57SN20:00000001","ConnectionId":"0HNNCFP57SN20","Application":"PetHealth.API","AppEnv":"Development"}
2026-07-28 10:43:29.398 +02:00[INF] - Application started {"Application":"PetHealth.API","AppEnv":"Development"}
2026-07-28 10:43:31.408 +02:00[INF] - HTTP GET /api/Pet/my-pets responded 200 in 155.1497 ms {"UserId":"7","RemoteIP":"::1","SourceContext":"Serilog.AspNetCore.RequestLoggingMiddleware","RequestId":"0HNNCGH6MMIRD:00000002","ConnectionId":"0HNNCGH6MMIRD","Application":"PetHealth.API","AppEnv":"Development"}
2026-07-28 10:43:31.450 +02:00[INF] - HTTP GET /api/Appointment/2 responded 200 in 35.1292 ms {"UserId":"7","RemoteIP":"::1","SourceContext":"Serilog.AspNetCore.RequestLoggingMiddleware","RequestId":"0HNNCGH6MMIRE:00000002","ConnectionId":"0HNNCGH6MMIRE","Application":"PetHealth.API","AppEnv":"Development"}
2026-07-28 10:43:31.450 +02:00[INF] - HTTP GET /api/Appointment/1 responded 200 in 34.2644 ms {"UserId":"7","RemoteIP":"::1","SourceContext":"Serilog.AspNetCore.RequestLoggingMiddleware","RequestId":"0HNNCGH6MMIRD:00000004","ConnectionId":"0HNNCGH6MMIRD","Application":"PetHealth.API","AppEnv":"Development"}
2026-07-28 10:45:35.634 +02:00[INF] - HTTP GET /api/Pet/my-pets responded 200 in 30.7623 ms {"UserId":"7","RemoteIP":"::1","SourceContext":"Serilog.AspNetCore.RequestLoggingMiddleware","RequestId":"0HNNCGH6MMIRD:00000006","ConnectionId":"0HNNCGH6MMIRD","Application":"PetHealth.API","AppEnv":"Development"}
2026-07-28 10:45:36.462 +02:00[INF] - HTTP GET /api/AppUser/me responded 200 in 26.8788 ms {"UserId":"7","RemoteIP":"::1","SourceContext":"Serilog.AspNetCore.RequestLoggingMiddleware","RequestId":"0HNNCGH6MMIRD:00000008","ConnectionId":"0HNNCGH6MMIRD","Application":"PetHealth.API","AppEnv":"Development"}
2026-07-28 10:45:37.495 +02:00[INF] - HTTP GET /api/Pet/my-pets responded 200 in 5.9569 ms {"UserId":"7","RemoteIP":"::1","SourceContext":"Serilog.AspNetCore.RequestLoggingMiddleware","RequestId":"0HNNCGH6MMIRD:00000009","ConnectionId":"0HNNCGH6MMIRD","Application":"PetHealth.API","AppEnv":"Development"}
2026-07-28 10:45:38.077 +02:00[INF] - HTTP GET /api/Pet/my-pets responded 200 in 4.5240 ms {"UserId":"7","RemoteIP":"::1","SourceContext":"Serilog.AspNetCore.RequestLoggingMiddleware","RequestId":"0HNNCGH6MMIRD:0000000A","ConnectionId":"0HNNCGH6MMIRD","Application":"PetHealth.API","AppEnv":"Development"}
2026-07-28 10:45:38.087 +02:00[INF] - HTTP GET /api/Appointment/2 responded 200 in 7.3590 ms {"UserId":"7","RemoteIP":"::1","SourceContext":"Serilog.AspNetCore.RequestLoggingMiddleware","RequestId":"0HNNCGH6MMIRE:00000004","ConnectionId":"0HNNCGH6MMIRE","Application":"PetHealth.API","AppEnv":"Development"}
2026-07-28 10:45:38.088 +02:00[INF] - HTTP GET /api/Appointment/1 responded 200 in 8.3796 ms {"UserId":"7","RemoteIP":"::1","SourceContext":"Serilog.AspNetCore.RequestLoggingMiddleware","RequestId":"0HNNCGH6MMIRD:0000000C","ConnectionId":"0HNNCGH6MMIRD","Application":"PetHealth.API","AppEnv":"Development"}
2026-07-28 10:48:19.599 +02:00[INF] - HTTP GET /api/Pet/my-pets responded 200 in 14.7297 ms {"UserId":"7","RemoteIP":"::1","SourceContext":"Serilog.AspNetCore.RequestLoggingMiddleware","RequestId":"0HNNCGH6MMIRF:00000002","ConnectionId":"0HNNCGH6MMIRF","Application":"PetHealth.API","AppEnv":"Development"}
2026-07-28 10:48:19.617 +02:00[INF] - HTTP GET /api/Appointment/2 responded 200 in 14.7870 ms {"UserId":"7","RemoteIP":"::1","SourceContext":"Serilog.AspNetCore.RequestLoggingMiddleware","RequestId":"0HNNCGH6MMIRF:00000004","ConnectionId":"0HNNCGH6MMIRF","Application":"PetHealth.API","AppEnv":"Development"}
2026-07-28 10:48:19.617 +02:00[INF] - HTTP GET /api/Appointment/1 responded 200 in 14.7870 ms {"UserId":"7","RemoteIP":"::1","SourceContext":"Serilog.AspNetCore.RequestLoggingMiddleware","RequestId":"0HNNCGH6MMIRG:00000002","ConnectionId":"0HNNCGH6MMIRG","Application":"PetHealth.API","AppEnv":"Development"}
2026-07-28 10:48:42.740 +02:00[INF] - HTTP GET /api/Pet/my-pets responded 200 in 7.1389 ms {"UserId":"7","RemoteIP":"::1","SourceContext":"Serilog.AspNetCore.RequestLoggingMiddleware","RequestId":"0HNNCGH6MMIRG:00000004","ConnectionId":"0HNNCGH6MMIRG","Application":"PetHealth.API","AppEnv":"Development"}
2026-07-28 10:48:42.751 +02:00[INF] - HTTP GET /api/Appointment/2 responded 200 in 6.4332 ms {"UserId":"7","RemoteIP":"::1","SourceContext":"Serilog.AspNetCore.RequestLoggingMiddleware","RequestId":"0HNNCGH6MMIRG:00000006","ConnectionId":"0HNNCGH6MMIRG","Application":"PetHealth.API","AppEnv":"Development"}
2026-07-28 10:48:42.751 +02:00[INF] - HTTP GET /api/Appointment/1 responded 200 in 6.4333 ms {"UserId":"7","RemoteIP":"::1","SourceContext":"Serilog.AspNetCore.RequestLoggingMiddleware","RequestId":"0HNNCGH6MMIRF:00000006","ConnectionId":"0HNNCGH6MMIRF","Application":"PetHealth.API","AppEnv":"Development"}
2026-07-28 10:49:07.400 +02:00[INF] - HTTP GET /api/Pet/my-pets responded 200 in 16.1524 ms {"UserId":"7","RemoteIP":"::1","SourceContext":"Serilog.AspNetCore.RequestLoggingMiddleware","RequestId":"0HNNCGH6MMIRG:00000008","ConnectionId":"0HNNCGH6MMIRG","Application":"PetHealth.API","AppEnv":"Development"}
2026-07-28 10:49:07.413 +02:00[INF] - HTTP GET /api/Appointment/2 responded 200 in 10.2204 ms {"UserId":"7","RemoteIP":"::1","SourceContext":"Serilog.AspNetCore.RequestLoggingMiddleware","RequestId":"0HNNCGH6MMIRF:00000008","ConnectionId":"0HNNCGH6MMIRF","Application":"PetHealth.API","AppEnv":"Development"}
2026-07-28 10:49:07.413 +02:00[INF] - HTTP GET /api/Appointment/1 responded 200 in 10.3608 ms {"UserId":"7","RemoteIP":"::1","SourceContext":"Serilog.AspNetCore.RequestLoggingMiddleware","RequestId":"0HNNCGH6MMIRG:0000000A","ConnectionId":"0HNNCGH6MMIRG","Application":"PetHealth.API","AppEnv":"Development"}
2026-07-28 10:49:13.112 +02:00[INF] - HTTP GET /api/Pet/my-pets responded 200 in 4.2248 ms {"UserId":"7","RemoteIP":"::1","SourceContext":"Serilog.AspNetCore.RequestLoggingMiddleware","RequestId":"0HNNCGH6MMIRG:0000000C","ConnectionId":"0HNNCGH6MMIRG","Application":"PetHealth.API","AppEnv":"Development"}
2026-07-28 10:49:13.119 +02:00[INF] - HTTP GET /api/Appointment/2 responded 200 in 4.8150 ms {"UserId":"7","RemoteIP":"::1","SourceContext":"Serilog.AspNetCore.RequestLoggingMiddleware","RequestId":"0HNNCGH6MMIRG:0000000E","ConnectionId":"0HNNCGH6MMIRG","Application":"PetHealth.API","AppEnv":"Development"}
2026-07-28 10:49:13.119 +02:00[INF] - HTTP GET /api/Appointment/1 responded 200 in 4.8144 ms {"UserId":"7","RemoteIP":"::1","SourceContext":"Serilog.AspNetCore.RequestLoggingMiddleware","RequestId":"0HNNCGH6MMIRF:0000000A","ConnectionId":"0HNNCGH6MMIRF","Application":"PetHealth.API","AppEnv":"Development"}
2026-07-28 10:49:21.015 +02:00[INF] - HTTP GET /api/Pet/my-pets responded 200 in 4.6872 ms {"UserId":"7","RemoteIP":"::1","SourceContext":"Serilog.AspNetCore.RequestLoggingMiddleware","RequestId":"0HNNCGH6MMIRF:0000000C","ConnectionId":"0HNNCGH6MMIRF","Application":"PetHealth.API","AppEnv":"Development"}
2026-07-28 10:49:21.023 +02:00[INF] - HTTP GET /api/Appointment/1 responded 200 in 5.5587 ms {"UserId":"7","RemoteIP":"::1","SourceContext":"Serilog.AspNetCore.RequestLoggingMiddleware","RequestId":"0HNNCGH6MMIRG:00000010","ConnectionId":"0HNNCGH6MMIRG","Application":"PetHealth.API","AppEnv":"Development"}
2026-07-28 10:49:21.023 +02:00[INF] - HTTP GET /api/Appointment/2 responded 200 in 5.6159 ms {"UserId":"7","RemoteIP":"::1","SourceContext":"Serilog.AspNetCore.RequestLoggingMiddleware","RequestId":"0HNNCGH6MMIRF:0000000E","ConnectionId":"0HNNCGH6MMIRF","Application":"PetHealth.API","AppEnv":"Development"}
2026-07-28 10:49:22.229 +02:00[INF] - HTTP GET /api/Pet/my-pets responded 200 in 9.4336 ms {"UserId":"7","RemoteIP":"::1","SourceContext":"Serilog.AspNetCore.RequestLoggingMiddleware","RequestId":"0HNNCGH6MMIRF:0000000F","ConnectionId":"0HNNCGH6MMIRF","Application":"PetHealth.API","AppEnv":"Development"}
2026-07-28 10:49:22.834 +02:00[INF] - HTTP GET /api/Pet/my-pets responded 200 in 2.9207 ms {"UserId":"7","RemoteIP":"::1","SourceContext":"Serilog.AspNetCore.RequestLoggingMiddleware","RequestId":"0HNNCGH6MMIRF:00000010","ConnectionId":"0HNNCGH6MMIRF","Application":"PetHealth.API","AppEnv":"Development"}
2026-07-28 10:49:22.840 +02:00[INF] - HTTP GET /api/Appointment/2 responded 200 in 4.3580 ms {"UserId":"7","RemoteIP":"::1","SourceContext":"Serilog.AspNetCore.RequestLoggingMiddleware","RequestId":"0HNNCGH6MMIRG:00000011","ConnectionId":"0HNNCGH6MMIRG","Application":"PetHealth.API","AppEnv":"Development"}
2026-07-28 10:49:22.840 +02:00[INF] - HTTP GET /api/Appointment/1 responded 200 in 4.3689 ms {"UserId":"7","RemoteIP":"::1","SourceContext":"Serilog.AspNetCore.RequestLoggingMiddleware","RequestId":"0HNNCGH6MMIRF:00000011","ConnectionId":"0HNNCGH6MMIRF","Application":"PetHealth.API","AppEnv":"Development"}
2026-07-28 10:52:10.914 +02:00[INF] - HTTP GET /api/Pet/my-pets responded 200 in 10.2192 ms {"UserId":"7","RemoteIP":"::1","SourceContext":"Serilog.AspNetCore.RequestLoggingMiddleware","RequestId":"0HNNCGH6MMIRJ:00000002","ConnectionId":"0HNNCGH6MMIRJ","Application":"PetHealth.API","AppEnv":"Development"}
2026-07-28 10:52:10.922 +02:00[INF] - HTTP GET /api/Appointment/2 responded 200 in 6.0174 ms {"UserId":"7","RemoteIP":"::1","SourceContext":"Serilog.AspNetCore.RequestLoggingMiddleware","RequestId":"0HNNCGH6MMIRK:00000002","ConnectionId":"0HNNCGH6MMIRK","Application":"PetHealth.API","AppEnv":"Development"}
2026-07-28 10:52:10.922 +02:00[INF] - HTTP GET /api/Appointment/1 responded 200 in 6.0368 ms {"UserId":"7","RemoteIP":"::1","SourceContext":"Serilog.AspNetCore.RequestLoggingMiddleware","RequestId":"0HNNCGH6MMIRJ:00000004","ConnectionId":"0HNNCGH6MMIRJ","Application":"PetHealth.API","AppEnv":"Development"}
2026-07-28 10:52:21.681 +02:00[INF] - Application started {"Application":"PetHealth.API","AppEnv":"Development"}
2026-07-28 10:52:26.077 +02:00[INF] - HTTP GET /api/Pet/my-pets responded 200 in 164.2836 ms {"UserId":"7","RemoteIP":"::1","SourceContext":"Serilog.AspNetCore.RequestLoggingMiddleware","RequestId":"0HNNCGM61HLPV:00000002","ConnectionId":"0HNNCGM61HLPV","Application":"PetHealth.API","AppEnv":"Development"}
2026-07-28 10:52:26.816 +02:00[INF] - HTTP GET /api/Pet/my-pets responded 200 in 6.5766 ms {"UserId":"7","RemoteIP":"::1","SourceContext":"Serilog.AspNetCore.RequestLoggingMiddleware","RequestId":"0HNNCGM61HLPV:00000003","ConnectionId":"0HNNCGM61HLPV","Application":"PetHealth.API","AppEnv":"Development"}
2026-07-28 10:52:26.861 +02:00[INF] - HTTP GET /api/Appointment/2 responded 200 in 39.9508 ms {"UserId":"7","RemoteIP":"::1","SourceContext":"Serilog.AspNetCore.RequestLoggingMiddleware","RequestId":"0HNNCGM61HLPV:00000005","ConnectionId":"0HNNCGM61HLPV","Application":"PetHealth.API","AppEnv":"Development"}
2026-07-28 10:52:26.861 +02:00[INF] - HTTP GET /api/Appointment/1 responded 200 in 39.9509 ms {"UserId":"7","RemoteIP":"::1","SourceContext":"Serilog.AspNetCore.RequestLoggingMiddleware","RequestId":"0HNNCGM61HLQ0:00000002","ConnectionId":"0HNNCGM61HLQ0","Application":"PetHealth.API","AppEnv":"Development"}
2026-07-28 10:55:47.464 +02:00[INF] - Application started {"Application":"PetHealth.API","AppEnv":"Development"}
2026-07-28 10:55:49.625 +02:00[INF] - HTTP GET /api/Pet/my-pets responded 200 in 163.6165 ms {"UserId":"7","RemoteIP":"::1","SourceContext":"Serilog.AspNetCore.RequestLoggingMiddleware","RequestId":"0HNNCGO2MO9RD:00000002","ConnectionId":"0HNNCGO2MO9RD","Application":"PetHealth.API","AppEnv":"Development"}
2026-07-28 10:55:49.671 +02:00[INF] - HTTP GET /api/Appointment/1 responded 200 in 38.0445 ms {"UserId":"7","RemoteIP":"::1","SourceContext":"Serilog.AspNetCore.RequestLoggingMiddleware","RequestId":"0HNNCGO2MO9RD:00000004","ConnectionId":"0HNNCGO2MO9RD","Application":"PetHealth.API","AppEnv":"Development"}
2026-07-28 10:55:49.671 +02:00[INF] - HTTP GET /api/Appointment/2 responded 200 in 38.1381 ms {"UserId":"7","RemoteIP":"::1","SourceContext":"Serilog.AspNetCore.RequestLoggingMiddleware","RequestId":"0HNNCGO2MO9RE:00000002","ConnectionId":"0HNNCGO2MO9RE","Application":"PetHealth.API","AppEnv":"Development"}
2026-07-28 10:56:02.882 +02:00[INF] - HTTP GET /api/Pet/my-pets responded 200 in 15.7108 ms {"UserId":"7","RemoteIP":"::1","SourceContext":"Serilog.AspNetCore.RequestLoggingMiddleware","RequestId":"0HNNCGO2MO9RE:00000004","ConnectionId":"0HNNCGO2MO9RE","Application":"PetHealth.API","AppEnv":"Development"}
2026-07-28 10:56:03.588 +02:00[INF] - HTTP GET /api/AppUser/me responded 200 in 32.4130 ms {"UserId":"7","RemoteIP":"::1","SourceContext":"Serilog.AspNetCore.RequestLoggingMiddleware","RequestId":"0HNNCGO2MO9RE:00000006","ConnectionId":"0HNNCGO2MO9RE","Application":"PetHealth.API","AppEnv":"Development"}
2026-07-28 12:28:39.829 +02:00[INF] - HTTP GET /api/AppUser/me responded 200 in 38.1568 ms {"UserId":"7","RemoteIP":"::1","SourceContext":"Serilog.AspNetCore.RequestLoggingMiddleware","RequestId":"0HNNCGO2MO9RH:00000002","ConnectionId":"0HNNCGO2MO9RH","Application":"PetHealth.API","AppEnv":"Development"}
2026-07-28 12:28:46.274 +02:00[INF] - HTTP GET /api/Pet/my-pets responded 200 in 7.3503 ms {"UserId":"7","RemoteIP":"::1","SourceContext":"Serilog.AspNetCore.RequestLoggingMiddleware","RequestId":"0HNNCGO2MO9RH:00000004","ConnectionId":"0HNNCGO2MO9RH","Application":"PetHealth.API","AppEnv":"Development"}
2026-07-28 12:28:47.877 +02:00[INF] - HTTP GET /api/Pet/my-pets responded 200 in 3.4551 ms {"UserId":"7","RemoteIP":"::1","SourceContext":"Serilog.AspNetCore.RequestLoggingMiddleware","RequestId":"0HNNCGO2MO9RH:00000005","ConnectionId":"0HNNCGO2MO9RH","Application":"PetHealth.API","AppEnv":"Development"}
2026-07-28 12:28:47.889 +02:00[INF] - HTTP GET /api/Appointment/1 responded 200 in 8.7657 ms {"UserId":"7","RemoteIP":"::1","SourceContext":"Serilog.AspNetCore.RequestLoggingMiddleware","RequestId":"0HNNCGO2MO9RI:00000002","ConnectionId":"0HNNCGO2MO9RI","Application":"PetHealth.API","AppEnv":"Development"}
2026-07-28 12:28:47.906 +02:00[INF] - HTTP GET /api/Appointment/2 responded 200 in 25.6744 ms {"UserId":"7","RemoteIP":"::1","SourceContext":"Serilog.AspNetCore.RequestLoggingMiddleware","RequestId":"0HNNCGO2MO9RH:00000007","ConnectionId":"0HNNCGO2MO9RH","Application":"PetHealth.API","AppEnv":"Development"}
2026-07-28 12:29:02.344 +02:00[INF] - HTTP GET /api/Pet/my-pets responded 200 in 4.5167 ms {"UserId":"7","RemoteIP":"::1","SourceContext":"Serilog.AspNetCore.RequestLoggingMiddleware","RequestId":"0HNNCGO2MO9RH:00000009","ConnectionId":"0HNNCGO2MO9RH","Application":"PetHealth.API","AppEnv":"Development"}
2026-07-28 12:29:03.269 +02:00[INF] - HTTP GET /api/AppUser/me responded 200 in 4.8318 ms {"UserId":"7","RemoteIP":"::1","SourceContext":"Serilog.AspNetCore.RequestLoggingMiddleware","RequestId":"0HNNCGO2MO9RH:0000000B","ConnectionId":"0HNNCGO2MO9RH","Application":"PetHealth.API","AppEnv":"Development"}
2026-07-28 12:29:06.575 +02:00[INF] - HTTP GET /api/Pet/my-pets responded 200 in 3.4416 ms {"UserId":"7","RemoteIP":"::1","SourceContext":"Serilog.AspNetCore.RequestLoggingMiddleware","RequestId":"0HNNCGO2MO9RH:0000000C","ConnectionId":"0HNNCGO2MO9RH","Application":"PetHealth.API","AppEnv":"Development"}
2026-07-28 12:29:07.299 +02:00[INF] - HTTP GET /api/Pet/my-pets responded 200 in 2.3702 ms {"UserId":"7","RemoteIP":"::1","SourceContext":"Serilog.AspNetCore.RequestLoggingMiddleware","RequestId":"0HNNCGO2MO9RH:0000000D","ConnectionId":"0HNNCGO2MO9RH","Application":"PetHealth.API","AppEnv":"Development"}
2026-07-28 12:29:07.305 +02:00[INF] - HTTP GET /api/Appointment/1 responded 200 in 3.8730 ms {"UserId":"7","RemoteIP":"::1","SourceContext":"Serilog.AspNetCore.RequestLoggingMiddleware","RequestId":"0HNNCGO2MO9RI:00000004","ConnectionId":"0HNNCGO2MO9RI","Application":"PetHealth.API","AppEnv":"Development"}
2026-07-28 12:29:07.305 +02:00[INF] - HTTP GET /api/Appointment/2 responded 200 in 3.8727 ms {"UserId":"7","RemoteIP":"::1","SourceContext":"Serilog.AspNetCore.RequestLoggingMiddleware","RequestId":"0HNNCGO2MO9RH:0000000F","ConnectionId":"0HNNCGO2MO9RH","Application":"PetHealth.API","AppEnv":"Development"}
2026-07-28 12:29:10.276 +02:00[INF] - HTTP GET /api/Pet/my-pets responded 200 in 3.3729 ms {"UserId":"7","RemoteIP":"::1","SourceContext":"Serilog.AspNetCore.RequestLoggingMiddleware","RequestId":"0HNNCGO2MO9RI:00000006","ConnectionId":"0HNNCGO2MO9RI","Application":"PetHealth.API","AppEnv":"Development"}
2026-07-28 12:29:11.126 +02:00[INF] - HTTP GET /api/Pet/1 responded 200 in 31.2512 ms {"UserId":"7","RemoteIP":"::1","SourceContext":"Serilog.AspNetCore.RequestLoggingMiddleware","RequestId":"0HNNCGO2MO9RI:00000008","ConnectionId":"0HNNCGO2MO9RI","Application":"PetHealth.API","AppEnv":"Development"}
2026-07-28 12:29:19.300 +02:00[INF] - HTTP GET /api/Pet/1 responded 200 in 4.2404 ms {"UserId":"7","RemoteIP":"::1","SourceContext":"Serilog.AspNetCore.RequestLoggingMiddleware","RequestId":"0HNNCGO2MO9RH:00000011","ConnectionId":"0HNNCGO2MO9RH","Application":"PetHealth.API","AppEnv":"Development"}
2026-07-28 12:29:19.331 +02:00[INF] - HTTP GET /api/WeightRecord/1 responded 200 in 35.4483 ms {"UserId":"7","RemoteIP":"::1","SourceContext":"Serilog.AspNetCore.RequestLoggingMiddleware","RequestId":"0HNNCGO2MO9RI:0000000A","ConnectionId":"0HNNCGO2MO9RI","Application":"PetHealth.API","AppEnv":"Development"}
2026-07-28 12:29:45.216 +02:00[INF] - HTTP GET /api/AppUser/me responded 200 in 3.3092 ms {"UserId":"7","RemoteIP":"::1","SourceContext":"Serilog.AspNetCore.RequestLoggingMiddleware","RequestId":"0HNNCGO2MO9RI:0000000C","ConnectionId":"0HNNCGO2MO9RI","Application":"PetHealth.API","AppEnv":"Development"}
2026-07-28 12:29:49.163 +02:00[INF] - HTTP GET /api/AppUser/me responded 200 in 3.3581 ms {"UserId":"7","RemoteIP":"::1","SourceContext":"Serilog.AspNetCore.RequestLoggingMiddleware","RequestId":"0HNNCGO2MO9RI:0000000D","ConnectionId":"0HNNCGO2MO9RI","Application":"PetHealth.API","AppEnv":"Development"}
2026-07-28 12:29:51.894 +02:00[INF] - HTTP GET /api/AppUser/me responded 200 in 3.3521 ms {"UserId":"7","RemoteIP":"::1","SourceContext":"Serilog.AspNetCore.RequestLoggingMiddleware","RequestId":"0HNNCGO2MO9RI:0000000F","ConnectionId":"0HNNCGO2MO9RI","Application":"PetHealth.API","AppEnv":"Development"}
2026-07-28 12:29:53.135 +02:00[INF] - HTTP GET /api/Pet/my-pets responded 200 in 2.9236 ms {"UserId":"7","RemoteIP":"::1","SourceContext":"Serilog.AspNetCore.RequestLoggingMiddleware","RequestId":"0HNNCGO2MO9RI:00000011","ConnectionId":"0HNNCGO2MO9RI","Application":"PetHealth.API","AppEnv":"Development"}
2026-07-28 12:29:56.296 +02:00[INF] - HTTP GET /api/Pet/1 responded 200 in 3.8749 ms {"UserId":"7","RemoteIP":"::1","SourceContext":"Serilog.AspNetCore.RequestLoggingMiddleware","RequestId":"0HNNCGO2MO9RI:00000013","ConnectionId":"0HNNCGO2MO9RI","Application":"PetHealth.API","AppEnv":"Development"}
2026-07-28 12:30:00.907 +02:00[INF] - HTTP GET /api/Pet/my-pets responded 200 in 3.4326 ms {"UserId":"7","RemoteIP":"::1","SourceContext":"Serilog.AspNetCore.RequestLoggingMiddleware","RequestId":"0HNNCGO2MO9RI:00000015","ConnectionId":"0HNNCGO2MO9RI","Application":"PetHealth.API","AppEnv":"Development"}
2026-07-28 12:30:01.741 +02:00[INF] - HTTP GET /api/Pet/1 responded 200 in 3.4420 ms {"UserId":"7","RemoteIP":"::1","SourceContext":"Serilog.AspNetCore.RequestLoggingMiddleware","RequestId":"0HNNCGO2MO9RI:00000017","ConnectionId":"0HNNCGO2MO9RI","Application":"PetHealth.API","AppEnv":"Development"}
2026-07-28 12:30:06.903 +02:00[INF] - HTTP GET /api/Pet/1 responded 200 in 3.9993 ms {"UserId":"7","RemoteIP":"::1","SourceContext":"Serilog.AspNetCore.RequestLoggingMiddleware","RequestId":"0HNNCGO2MO9RH:00000013","ConnectionId":"0HNNCGO2MO9RH","Application":"PetHealth.API","AppEnv":"Development"}
2026-07-28 12:30:06.903 +02:00[INF] - HTTP GET /api/WeightRecord/1 responded 200 in 3.9994 ms {"UserId":"7","RemoteIP":"::1","SourceContext":"Serilog.AspNetCore.RequestLoggingMiddleware","RequestId":"0HNNCGO2MO9RI:00000019","ConnectionId":"0HNNCGO2MO9RI","Application":"PetHealth.API","AppEnv":"Development"}
2026-07-28 12:30:08.451 +02:00[INF] - HTTP GET /api/Pet/1 responded 200 in 4.3499 ms {"UserId":"7","RemoteIP":"::1","SourceContext":"Serilog.AspNetCore.RequestLoggingMiddleware","RequestId":"0HNNCGO2MO9RI:0000001A","ConnectionId":"0HNNCGO2MO9RI","Application":"PetHealth.API","AppEnv":"Development"}
2026-07-28 12:30:09.211 +02:00[INF] - HTTP GET /api/WeightRecord/1 responded 200 in 3.3834 ms {"UserId":"7","RemoteIP":"::1","SourceContext":"Serilog.AspNetCore.RequestLoggingMiddleware","RequestId":"0HNNCGO2MO9RH:00000014","ConnectionId":"0HNNCGO2MO9RH","Application":"PetHealth.API","AppEnv":"Development"}
2026-07-28 12:30:09.211 +02:00[INF] - HTTP GET /api/Pet/1 responded 200 in 3.3834 ms {"UserId":"7","RemoteIP":"::1","SourceContext":"Serilog.AspNetCore.RequestLoggingMiddleware","RequestId":"0HNNCGO2MO9RI:0000001B","ConnectionId":"0HNNCGO2MO9RI","Application":"PetHealth.API","AppEnv":"Development"}
2026-07-28 12:30:23.476 +02:00[INF] - HTTP GET /api/Pet/1 responded 200 in 3.2950 ms {"UserId":"7","RemoteIP":"::1","SourceContext":"Serilog.AspNetCore.RequestLoggingMiddleware","RequestId":"0HNNCGO2MO9RI:0000001D","ConnectionId":"0HNNCGO2MO9RI","Application":"PetHealth.API","AppEnv":"Development"}
2026-07-28 12:30:25.604 +02:00[INF] - HTTP GET /api/Pet/my-pets responded 200 in 3.4425 ms {"UserId":"7","RemoteIP":"::1","SourceContext":"Serilog.AspNetCore.RequestLoggingMiddleware","RequestId":"0HNNCGO2MO9RI:0000001F","ConnectionId":"0HNNCGO2MO9RI","Application":"PetHealth.API","AppEnv":"Development"}
2026-07-28 12:30:25.612 +02:00[INF] - HTTP GET /api/Appointment/1 responded 200 in 3.9105 ms {"UserId":"7","RemoteIP":"::1","SourceContext":"Serilog.AspNetCore.RequestLoggingMiddleware","RequestId":"0HNNCGO2MO9RH:00000016","ConnectionId":"0HNNCGO2MO9RH","Application":"PetHealth.API","AppEnv":"Development"}
2026-07-28 12:30:25.612 +02:00[INF] - HTTP GET /api/Appointment/2 responded 200 in 3.9106 ms {"UserId":"7","RemoteIP":"::1","SourceContext":"Serilog.AspNetCore.RequestLoggingMiddleware","RequestId":"0HNNCGO2MO9RI:00000021","ConnectionId":"0HNNCGO2MO9RI","Application":"PetHealth.API","AppEnv":"Development"}
2026-07-28 12:30:58.886 +02:00[INF] - HTTP POST /Login responded 200 in 71.7460 ms {"UserId":"Anonymous","RemoteIP":"::1","SourceContext":"Serilog.AspNetCore.RequestLoggingMiddleware","RequestId":"0HNNCGO2MO9RI:00000023","ConnectionId":"0HNNCGO2MO9RI","Application":"PetHealth.API","AppEnv":"Development"}
2026-07-28 12:31:03.686 +02:00[INF] - HTTP GET /api/AppUser/me responded 200 in 3.7139 ms {"UserId":"1","RemoteIP":"::1","SourceContext":"Serilog.AspNetCore.RequestLoggingMiddleware","RequestId":"0HNNCGO2MO9RI:00000025","ConnectionId":"0HNNCGO2MO9RI","Application":"PetHealth.API","AppEnv":"Development"}
2026-07-28 12:31:06.377 +02:00[INF] - HTTP GET /api/Pet/my-pets responded 404 in 5.2213 ms {"UserId":"1","RemoteIP":"::1","SourceContext":"Serilog.AspNetCore.RequestLoggingMiddleware","RequestId":"0HNNCGO2MO9RI:00000027","ConnectionId":"0HNNCGO2MO9RI","Application":"PetHealth.API","AppEnv":"Development"}
2026-07-28 12:31:09.448 +02:00[INF] - HTTP GET /api/Pet responded 200 in 22.3030 ms {"UserId":"1","RemoteIP":"::1","SourceContext":"Serilog.AspNetCore.RequestLoggingMiddleware","RequestId":"0HNNCGO2MO9RJ:00000001","ConnectionId":"0HNNCGO2MO9RJ","Application":"PetHealth.API","AppEnv":"Development"}
2026-07-28 12:31:09.452 +02:00[INF] - HTTP GET /api/Appointment responded 200 in 26.4475 ms {"UserId":"1","RemoteIP":"::1","SourceContext":"Serilog.AspNetCore.RequestLoggingMiddleware","RequestId":"0HNNCGO2MO9RH:00000018","ConnectionId":"0HNNCGO2MO9RH","Application":"PetHealth.API","AppEnv":"Development"}
2026-07-28 12:31:09.473 +02:00[INF] - HTTP GET /api/AppUser responded 200 in 47.3661 ms {"UserId":"1","RemoteIP":"::1","SourceContext":"Serilog.AspNetCore.RequestLoggingMiddleware","RequestId":"0HNNCGO2MO9RI:0000002A","ConnectionId":"0HNNCGO2MO9RI","Application":"PetHealth.API","AppEnv":"Development"}
2026-07-28 12:31:51.692 +02:00[INF] - HTTP GET /api/Prescription responded 200 in 20.5036 ms {"UserId":"1","RemoteIP":"::1","SourceContext":"Serilog.AspNetCore.RequestLoggingMiddleware","RequestId":"0HNNCGO2MO9RI:0000002C","ConnectionId":"0HNNCGO2MO9RI","Application":"PetHealth.API","AppEnv":"Development"}
2026-07-28 12:31:51.693 +02:00[INF] - HTTP GET /api/Medicine responded 200 in 20.8056 ms {"UserId":"1","RemoteIP":"::1","SourceContext":"Serilog.AspNetCore.RequestLoggingMiddleware","RequestId":"0HNNCGO2MO9RH:0000001A","ConnectionId":"0HNNCGO2MO9RH","Application":"PetHealth.API","AppEnv":"Development"}
2026-07-28 12:31:59.712 +02:00[INF] - HTTP GET /api/Prescription/Item/33 responded 200 in 21.8035 ms {"UserId":"1","RemoteIP":"::1","SourceContext":"Serilog.AspNetCore.RequestLoggingMiddleware","RequestId":"0HNNCGO2MO9RI:0000002E","ConnectionId":"0HNNCGO2MO9RI","Application":"PetHealth.API","AppEnv":"Development"}
2026-07-28 12:32:02.389 +02:00[INF] - HTTP GET /api/Prescription/Item/69 responded 200 in 6.3775 ms {"UserId":"1","RemoteIP":"::1","SourceContext":"Serilog.AspNetCore.RequestLoggingMiddleware","RequestId":"0HNNCGO2MO9RI:00000030","ConnectionId":"0HNNCGO2MO9RI","Application":"PetHealth.API","AppEnv":"Development"}
2026-07-28 12:32:11.250 +02:00[INF] - HTTP POST /api/Prescription responded 200 in 45.6049 ms {"UserId":"1","RemoteIP":"::1","SourceContext":"Serilog.AspNetCore.RequestLoggingMiddleware","RequestId":"0HNNCGO2MO9RI:00000032","ConnectionId":"0HNNCGO2MO9RI","Application":"PetHealth.API","AppEnv":"Development"}
2026-07-28 12:32:11.258 +02:00[INF] - HTTP GET /api/Prescription responded 200 in 4.3966 ms {"UserId":"1","RemoteIP":"::1","SourceContext":"Serilog.AspNetCore.RequestLoggingMiddleware","RequestId":"0HNNCGO2MO9RI:00000033","ConnectionId":"0HNNCGO2MO9RI","Application":"PetHealth.API","AppEnv":"Development"}
2026-07-28 12:32:13.245 +02:00[INF] - HTTP GET /api/Prescription/Item/1002 responded 404 in 4.8165 ms {"UserId":"1","RemoteIP":"::1","SourceContext":"Serilog.AspNetCore.RequestLoggingMiddleware","RequestId":"0HNNCGO2MO9RI:00000035","ConnectionId":"0HNNCGO2MO9RI","Application":"PetHealth.API","AppEnv":"Development"}
2026-07-28 12:32:15.394 +02:00[INF] - HTTP DELETE /api/Prescription/1002 responded 200 in 27.3124 ms {"UserId":"1","RemoteIP":"::1","SourceContext":"Serilog.AspNetCore.RequestLoggingMiddleware","RequestId":"0HNNCGO2MO9RI:00000037","ConnectionId":"0HNNCGO2MO9RI","Application":"PetHealth.API","AppEnv":"Development"}
2026-07-28 12:32:15.400 +02:00[INF] - HTTP GET /api/Prescription responded 200 in 3.6805 ms {"UserId":"1","RemoteIP":"::1","SourceContext":"Serilog.AspNetCore.RequestLoggingMiddleware","RequestId":"0HNNCGO2MO9RI:00000038","ConnectionId":"0HNNCGO2MO9RI","Application":"PetHealth.API","AppEnv":"Development"}
2026-07-28 12:33:27.904 +02:00[INF] - HTTP GET /api/Pet/my-pets responded 404 in 3.3545 ms {"UserId":"1","RemoteIP":"::1","SourceContext":"Serilog.AspNetCore.RequestLoggingMiddleware","RequestId":"0HNNCGO2MO9RI:0000003A","ConnectionId":"0HNNCGO2MO9RI","Application":"PetHealth.API","AppEnv":"Development"}
2026-07-28 12:33:28.847 +02:00[INF] - HTTP GET /api/Medicine responded 200 in 3.9660 ms {"UserId":"1","RemoteIP":"::1","SourceContext":"Serilog.AspNetCore.RequestLoggingMiddleware","RequestId":"0HNNCGO2MO9RI:0000003C","ConnectionId":"0HNNCGO2MO9RI","Application":"PetHealth.API","AppEnv":"Development"}
2026-07-28 12:33:28.847 +02:00[INF] - HTTP GET /api/Prescription responded 200 in 3.9790 ms {"UserId":"1","RemoteIP":"::1","SourceContext":"Serilog.AspNetCore.RequestLoggingMiddleware","RequestId":"0HNNCGO2MO9RH:0000001C","ConnectionId":"0HNNCGO2MO9RH","Application":"PetHealth.API","AppEnv":"Development"}
2026-07-28 12:33:29.441 +02:00[INF] - HTTP GET /api/AppUser responded 200 in 2.7865 ms {"UserId":"1","RemoteIP":"::1","SourceContext":"Serilog.AspNetCore.RequestLoggingMiddleware","RequestId":"0HNNCGO2MO9RI:0000003F","ConnectionId":"0HNNCGO2MO9RI","Application":"PetHealth.API","AppEnv":"Development"}
2026-07-28 12:33:29.441 +02:00[INF] - HTTP GET /api/Pet responded 200 in 3.4564 ms {"UserId":"1","RemoteIP":"::1","SourceContext":"Serilog.AspNetCore.RequestLoggingMiddleware","RequestId":"0HNNCGO2MO9RH:0000001E","ConnectionId":"0HNNCGO2MO9RH","Application":"PetHealth.API","AppEnv":"Development"}
2026-07-28 12:33:29.444 +02:00[INF] - HTTP GET /api/Appointment responded 200 in 5.6783 ms {"UserId":"1","RemoteIP":"::1","SourceContext":"Serilog.AspNetCore.RequestLoggingMiddleware","RequestId":"0HNNCGO2MO9RL:00000001","ConnectionId":"0HNNCGO2MO9RL","Application":"PetHealth.API","AppEnv":"Development"}
2026-07-28 12:33:31.173 +02:00[INF] - HTTP GET /api/Prescription responded 200 in 4.4274 ms {"UserId":"1","RemoteIP":"::1","SourceContext":"Serilog.AspNetCore.RequestLoggingMiddleware","RequestId":"0HNNCGO2MO9RI:00000040","ConnectionId":"0HNNCGO2MO9RI","Application":"PetHealth.API","AppEnv":"Development"}
2026-07-28 12:33:31.173 +02:00[INF] - HTTP GET /api/Medicine responded 200 in 4.4057 ms {"UserId":"1","RemoteIP":"::1","SourceContext":"Serilog.AspNetCore.RequestLoggingMiddleware","RequestId":"0HNNCGO2MO9RL:00000002","ConnectionId":"0HNNCGO2MO9RL","Application":"PetHealth.API","AppEnv":"Development"}
2026-07-28 12:33:58.605 +02:00[INF] - HTTP GET /api/Pet/my-pets responded 404 in 3.2227 ms {"UserId":"1","RemoteIP":"::1","SourceContext":"Serilog.AspNetCore.RequestLoggingMiddleware","RequestId":"0HNNCGO2MO9RL:00000004","ConnectionId":"0HNNCGO2MO9RL","Application":"PetHealth.API","AppEnv":"Development"}
2026-07-28 12:34:05.966 +02:00[INF] - HTTP GET /api/Prescription responded 200 in 3.2430 ms {"UserId":"1","RemoteIP":"::1","SourceContext":"Serilog.AspNetCore.RequestLoggingMiddleware","RequestId":"0HNNCGO2MO9RI:00000042","ConnectionId":"0HNNCGO2MO9RI","Application":"PetHealth.API","AppEnv":"Development"}
2026-07-28 12:34:05.966 +02:00[INF] - HTTP GET /api/Medicine responded 200 in 3.2368 ms {"UserId":"1","RemoteIP":"::1","SourceContext":"Serilog.AspNetCore.RequestLoggingMiddleware","RequestId":"0HNNCGO2MO9RL:00000006","ConnectionId":"0HNNCGO2MO9RL","Application":"PetHealth.API","AppEnv":"Development"}
2026-07-28 12:34:07.439 +02:00[INF] - HTTP GET /api/Pet/my-pets responded 404 in 3.1638 ms {"UserId":"1","RemoteIP":"::1","SourceContext":"Serilog.AspNetCore.RequestLoggingMiddleware","RequestId":"0HNNCGO2MO9RL:00000008","ConnectionId":"0HNNCGO2MO9RL","Application":"PetHealth.API","AppEnv":"Development"}
2026-07-28 12:34:36.458 +02:00[INF] - HTTP POST /Login responded 200 in 5.7375 ms {"UserId":"Anonymous","RemoteIP":"::1","SourceContext":"Serilog.AspNetCore.RequestLoggingMiddleware","RequestId":"0HNNCGO2MO9RL:0000000A","ConnectionId":"0HNNCGO2MO9RL","Application":"PetHealth.API","AppEnv":"Development"}
2026-07-28 12:34:42.740 +02:00[INF] - HTTP GET /api/Pet/my-pets responded 404 in 3.0725 ms {"UserId":"1","RemoteIP":"::1","SourceContext":"Serilog.AspNetCore.RequestLoggingMiddleware","RequestId":"0HNNCGO2MO9RL:0000000C","ConnectionId":"0HNNCGO2MO9RL","Application":"PetHealth.API","AppEnv":"Development"}
2026-07-28 12:34:44.267 +02:00[INF] - HTTP GET /api/Pet responded 200 in 3.1321 ms {"UserId":"1","RemoteIP":"::1","SourceContext":"Serilog.AspNetCore.RequestLoggingMiddleware","RequestId":"0HNNCGO2MO9RI:00000044","ConnectionId":"0HNNCGO2MO9RI","Application":"PetHealth.API","AppEnv":"Development"}
2026-07-28 12:34:44.267 +02:00[INF] - HTTP GET /api/AppUser responded 200 in 2.8530 ms {"UserId":"1","RemoteIP":"::1","SourceContext":"Serilog.AspNetCore.RequestLoggingMiddleware","RequestId":"0HNNCGO2MO9RH:00000020","ConnectionId":"0HNNCGO2MO9RH","Application":"PetHealth.API","AppEnv":"Development"}
2026-07-28 12:34:44.268 +02:00[INF] - HTTP GET /api/Appointment responded 200 in 4.8423 ms {"UserId":"1","RemoteIP":"::1","SourceContext":"Serilog.AspNetCore.RequestLoggingMiddleware","RequestId":"0HNNCGO2MO9RL:0000000E","ConnectionId":"0HNNCGO2MO9RL","Application":"PetHealth.API","AppEnv":"Development"}
2026-07-28 12:35:32.196 +02:00[INF] - HTTP GET /api/Medicine responded 200 in 3.4080 ms {"UserId":"1","RemoteIP":"::1","SourceContext":"Serilog.AspNetCore.RequestLoggingMiddleware","RequestId":"0HNNCGO2MO9RH:00000022","ConnectionId":"0HNNCGO2MO9RH","Application":"PetHealth.API","AppEnv":"Development"}
2026-07-28 12:35:32.196 +02:00[INF] - HTTP GET /api/Prescription responded 200 in 3.4611 ms {"UserId":"1","RemoteIP":"::1","SourceContext":"Serilog.AspNetCore.RequestLoggingMiddleware","RequestId":"0HNNCGO2MO9RI:00000046","ConnectionId":"0HNNCGO2MO9RI","Application":"PetHealth.API","AppEnv":"Development"}
2026-07-28 12:35:34.509 +02:00[INF] - HTTP GET /api/Pet/my-pets responded 404 in 3.1430 ms {"UserId":"1","RemoteIP":"::1","SourceContext":"Serilog.AspNetCore.RequestLoggingMiddleware","RequestId":"0HNNCGO2MO9RI:00000048","ConnectionId":"0HNNCGO2MO9RI","Application":"PetHealth.API","AppEnv":"Development"}
2026-07-28 12:35:36.163 +02:00[INF] - HTTP GET /api/Pet responded 200 in 3.6798 ms {"UserId":"1","RemoteIP":"::1","SourceContext":"Serilog.AspNetCore.RequestLoggingMiddleware","RequestId":"0HNNCGO2MO9RL:00000010","ConnectionId":"0HNNCGO2MO9RL","Application":"PetHealth.API","AppEnv":"Development"}
2026-07-28 12:35:36.163 +02:00[INF] - HTTP GET /api/AppUser responded 200 in 3.7181 ms {"UserId":"1","RemoteIP":"::1","SourceContext":"Serilog.AspNetCore.RequestLoggingMiddleware","RequestId":"0HNNCGO2MO9RH:00000024","ConnectionId":"0HNNCGO2MO9RH","Application":"PetHealth.API","AppEnv":"Development"}
2026-07-28 12:35:36.165 +02:00[INF] - HTTP GET /api/Appointment responded 200 in 5.2065 ms {"UserId":"1","RemoteIP":"::1","SourceContext":"Serilog.AspNetCore.RequestLoggingMiddleware","RequestId":"0HNNCGO2MO9RI:0000004A","ConnectionId":"0HNNCGO2MO9RI","Application":"PetHealth.API","AppEnv":"Development"}
2026-07-28 12:35:37.358 +02:00[INF] - HTTP GET /api/Pet/my-pets responded 404 in 2.7806 ms {"UserId":"1","RemoteIP":"::1","SourceContext":"Serilog.AspNetCore.RequestLoggingMiddleware","RequestId":"0HNNCGO2MO9RI:0000004B","ConnectionId":"0HNNCGO2MO9RI","Application":"PetHealth.API","AppEnv":"Development"}
2026-07-28 12:35:37.852 +02:00[INF] - HTTP GET /api/AppUser/me responded 200 in 3.0445 ms {"UserId":"1","RemoteIP":"::1","SourceContext":"Serilog.AspNetCore.RequestLoggingMiddleware","RequestId":"0HNNCGO2MO9RI:0000004D","ConnectionId":"0HNNCGO2MO9RI","Application":"PetHealth.API","AppEnv":"Development"}
2026-07-28 13:16:06.179 +02:00[INF] - HTTP POST /Login responded 200 in 26.7431 ms {"UserId":"Anonymous","RemoteIP":"::1","SourceContext":"Serilog.AspNetCore.RequestLoggingMiddleware","RequestId":"0HNNCGO2MO9RN:00000002","ConnectionId":"0HNNCGO2MO9RN","Application":"PetHealth.API","AppEnv":"Development"}
2026-07-28 13:16:07.817 +02:00[INF] - HTTP GET /api/AppUser/me responded 200 in 3.6355 ms {"UserId":"1","RemoteIP":"::1","SourceContext":"Serilog.AspNetCore.RequestLoggingMiddleware","RequestId":"0HNNCGO2MO9RN:00000004","ConnectionId":"0HNNCGO2MO9RN","Application":"PetHealth.API","AppEnv":"Development"}
2026-07-28 13:16:29.374 +02:00[INF] - HTTP GET /api/Pet/my-pets responded 404 in 4.4655 ms {"UserId":"1","RemoteIP":"::1","SourceContext":"Serilog.AspNetCore.RequestLoggingMiddleware","RequestId":"0HNNCGO2MO9RN:00000006","ConnectionId":"0HNNCGO2MO9RN","Application":"PetHealth.API","AppEnv":"Development"}
2026-07-28 13:16:30.152 +02:00[INF] - HTTP GET /api/AppUser responded 200 in 3.3720 ms {"UserId":"1","RemoteIP":"::1","SourceContext":"Serilog.AspNetCore.RequestLoggingMiddleware","RequestId":"0HNNCGO2MO9RP:00000002","ConnectionId":"0HNNCGO2MO9RP","Application":"PetHealth.API","AppEnv":"Development"}
2026-07-28 13:16:30.152 +02:00[INF] - HTTP GET /api/Pet responded 200 in 3.8872 ms {"UserId":"1","RemoteIP":"::1","SourceContext":"Serilog.AspNetCore.RequestLoggingMiddleware","RequestId":"0HNNCGO2MO9RO:00000002","ConnectionId":"0HNNCGO2MO9RO","Application":"PetHealth.API","AppEnv":"Development"}
2026-07-28 13:16:30.157 +02:00[INF] - HTTP GET /api/Appointment responded 200 in 8.4636 ms {"UserId":"1","RemoteIP":"::1","SourceContext":"Serilog.AspNetCore.RequestLoggingMiddleware","RequestId":"0HNNCGO2MO9RN:00000008","ConnectionId":"0HNNCGO2MO9RN","Application":"PetHealth.API","AppEnv":"Development"}
2026-07-28 13:16:32.008 +02:00[INF] - HTTP GET /api/Medicine responded 200 in 4.4858 ms {"UserId":"1","RemoteIP":"::1","SourceContext":"Serilog.AspNetCore.RequestLoggingMiddleware","RequestId":"0HNNCGO2MO9RN:0000000A","ConnectionId":"0HNNCGO2MO9RN","Application":"PetHealth.API","AppEnv":"Development"}
2026-07-28 13:16:32.008 +02:00[INF] - HTTP GET /api/Prescription responded 200 in 4.5938 ms {"UserId":"1","RemoteIP":"::1","SourceContext":"Serilog.AspNetCore.RequestLoggingMiddleware","RequestId":"0HNNCGO2MO9RO:00000004","ConnectionId":"0HNNCGO2MO9RO","Application":"PetHealth.API","AppEnv":"Development"}
2026-07-28 13:16:34.944 +02:00[INF] - HTTP GET /api/AppUser responded 200 in 11.7255 ms {"UserId":"1","RemoteIP":"::1","SourceContext":"Serilog.AspNetCore.RequestLoggingMiddleware","RequestId":"0HNNCGO2MO9RP:00000003","ConnectionId":"0HNNCGO2MO9RP","Application":"PetHealth.API","AppEnv":"Development"}
2026-07-28 13:16:34.944 +02:00[INF] - HTTP GET /api/Pet responded 200 in 11.9496 ms {"UserId":"1","RemoteIP":"::1","SourceContext":"Serilog.AspNetCore.RequestLoggingMiddleware","RequestId":"0HNNCGO2MO9RN:0000000B","ConnectionId":"0HNNCGO2MO9RN","Application":"PetHealth.API","AppEnv":"Development"}
2026-07-28 13:16:34.944 +02:00[INF] - HTTP GET /api/Appointment responded 200 in 12.1402 ms {"UserId":"1","RemoteIP":"::1","SourceContext":"Serilog.AspNetCore.RequestLoggingMiddleware","RequestId":"0HNNCGO2MO9RO:00000005","ConnectionId":"0HNNCGO2MO9RO","Application":"PetHealth.API","AppEnv":"Development"}
2026-07-28 13:16:36.111 +02:00[INF] - HTTP GET /api/Medicine responded 200 in 3.3975 ms {"UserId":"1","RemoteIP":"::1","SourceContext":"Serilog.AspNetCore.RequestLoggingMiddleware","RequestId":"0HNNCGO2MO9RN:0000000C","ConnectionId":"0HNNCGO2MO9RN","Application":"PetHealth.API","AppEnv":"Development"}
2026-07-28 13:16:36.111 +02:00[INF] - HTTP GET /api/Prescription responded 200 in 3.3975 ms {"UserId":"1","RemoteIP":"::1","SourceContext":"Serilog.AspNetCore.RequestLoggingMiddleware","RequestId":"0HNNCGO2MO9RO:00000006","ConnectionId":"0HNNCGO2MO9RO","Application":"PetHealth.API","AppEnv":"Development"}
2026-07-28 13:16:43.828 +02:00[INF] - HTTP GET /api/Pet responded 200 in 2.6335 ms {"UserId":"1","RemoteIP":"::1","SourceContext":"Serilog.AspNetCore.RequestLoggingMiddleware","RequestId":"0HNNCGO2MO9RN:0000000E","ConnectionId":"0HNNCGO2MO9RN","Application":"PetHealth.API","AppEnv":"Development"}
2026-07-28 13:16:43.828 +02:00[INF] - HTTP GET /api/AppUser responded 200 in 2.6231 ms {"UserId":"1","RemoteIP":"::1","SourceContext":"Serilog.AspNetCore.RequestLoggingMiddleware","RequestId":"0HNNCGO2MO9RO:00000008","ConnectionId":"0HNNCGO2MO9RO","Application":"PetHealth.API","AppEnv":"Development"}
2026-07-28 13:16:43.829 +02:00[INF] - HTTP GET /api/Appointment responded 200 in 3.8420 ms {"UserId":"1","RemoteIP":"::1","SourceContext":"Serilog.AspNetCore.RequestLoggingMiddleware","RequestId":"0HNNCGO2MO9RP:00000005","ConnectionId":"0HNNCGO2MO9RP","Application":"PetHealth.API","AppEnv":"Development"}
2026-07-28 13:16:44.287 +02:00[INF] - HTTP GET /api/Pet/my-pets responded 404 in 2.7738 ms {"UserId":"1","RemoteIP":"::1","SourceContext":"Serilog.AspNetCore.RequestLoggingMiddleware","RequestId":"0HNNCGO2MO9RP:00000007","ConnectionId":"0HNNCGO2MO9RP","Application":"PetHealth.API","AppEnv":"Development"}
2026-07-28 13:16:45.076 +02:00[INF] - HTTP GET /api/AppUser responded 200 in 3.4385 ms {"UserId":"1","RemoteIP":"::1","SourceContext":"Serilog.AspNetCore.RequestLoggingMiddleware","RequestId":"0HNNCGO2MO9RN:0000000F","ConnectionId":"0HNNCGO2MO9RN","Application":"PetHealth.API","AppEnv":"Development"}
2026-07-28 13:16:45.077 +02:00[INF] - HTTP GET /api/Appointment responded 200 in 4.7501 ms {"UserId":"1","RemoteIP":"::1","SourceContext":"Serilog.AspNetCore.RequestLoggingMiddleware","RequestId":"0HNNCGO2MO9RP:00000008","ConnectionId":"0HNNCGO2MO9RP","Application":"PetHealth.API","AppEnv":"Development"}
2026-07-28 13:16:45.077 +02:00[INF] - HTTP GET /api/Pet responded 200 in 4.8973 ms {"UserId":"1","RemoteIP":"::1","SourceContext":"Serilog.AspNetCore.RequestLoggingMiddleware","RequestId":"0HNNCGO2MO9RO:00000009","ConnectionId":"0HNNCGO2MO9RO","Application":"PetHealth.API","AppEnv":"Development"}
2026-07-28 13:16:46.261 +02:00[INF] - HTTP GET /api/AppUser/me responded 200 in 2.7293 ms {"UserId":"1","RemoteIP":"::1","SourceContext":"Serilog.AspNetCore.RequestLoggingMiddleware","RequestId":"0HNNCGO2MO9RO:0000000B","ConnectionId":"0HNNCGO2MO9RO","Application":"PetHealth.API","AppEnv":"Development"}
2026-07-28 13:16:49.854 +02:00[INF] - HTTP GET /api/Medicine responded 200 in 3.1935 ms {"UserId":"1","RemoteIP":"::1","SourceContext":"Serilog.AspNetCore.RequestLoggingMiddleware","RequestId":"0HNNCGO2MO9RO:0000000D","ConnectionId":"0HNNCGO2MO9RO","Application":"PetHealth.API","AppEnv":"Development"}
2026-07-28 13:16:49.854 +02:00[INF] - HTTP GET /api/Prescription responded 200 in 3.2178 ms {"UserId":"1","RemoteIP":"::1","SourceContext":"Serilog.AspNetCore.RequestLoggingMiddleware","RequestId":"0HNNCGO2MO9RP:0000000A","ConnectionId":"0HNNCGO2MO9RP","Application":"PetHealth.API","AppEnv":"Development"}
2026-07-28 13:17:06.641 +02:00[INF] - HTTP GET /api/AppUser responded 200 in 4.0445 ms {"UserId":"1","RemoteIP":"::1","SourceContext":"Serilog.AspNetCore.RequestLoggingMiddleware","RequestId":"0HNNCGO2MO9RO:0000000F","ConnectionId":"0HNNCGO2MO9RO","Application":"PetHealth.API","AppEnv":"Development"}
2026-07-28 13:17:06.641 +02:00[INF] - HTTP GET /api/Pet responded 200 in 4.0312 ms {"UserId":"1","RemoteIP":"::1","SourceContext":"Serilog.AspNetCore.RequestLoggingMiddleware","RequestId":"0HNNCGO2MO9RN:00000011","ConnectionId":"0HNNCGO2MO9RN","Application":"PetHealth.API","AppEnv":"Development"}
2026-07-28 13:17:06.642 +02:00[INF] - HTTP GET /api/Appointment responded 200 in 5.2961 ms {"UserId":"1","RemoteIP":"::1","SourceContext":"Serilog.AspNetCore.RequestLoggingMiddleware","RequestId":"0HNNCGO2MO9RP:0000000C","ConnectionId":"0HNNCGO2MO9RP","Application":"PetHealth.API","AppEnv":"Development"}
2026-07-28 13:20:17.837 +02:00[INF] - HTTP GET /api/Pet responded 200 in 8.6105 ms {"UserId":"1","RemoteIP":"::1","SourceContext":"Serilog.AspNetCore.RequestLoggingMiddleware","RequestId":"0HNNCGO2MO9RR:00000002","ConnectionId":"0HNNCGO2MO9RR","Application":"PetHealth.API","AppEnv":"Development"}
2026-07-28 13:20:17.837 +02:00[INF] - HTTP GET /api/AppUser responded 200 in 8.5874 ms {"UserId":"1","RemoteIP":"::1","SourceContext":"Serilog.AspNetCore.RequestLoggingMiddleware","RequestId":"0HNNCGO2MO9RQ:00000002","ConnectionId":"0HNNCGO2MO9RQ","Application":"PetHealth.API","AppEnv":"Development"}
2026-07-28 13:20:17.840 +02:00[INF] - HTTP GET /api/Appointment responded 200 in 12.0180 ms {"UserId":"1","RemoteIP":"::1","SourceContext":"Serilog.AspNetCore.RequestLoggingMiddleware","RequestId":"0HNNCGO2MO9RS:00000002","ConnectionId":"0HNNCGO2MO9RS","Application":"PetHealth.API","AppEnv":"Development"}
2026-07-28 13:23:06.892 +02:00[INF] - HTTP GET /api/Pet responded 200 in 8.3386 ms {"UserId":"1","RemoteIP":"::1","SourceContext":"Serilog.AspNetCore.RequestLoggingMiddleware","RequestId":"0HNNCGO2MO9S2:00000002","ConnectionId":"0HNNCGO2MO9S2","Application":"PetHealth.API","AppEnv":"Development"}
2026-07-28 13:23:06.892 +02:00[INF] - HTTP GET /api/AppUser responded 200 in 8.3369 ms {"UserId":"1","RemoteIP":"::1","SourceContext":"Serilog.AspNetCore.RequestLoggingMiddleware","RequestId":"0HNNCGO2MO9S1:00000002","ConnectionId":"0HNNCGO2MO9S1","Application":"PetHealth.API","AppEnv":"Development"}
2026-07-28 13:23:06.893 +02:00[INF] - HTTP GET /api/Appointment responded 200 in 10.6547 ms {"UserId":"1","RemoteIP":"::1","SourceContext":"Serilog.AspNetCore.RequestLoggingMiddleware","RequestId":"0HNNCGO2MO9S0:00000002","ConnectionId":"0HNNCGO2MO9S0","Application":"PetHealth.API","AppEnv":"Development"}
2026-07-28 13:28:31.891 +02:00[INF] - HTTP POST /Login responded 200 in 14.3239 ms {"UserId":"Anonymous","RemoteIP":"::1","SourceContext":"Serilog.AspNetCore.RequestLoggingMiddleware","RequestId":"0HNNCGO2MO9S3:00000002","ConnectionId":"0HNNCGO2MO9S3","Application":"PetHealth.API","AppEnv":"Development"}
2026-07-28 13:28:38.175 +02:00[INF] - HTTP GET /api/AppUser responded 200 in 4.0032 ms {"UserId":"2","RemoteIP":"::1","SourceContext":"Serilog.AspNetCore.RequestLoggingMiddleware","RequestId":"0HNNCGO2MO9S5:00000002","ConnectionId":"0HNNCGO2MO9S5","Application":"PetHealth.API","AppEnv":"Development"}
2026-07-28 13:28:38.175 +02:00[INF] - HTTP GET /api/Pet responded 200 in 4.0068 ms {"UserId":"2","RemoteIP":"::1","SourceContext":"Serilog.AspNetCore.RequestLoggingMiddleware","RequestId":"0HNNCGO2MO9S3:00000004","ConnectionId":"0HNNCGO2MO9S3","Application":"PetHealth.API","AppEnv":"Development"}
2026-07-28 13:28:38.178 +02:00[INF] - HTTP GET /api/Appointment responded 200 in 6.3855 ms {"UserId":"2","RemoteIP":"::1","SourceContext":"Serilog.AspNetCore.RequestLoggingMiddleware","RequestId":"0HNNCGO2MO9S4:00000002","ConnectionId":"0HNNCGO2MO9S4","Application":"PetHealth.API","AppEnv":"Development"}
2026-07-28 13:29:18.564 +02:00[INF] - HTTP POST /Login responded 200 in 8.0938 ms {"UserId":"Anonymous","RemoteIP":"::1","SourceContext":"Serilog.AspNetCore.RequestLoggingMiddleware","RequestId":"0HNNCGO2MO9S4:00000004","ConnectionId":"0HNNCGO2MO9S4","Application":"PetHealth.API","AppEnv":"Development"}
2026-07-28 13:29:24.854 +02:00[INF] - HTTP GET /api/Pet responded 200 in 2.8700 ms {"UserId":"3","RemoteIP":"::1","SourceContext":"Serilog.AspNetCore.RequestLoggingMiddleware","RequestId":"0HNNCGO2MO9S5:00000004","ConnectionId":"0HNNCGO2MO9S5","Application":"PetHealth.API","AppEnv":"Development"}
2026-07-28 13:29:24.854 +02:00[INF] - HTTP GET /api/AppUser responded 200 in 2.8700 ms {"UserId":"3","RemoteIP":"::1","SourceContext":"Serilog.AspNetCore.RequestLoggingMiddleware","RequestId":"0HNNCGO2MO9S4:00000006","ConnectionId":"0HNNCGO2MO9S4","Application":"PetHealth.API","AppEnv":"Development"}
2026-07-28 13:29:24.855 +02:00[INF] - HTTP GET /api/Appointment responded 200 in 3.7683 ms {"UserId":"3","RemoteIP":"::1","SourceContext":"Serilog.AspNetCore.RequestLoggingMiddleware","RequestId":"0HNNCGO2MO9S3:00000006","ConnectionId":"0HNNCGO2MO9S3","Application":"PetHealth.API","AppEnv":"Development"}
2026-07-28 13:29:47.400 +02:00[FTL] - Unhandled exception occurred {"SourceContext":"API_PetHealth.Middlewares.GlobalExceptionHandler","RequestId":"0HNNCGO2MO9S3:00000008","RequestPath":"/api/Appointment/80","ConnectionId":"0HNNCGO2MO9S3","Application":"PetHealth.API","AppEnv":"Development"}
Microsoft.Data.SqlClient.SqlException (0x80131904): Cannot delete: this Appointment has linked Prescriptions.
   at Microsoft.Data.SqlClient.SqlConnection.OnError(SqlException exception, Boolean breakConnection, Action`1 wrapCloseInAction)
   at Microsoft.Data.SqlClient.Connection.SqlConnectionInternal.OnError(SqlException exception, Boolean breakConnection, Action`1 wrapCloseInAction)
   at Microsoft.Data.SqlClient.TdsParser.ThrowExceptionAndWarning(TdsParserStateObject stateObj, SqlCommand command, Boolean callerHasConnectionLock, Boolean asyncClose)
   at Microsoft.Data.SqlClient.TdsParser.TryRun(RunBehavior runBehavior, SqlCommand cmdHandler, SqlDataReader dataStream, BulkCopySimpleResultSet bulkCopyHandler, TdsParserStateObject stateObj, Boolean& dataReady)
   at Microsoft.Data.SqlClient.SqlCommand.FinishExecuteReader(SqlDataReader ds, RunBehavior runBehavior, String resetOptionsString, Boolean isInternal, Boolean forDescribeParameterEncryption, Boolean shouldCacheForAlwaysEncrypted)
   at Microsoft.Data.SqlClient.SqlCommand.CompleteAsyncExecuteReader(Boolean isInternal, Boolean forDescribeParameterEncryption)
   at Microsoft.Data.SqlClient.SqlCommand.InternalEndExecuteNonQuery(IAsyncResult asyncResult, Boolean isInternal, String endMethod)
   at Microsoft.Data.SqlClient.SqlCommand.EndExecuteNonQueryInternal(IAsyncResult asyncResult)
   at Microsoft.Data.SqlClient.SqlCommand.EndExecuteNonQueryAsync(IAsyncResult asyncResult)
   at Microsoft.Data.SqlClient.SqlCommand.<>c.<InternalExecuteNonQueryAsync>b__251_1(IAsyncResult asyncResult)
   at System.Threading.Tasks.TaskFactory`1.FromAsyncCoreLogic(IAsyncResult iar, Func`2 endFunction, Action`1 endAction, Task`1 promise, Boolean requiresSynchronization)
--- End of stack trace from previous location ---
   at Dapper.SqlMapper.ExecuteImplAsync(IDbConnection cnn, CommandDefinition command, Object param) in /_/Dapper/SqlMapper.Async.cs:line 663
   at PetHealth.Infrastructure.Services.AppointmentService.Execute(DeleteAppointmentCommandAsync command) in /Users/jordanmal/Documents/Projet Développement /PetHealthApplication/API/API_PetHealth/PetHealth.Infrastructure/Services/AppointmentService.cs:line 75
   at API_PetHealth.Controllers.AppointmentController.DeleteAppointment(Int32 id) in /Users/jordanmal/Documents/Projet Développement /PetHealthApplication/API/API_PetHealth/PetHealth.API/Controllers/AppointmentController.cs:line 79
   at lambda_method125(Closure, Object)
   at Microsoft.AspNetCore.Mvc.Infrastructure.ActionMethodExecutor.AwaitableObjectResultExecutor.Execute(ActionContext actionContext, IActionResultTypeMapper mapper, ObjectMethodExecutor executor, Object controller, Object[] arguments)
   at Microsoft.AspNetCore.Mvc.Infrastructure.ControllerActionInvoker.<InvokeActionMethodAsync>g__Logged|12_1(ControllerActionInvoker invoker)
   at Microsoft.AspNetCore.Mvc.Infrastructure.ControllerActionInvoker.<InvokeNextActionFilterAsync>g__Awaited|10_0(ControllerActionInvoker invoker, Task lastTask, State next, Scope scope, Object state, Boolean isCompleted)
   at Microsoft.AspNetCore.Mvc.Infrastructure.ControllerActionInvoker.Rethrow(ActionExecutedContextSealed context)
   at Microsoft.AspNetCore.Mvc.Infrastructure.ControllerActionInvoker.Next(State& next, Scope& scope, Object& state, Boolean& isCompleted)
   at Microsoft.AspNetCore.Mvc.Infrastructure.ControllerActionInvoker.<InvokeInnerFilterAsync>g__Awaited|13_0(ControllerActionInvoker invoker, Task lastTask, State next, Scope scope, Object state, Boolean isCompleted)
   at Microsoft.AspNetCore.Mvc.Infrastructure.ResourceInvoker.<InvokeFilterPipelineAsync>g__Awaited|20_0(ResourceInvoker invoker, Task lastTask, State next, Scope scope, Object state, Boolean isCompleted)
   at Microsoft.AspNetCore.Mvc.Infrastructure.ResourceInvoker.<InvokeAsync>g__Logged|17_1(ResourceInvoker invoker)
   at Microsoft.AspNetCore.Mvc.Infrastructure.ResourceInvoker.<InvokeAsync>g__Logged|17_1(ResourceInvoker invoker)
   at Microsoft.AspNetCore.Authorization.AuthorizationMiddleware.Invoke(HttpContext context)
   at Microsoft.AspNetCore.Authentication.AuthenticationMiddleware.Invoke(HttpContext context)
   at Microsoft.AspNetCore.Diagnostics.ExceptionHandlerMiddlewareImpl.<Invoke>g__Awaited|10_0(ExceptionHandlerMiddlewareImpl middleware, HttpContext context, Task task)
ClientConnectionId :34d40d28-b6f0-48b4-b00f-f2c7f451b019
Error Number :50006,State :1,Class :16
2026-07-28 13:29:47.435 +02:00[ERR] - HTTP DELETE /api/Appointment/80 responded 500 in 83.7833 ms {"UserId":"3","RemoteIP":"::1","SourceContext":"Serilog.AspNetCore.RequestLoggingMiddleware","RequestId":"0HNNCGO2MO9S3:00000008","ConnectionId":"0HNNCGO2MO9S3","Application":"PetHealth.API","AppEnv":"Development"}
2026-07-28 13:29:54.837 +02:00[INF] - HTTP GET /api/AppUser responded 200 in 3.3482 ms {"UserId":"3","RemoteIP":"::1","SourceContext":"Serilog.AspNetCore.RequestLoggingMiddleware","RequestId":"0HNNCGO2MO9S4:00000008","ConnectionId":"0HNNCGO2MO9S4","Application":"PetHealth.API","AppEnv":"Development"}
2026-07-28 13:29:54.838 +02:00[INF] - HTTP GET /api/Pet responded 200 in 3.9427 ms {"UserId":"3","RemoteIP":"::1","SourceContext":"Serilog.AspNetCore.RequestLoggingMiddleware","RequestId":"0HNNCGO2MO9S3:0000000A","ConnectionId":"0HNNCGO2MO9S3","Application":"PetHealth.API","AppEnv":"Development"}
2026-07-28 13:29:54.839 +02:00[INF] - HTTP GET /api/Appointment responded 200 in 5.4829 ms {"UserId":"3","RemoteIP":"::1","SourceContext":"Serilog.AspNetCore.RequestLoggingMiddleware","RequestId":"0HNNCGO2MO9S5:00000006","ConnectionId":"0HNNCGO2MO9S5","Application":"PetHealth.API","AppEnv":"Development"}
2026-07-28 13:29:57.710 +02:00[INF] - HTTP DELETE /api/Appointment/1001 responded 200 in 6.4771 ms {"UserId":"3","RemoteIP":"::1","SourceContext":"Serilog.AspNetCore.RequestLoggingMiddleware","RequestId":"0HNNCGO2MO9S5:00000008","ConnectionId":"0HNNCGO2MO9S5","Application":"PetHealth.API","AppEnv":"Development"}
2026-07-28 13:29:57.717 +02:00[INF] - HTTP GET /api/Appointment responded 200 in 3.6364 ms {"UserId":"3","RemoteIP":"::1","SourceContext":"Serilog.AspNetCore.RequestLoggingMiddleware","RequestId":"0HNNCGO2MO9S5:00000009","ConnectionId":"0HNNCGO2MO9S5","Application":"PetHealth.API","AppEnv":"Development"}
2026-07-28 13:30:02.607 +02:00[FTL] - Unhandled exception occurred {"SourceContext":"API_PetHealth.Middlewares.GlobalExceptionHandler","RequestId":"0HNNCGO2MO9S5:0000000B","RequestPath":"/api/Appointment/80","ConnectionId":"0HNNCGO2MO9S5","Application":"PetHealth.API","AppEnv":"Development"}
Microsoft.Data.SqlClient.SqlException (0x80131904): Cannot delete: this Appointment has linked Prescriptions.
   at Microsoft.Data.SqlClient.SqlConnection.OnError(SqlException exception, Boolean breakConnection, Action`1 wrapCloseInAction)
   at Microsoft.Data.SqlClient.Connection.SqlConnectionInternal.OnError(SqlException exception, Boolean breakConnection, Action`1 wrapCloseInAction)
   at Microsoft.Data.SqlClient.TdsParser.ThrowExceptionAndWarning(TdsParserStateObject stateObj, SqlCommand command, Boolean callerHasConnectionLock, Boolean asyncClose)
   at Microsoft.Data.SqlClient.TdsParser.TryRun(RunBehavior runBehavior, SqlCommand cmdHandler, SqlDataReader dataStream, BulkCopySimpleResultSet bulkCopyHandler, TdsParserStateObject stateObj, Boolean& dataReady)
   at Microsoft.Data.SqlClient.SqlCommand.FinishExecuteReader(SqlDataReader ds, RunBehavior runBehavior, String resetOptionsString, Boolean isInternal, Boolean forDescribeParameterEncryption, Boolean shouldCacheForAlwaysEncrypted)
   at Microsoft.Data.SqlClient.SqlCommand.CompleteAsyncExecuteReader(Boolean isInternal, Boolean forDescribeParameterEncryption)
   at Microsoft.Data.SqlClient.SqlCommand.InternalEndExecuteNonQuery(IAsyncResult asyncResult, Boolean isInternal, String endMethod)
   at Microsoft.Data.SqlClient.SqlCommand.EndExecuteNonQueryInternal(IAsyncResult asyncResult)
   at Microsoft.Data.SqlClient.SqlCommand.EndExecuteNonQueryAsync(IAsyncResult asyncResult)
   at Microsoft.Data.SqlClient.SqlCommand.<>c.<InternalExecuteNonQueryAsync>b__251_1(IAsyncResult asyncResult)
   at System.Threading.Tasks.TaskFactory`1.FromAsyncCoreLogic(IAsyncResult iar, Func`2 endFunction, Action`1 endAction, Task`1 promise, Boolean requiresSynchronization)
--- End of stack trace from previous location ---
   at Dapper.SqlMapper.ExecuteImplAsync(IDbConnection cnn, CommandDefinition command, Object param) in /_/Dapper/SqlMapper.Async.cs:line 663
   at PetHealth.Infrastructure.Services.AppointmentService.Execute(DeleteAppointmentCommandAsync command) in /Users/jordanmal/Documents/Projet Développement /PetHealthApplication/API/API_PetHealth/PetHealth.Infrastructure/Services/AppointmentService.cs:line 75
   at API_PetHealth.Controllers.AppointmentController.DeleteAppointment(Int32 id) in /Users/jordanmal/Documents/Projet Développement /PetHealthApplication/API/API_PetHealth/PetHealth.API/Controllers/AppointmentController.cs:line 79
   at lambda_method125(Closure, Object)
   at Microsoft.AspNetCore.Mvc.Infrastructure.ActionMethodExecutor.AwaitableObjectResultExecutor.Execute(ActionContext actionContext, IActionResultTypeMapper mapper, ObjectMethodExecutor executor, Object controller, Object[] arguments)
   at Microsoft.AspNetCore.Mvc.Infrastructure.ControllerActionInvoker.<InvokeActionMethodAsync>g__Logged|12_1(ControllerActionInvoker invoker)
   at Microsoft.AspNetCore.Mvc.Infrastructure.ControllerActionInvoker.<InvokeNextActionFilterAsync>g__Awaited|10_0(ControllerActionInvoker invoker, Task lastTask, State next, Scope scope, Object state, Boolean isCompleted)
   at Microsoft.AspNetCore.Mvc.Infrastructure.ControllerActionInvoker.Rethrow(ActionExecutedContextSealed context)
   at Microsoft.AspNetCore.Mvc.Infrastructure.ControllerActionInvoker.Next(State& next, Scope& scope, Object& state, Boolean& isCompleted)
   at Microsoft.AspNetCore.Mvc.Infrastructure.ControllerActionInvoker.<InvokeInnerFilterAsync>g__Awaited|13_0(ControllerActionInvoker invoker, Task lastTask, State next, Scope scope, Object state, Boolean isCompleted)
   at Microsoft.AspNetCore.Mvc.Infrastructure.ResourceInvoker.<InvokeFilterPipelineAsync>g__Awaited|20_0(ResourceInvoker invoker, Task lastTask, State next, Scope scope, Object state, Boolean isCompleted)
   at Microsoft.AspNetCore.Mvc.Infrastructure.ResourceInvoker.<InvokeAsync>g__Logged|17_1(ResourceInvoker invoker)
   at Microsoft.AspNetCore.Mvc.Infrastructure.ResourceInvoker.<InvokeAsync>g__Logged|17_1(ResourceInvoker invoker)
   at Microsoft.AspNetCore.Authorization.AuthorizationMiddleware.Invoke(HttpContext context)
   at Microsoft.AspNetCore.Authentication.AuthenticationMiddleware.Invoke(HttpContext context)
   at Microsoft.AspNetCore.Diagnostics.ExceptionHandlerMiddlewareImpl.<Invoke>g__Awaited|10_0(ExceptionHandlerMiddlewareImpl middleware, HttpContext context, Task task)
ClientConnectionId :34d40d28-b6f0-48b4-b00f-f2c7f451b019
Error Number :50006,State :1,Class :16
2026-07-28 13:30:02.610 +02:00[ERR] - HTTP DELETE /api/Appointment/80 responded 500 in 7.0705 ms {"UserId":"3","RemoteIP":"::1","SourceContext":"Serilog.AspNetCore.RequestLoggingMiddleware","RequestId":"0HNNCGO2MO9S5:0000000B","ConnectionId":"0HNNCGO2MO9S5","Application":"PetHealth.API","AppEnv":"Development"}
2026-07-28 13:30:07.525 +02:00[INF] - HTTP GET /api/AppUser responded 200 in 1.8067 ms {"UserId":"3","RemoteIP":"::1","SourceContext":"Serilog.AspNetCore.RequestLoggingMiddleware","RequestId":"0HNNCGO2MO9S4:0000000A","ConnectionId":"0HNNCGO2MO9S4","Application":"PetHealth.API","AppEnv":"Development"}
2026-07-28 13:30:07.525 +02:00[INF] - HTTP GET /api/Pet responded 200 in 2.1198 ms {"UserId":"3","RemoteIP":"::1","SourceContext":"Serilog.AspNetCore.RequestLoggingMiddleware","RequestId":"0HNNCGO2MO9S5:0000000D","ConnectionId":"0HNNCGO2MO9S5","Application":"PetHealth.API","AppEnv":"Development"}
2026-07-28 13:30:07.526 +02:00[INF] - HTTP GET /api/Appointment responded 200 in 3.2103 ms {"UserId":"3","RemoteIP":"::1","SourceContext":"Serilog.AspNetCore.RequestLoggingMiddleware","RequestId":"0HNNCGO2MO9S3:0000000C","ConnectionId":"0HNNCGO2MO9S3","Application":"PetHealth.API","AppEnv":"Development"}
2026-07-28 13:30:32.883 +02:00[INF] - HTTP PUT /api/Appointment/80 responded 200 in 60.7686 ms {"UserId":"3","RemoteIP":"::1","SourceContext":"Serilog.AspNetCore.RequestLoggingMiddleware","RequestId":"0HNNCGO2MO9S3:0000000E","ConnectionId":"0HNNCGO2MO9S3","Application":"PetHealth.API","AppEnv":"Development"}
2026-07-28 13:30:32.888 +02:00[INF] - HTTP GET /api/Appointment responded 200 in 1.8091 ms {"UserId":"3","RemoteIP":"::1","SourceContext":"Serilog.AspNetCore.RequestLoggingMiddleware","RequestId":"0HNNCGO2MO9S3:00000010","ConnectionId":"0HNNCGO2MO9S3","Application":"PetHealth.API","AppEnv":"Development"}
2026-07-28 13:31:36.061 +02:00[INF] - HTTP GET /api/Pet/my-pets responded 404 in 3.4160 ms {"UserId":"3","RemoteIP":"::1","SourceContext":"Serilog.AspNetCore.RequestLoggingMiddleware","RequestId":"0HNNCGO2MO9S3:00000012","ConnectionId":"0HNNCGO2MO9S3","Application":"PetHealth.API","AppEnv":"Development"}
2026-07-28 13:31:37.617 +02:00[INF] - HTTP GET /api/Pet responded 200 in 2.8206 ms {"UserId":"3","RemoteIP":"::1","SourceContext":"Serilog.AspNetCore.RequestLoggingMiddleware","RequestId":"0HNNCGO2MO9S3:00000014","ConnectionId":"0HNNCGO2MO9S3","Application":"PetHealth.API","AppEnv":"Development"}
2026-07-28 13:31:37.617 +02:00[INF] - HTTP GET /api/AppUser responded 200 in 2.8206 ms {"UserId":"3","RemoteIP":"::1","SourceContext":"Serilog.AspNetCore.RequestLoggingMiddleware","RequestId":"0HNNCGO2MO9S5:0000000F","ConnectionId":"0HNNCGO2MO9S5","Application":"PetHealth.API","AppEnv":"Development"}
2026-07-28 13:31:37.618 +02:00[INF] - HTTP GET /api/Appointment responded 200 in 3.9090 ms {"UserId":"3","RemoteIP":"::1","SourceContext":"Serilog.AspNetCore.RequestLoggingMiddleware","RequestId":"0HNNCGO2MO9S4:0000000C","ConnectionId":"0HNNCGO2MO9S4","Application":"PetHealth.API","AppEnv":"Development"}
2026-07-28 13:33:39.352 +02:00[INF] - HTTP GET /api/Medicine responded 200 in 9.4248 ms {"UserId":"3","RemoteIP":"::1","SourceContext":"Serilog.AspNetCore.RequestLoggingMiddleware","RequestId":"0HNNCGO2MO9S5:00000011","ConnectionId":"0HNNCGO2MO9S5","Application":"PetHealth.API","AppEnv":"Development"}
2026-07-28 13:33:39.352 +02:00[INF] - HTTP GET /api/Prescription responded 200 in 9.3661 ms {"UserId":"3","RemoteIP":"::1","SourceContext":"Serilog.AspNetCore.RequestLoggingMiddleware","RequestId":"0HNNCGO2MO9S3:00000016","ConnectionId":"0HNNCGO2MO9S3","Application":"PetHealth.API","AppEnv":"Development"}
2026-07-28 13:33:41.445 +02:00[INF] - HTTP GET /api/Prescription/Item/33 responded 200 in 6.2283 ms {"UserId":"3","RemoteIP":"::1","SourceContext":"Serilog.AspNetCore.RequestLoggingMiddleware","RequestId":"0HNNCGO2MO9S5:00000013","ConnectionId":"0HNNCGO2MO9S5","Application":"PetHealth.API","AppEnv":"Development"}
2026-07-28 13:33:47.356 +02:00[INF] - HTTP GET /api/Pet responded 200 in 4.1744 ms {"UserId":"3","RemoteIP":"::1","SourceContext":"Serilog.AspNetCore.RequestLoggingMiddleware","RequestId":"0HNNCGO2MO9S3:00000018","ConnectionId":"0HNNCGO2MO9S3","Application":"PetHealth.API","AppEnv":"Development"}
2026-07-28 13:33:47.356 +02:00[INF] - HTTP GET /api/AppUser responded 200 in 3.5863 ms {"UserId":"3","RemoteIP":"::1","SourceContext":"Serilog.AspNetCore.RequestLoggingMiddleware","RequestId":"0HNNCGO2MO9S5:00000015","ConnectionId":"0HNNCGO2MO9S5","Application":"PetHealth.API","AppEnv":"Development"}
2026-07-28 13:33:47.359 +02:00[INF] - HTTP GET /api/Appointment responded 200 in 7.2749 ms {"UserId":"3","RemoteIP":"::1","SourceContext":"Serilog.AspNetCore.RequestLoggingMiddleware","RequestId":"0HNNCGO2MO9S4:0000000E","ConnectionId":"0HNNCGO2MO9S4","Application":"PetHealth.API","AppEnv":"Development"}
2026-07-28 13:33:48.085 +02:00[INF] - HTTP GET /api/Medicine responded 200 in 3.1474 ms {"UserId":"3","RemoteIP":"::1","SourceContext":"Serilog.AspNetCore.RequestLoggingMiddleware","RequestId":"0HNNCGO2MO9S4:00000010","ConnectionId":"0HNNCGO2MO9S4","Application":"PetHealth.API","AppEnv":"Development"}
2026-07-28 13:33:48.085 +02:00[INF] - HTTP GET /api/Prescription responded 200 in 3.1480 ms {"UserId":"3","RemoteIP":"::1","SourceContext":"Serilog.AspNetCore.RequestLoggingMiddleware","RequestId":"0HNNCGO2MO9S5:00000017","ConnectionId":"0HNNCGO2MO9S5","Application":"PetHealth.API","AppEnv":"Development"}
2026-07-28 13:34:45.736 +02:00[INF] - HTTP GET /api/Medicine responded 200 in 5.0465 ms {"UserId":"3","RemoteIP":"::1","SourceContext":"Serilog.AspNetCore.RequestLoggingMiddleware","RequestId":"0HNNCGO2MO9S8:00000002","ConnectionId":"0HNNCGO2MO9S8","Application":"PetHealth.API","AppEnv":"Development"}
2026-07-28 13:34:45.736 +02:00[INF] - HTTP GET /api/Prescription responded 200 in 5.0791 ms {"UserId":"3","RemoteIP":"::1","SourceContext":"Serilog.AspNetCore.RequestLoggingMiddleware","RequestId":"0HNNCGO2MO9S7:00000002","ConnectionId":"0HNNCGO2MO9S7","Application":"PetHealth.API","AppEnv":"Development"}
2026-07-28 14:41:11.409 +02:00[INF] - HTTP GET /api/AppUser responded 200 in 12.8834 ms {"UserId":"3","RemoteIP":"::1","SourceContext":"Serilog.AspNetCore.RequestLoggingMiddleware","RequestId":"0HNNCGO2MO9S9:00000002","ConnectionId":"0HNNCGO2MO9S9","Application":"PetHealth.API","AppEnv":"Development"}
2026-07-28 14:41:11.409 +02:00[INF] - HTTP GET /api/Pet responded 200 in 12.8826 ms {"UserId":"3","RemoteIP":"::1","SourceContext":"Serilog.AspNetCore.RequestLoggingMiddleware","RequestId":"0HNNCGO2MO9SA:00000002","ConnectionId":"0HNNCGO2MO9SA","Application":"PetHealth.API","AppEnv":"Development"}
2026-07-28 14:41:11.409 +02:00[INF] - HTTP GET /api/Appointment responded 200 in 13.6361 ms {"UserId":"3","RemoteIP":"::1","SourceContext":"Serilog.AspNetCore.RequestLoggingMiddleware","RequestId":"0HNNCGO2MO9SB:00000002","ConnectionId":"0HNNCGO2MO9SB","Application":"PetHealth.API","AppEnv":"Development"}
2026-07-28 14:41:40.185 +02:00[INF] - HTTP GET /api/Pet responded 200 in 3.8696 ms {"UserId":"3","RemoteIP":"::1","SourceContext":"Serilog.AspNetCore.RequestLoggingMiddleware","RequestId":"0HNNCGO2MO9SA:00000004","ConnectionId":"0HNNCGO2MO9SA","Application":"PetHealth.API","AppEnv":"Development"}
2026-07-28 14:41:40.185 +02:00[INF] - HTTP GET /api/AppUser responded 200 in 3.7965 ms {"UserId":"3","RemoteIP":"::1","SourceContext":"Serilog.AspNetCore.RequestLoggingMiddleware","RequestId":"0HNNCGO2MO9S9:00000004","ConnectionId":"0HNNCGO2MO9S9","Application":"PetHealth.API","AppEnv":"Development"}
2026-07-28 14:41:40.186 +02:00[INF] - HTTP GET /api/Appointment responded 200 in 5.3168 ms {"UserId":"3","RemoteIP":"::1","SourceContext":"Serilog.AspNetCore.RequestLoggingMiddleware","RequestId":"0HNNCGO2MO9SB:00000004","ConnectionId":"0HNNCGO2MO9SB","Application":"PetHealth.API","AppEnv":"Development"}
2026-07-28 14:41:46.608 +02:00[INF] - HTTP GET /api/Pet/my-pets responded 404 in 4.0664 ms {"UserId":"3","RemoteIP":"::1","SourceContext":"Serilog.AspNetCore.RequestLoggingMiddleware","RequestId":"0HNNCGO2MO9SB:00000006","ConnectionId":"0HNNCGO2MO9SB","Application":"PetHealth.API","AppEnv":"Development"}
2026-07-28 14:41:47.555 +02:00[INF] - HTTP GET /api/AppUser responded 200 in 3.2809 ms {"UserId":"3","RemoteIP":"::1","SourceContext":"Serilog.AspNetCore.RequestLoggingMiddleware","RequestId":"0HNNCGO2MO9SB:00000008","ConnectionId":"0HNNCGO2MO9SB","Application":"PetHealth.API","AppEnv":"Development"}
2026-07-28 14:41:47.555 +02:00[INF] - HTTP GET /api/Pet responded 200 in 3.2932 ms {"UserId":"3","RemoteIP":"::1","SourceContext":"Serilog.AspNetCore.RequestLoggingMiddleware","RequestId":"0HNNCGO2MO9SA:00000006","ConnectionId":"0HNNCGO2MO9SA","Application":"PetHealth.API","AppEnv":"Development"}
2026-07-28 14:41:47.557 +02:00[INF] - HTTP GET /api/Appointment responded 200 in 4.6132 ms {"UserId":"3","RemoteIP":"::1","SourceContext":"Serilog.AspNetCore.RequestLoggingMiddleware","RequestId":"0HNNCGO2MO9S9:00000006","ConnectionId":"0HNNCGO2MO9S9","Application":"PetHealth.API","AppEnv":"Development"}
2026-07-28 14:41:48.389 +02:00[INF] - HTTP GET /api/Medicine responded 200 in 3.4653 ms {"UserId":"3","RemoteIP":"::1","SourceContext":"Serilog.AspNetCore.RequestLoggingMiddleware","RequestId":"0HNNCGO2MO9S9:00000008","ConnectionId":"0HNNCGO2MO9S9","Application":"PetHealth.API","AppEnv":"Development"}
2026-07-28 14:41:48.389 +02:00[INF] - HTTP GET /api/Prescription responded 200 in 3.4653 ms {"UserId":"3","RemoteIP":"::1","SourceContext":"Serilog.AspNetCore.RequestLoggingMiddleware","RequestId":"0HNNCGO2MO9SA:00000008","ConnectionId":"0HNNCGO2MO9SA","Application":"PetHealth.API","AppEnv":"Development"}
2026-07-28 14:41:58.696 +02:00[INF] - HTTP GET /api/Pet responded 200 in 3.7669 ms {"UserId":"3","RemoteIP":"::1","SourceContext":"Serilog.AspNetCore.RequestLoggingMiddleware","RequestId":"0HNNCGO2MO9S9:0000000A","ConnectionId":"0HNNCGO2MO9S9","Application":"PetHealth.API","AppEnv":"Development"}
2026-07-28 14:41:58.696 +02:00[INF] - HTTP GET /api/AppUser responded 200 in 3.7256 ms {"UserId":"3","RemoteIP":"::1","SourceContext":"Serilog.AspNetCore.RequestLoggingMiddleware","RequestId":"0HNNCGO2MO9SA:0000000A","ConnectionId":"0HNNCGO2MO9SA","Application":"PetHealth.API","AppEnv":"Development"}
2026-07-28 14:41:58.697 +02:00[INF] - HTTP GET /api/Appointment responded 200 in 5.0122 ms {"UserId":"3","RemoteIP":"::1","SourceContext":"Serilog.AspNetCore.RequestLoggingMiddleware","RequestId":"0HNNCGO2MO9SB:0000000A","ConnectionId":"0HNNCGO2MO9SB","Application":"PetHealth.API","AppEnv":"Development"}
2026-07-28 14:42:07.799 +02:00[INF] - HTTP GET /api/Prescription responded 200 in 3.2293 ms {"UserId":"3","RemoteIP":"::1","SourceContext":"Serilog.AspNetCore.RequestLoggingMiddleware","RequestId":"0HNNCGO2MO9SA:0000000C","ConnectionId":"0HNNCGO2MO9SA","Application":"PetHealth.API","AppEnv":"Development"}
2026-07-28 14:42:07.800 +02:00[INF] - HTTP GET /api/Medicine responded 200 in 3.1822 ms {"UserId":"3","RemoteIP":"::1","SourceContext":"Serilog.AspNetCore.RequestLoggingMiddleware","RequestId":"0HNNCGO2MO9SB:0000000C","ConnectionId":"0HNNCGO2MO9SB","Application":"PetHealth.API","AppEnv":"Development"}
2026-07-28 14:42:10.647 +02:00[INF] - HTTP GET /api/Pet/my-pets responded 404 in 2.7563 ms {"UserId":"3","RemoteIP":"::1","SourceContext":"Serilog.AspNetCore.RequestLoggingMiddleware","RequestId":"0HNNCGO2MO9SA:0000000E","ConnectionId":"0HNNCGO2MO9SA","Application":"PetHealth.API","AppEnv":"Development"}
2026-07-28 14:42:11.680 +02:00[INF] - HTTP GET /api/AppUser responded 200 in 2.6506 ms {"UserId":"3","RemoteIP":"::1","SourceContext":"Serilog.AspNetCore.RequestLoggingMiddleware","RequestId":"0HNNCGO2MO9SB:0000000E","ConnectionId":"0HNNCGO2MO9SB","Application":"PetHealth.API","AppEnv":"Development"}
2026-07-28 14:42:11.680 +02:00[INF] - HTTP GET /api/Pet responded 200 in 3.0582 ms {"UserId":"3","RemoteIP":"::1","SourceContext":"Serilog.AspNetCore.RequestLoggingMiddleware","RequestId":"0HNNCGO2MO9S9:0000000C","ConnectionId":"0HNNCGO2MO9S9","Application":"PetHealth.API","AppEnv":"Development"}
2026-07-28 14:42:11.681 +02:00[INF] - HTTP GET /api/Appointment responded 200 in 4.7570 ms {"UserId":"3","RemoteIP":"::1","SourceContext":"Serilog.AspNetCore.RequestLoggingMiddleware","RequestId":"0HNNCGO2MO9SA:00000010","ConnectionId":"0HNNCGO2MO9SA","Application":"PetHealth.API","AppEnv":"Development"}
2026-07-28 14:42:22.228 +02:00[INF] - HTTP GET /api/Medicine responded 200 in 3.6700 ms {"UserId":"3","RemoteIP":"::1","SourceContext":"Serilog.AspNetCore.RequestLoggingMiddleware","RequestId":"0HNNCGO2MO9SA:00000012","ConnectionId":"0HNNCGO2MO9SA","Application":"PetHealth.API","AppEnv":"Development"}
2026-07-28 14:42:22.228 +02:00[INF] - HTTP GET /api/Prescription responded 200 in 3.6921 ms {"UserId":"3","RemoteIP":"::1","SourceContext":"Serilog.AspNetCore.RequestLoggingMiddleware","RequestId":"0HNNCGO2MO9SB:00000010","ConnectionId":"0HNNCGO2MO9SB","Application":"PetHealth.API","AppEnv":"Development"}
2026-07-28 14:42:43.184 +02:00[INF] - HTTP GET /api/Pet responded 200 in 2.8601 ms {"UserId":"3","RemoteIP":"::1","SourceContext":"Serilog.AspNetCore.RequestLoggingMiddleware","RequestId":"0HNNCGO2MO9SA:00000014","ConnectionId":"0HNNCGO2MO9SA","Application":"PetHealth.API","AppEnv":"Development"}
2026-07-28 14:42:43.184 +02:00[INF] - HTTP GET /api/AppUser responded 200 in 2.8650 ms {"UserId":"3","RemoteIP":"::1","SourceContext":"Serilog.AspNetCore.RequestLoggingMiddleware","RequestId":"0HNNCGO2MO9SB:00000012","ConnectionId":"0HNNCGO2MO9SB","Application":"PetHealth.API","AppEnv":"Development"}
2026-07-28 14:42:43.185 +02:00[INF] - HTTP GET /api/Appointment responded 200 in 3.5022 ms {"UserId":"3","RemoteIP":"::1","SourceContext":"Serilog.AspNetCore.RequestLoggingMiddleware","RequestId":"0HNNCGO2MO9S9:0000000E","ConnectionId":"0HNNCGO2MO9S9","Application":"PetHealth.API","AppEnv":"Development"}
2026-07-28 14:43:20.511 +02:00[INF] - HTTP GET /api/Medicine responded 200 in 3.1010 ms {"UserId":"3","RemoteIP":"::1","SourceContext":"Serilog.AspNetCore.RequestLoggingMiddleware","RequestId":"0HNNCGO2MO9S9:00000010","ConnectionId":"0HNNCGO2MO9S9","Application":"PetHealth.API","AppEnv":"Development"}
2026-07-28 14:43:20.511 +02:00[INF] - HTTP GET /api/Prescription responded 200 in 3.1078 ms {"UserId":"3","RemoteIP":"::1","SourceContext":"Serilog.AspNetCore.RequestLoggingMiddleware","RequestId":"0HNNCGO2MO9SA:00000016","ConnectionId":"0HNNCGO2MO9SA","Application":"PetHealth.API","AppEnv":"Development"}
2026-07-28 14:43:42.882 +02:00[INF] - HTTP GET /api/Pet responded 200 in 2.2879 ms {"UserId":"3","RemoteIP":"::1","SourceContext":"Serilog.AspNetCore.RequestLoggingMiddleware","RequestId":"0HNNCGO2MO9SB:00000014","ConnectionId":"0HNNCGO2MO9SB","Application":"PetHealth.API","AppEnv":"Development"}
2026-07-28 14:43:42.882 +02:00[INF] - HTTP GET /api/AppUser responded 200 in 2.4511 ms {"UserId":"3","RemoteIP":"::1","SourceContext":"Serilog.AspNetCore.RequestLoggingMiddleware","RequestId":"0HNNCGO2MO9S9:00000012","ConnectionId":"0HNNCGO2MO9S9","Application":"PetHealth.API","AppEnv":"Development"}
2026-07-28 14:43:42.883 +02:00[INF] - HTTP GET /api/Appointment responded 200 in 3.7658 ms {"UserId":"3","RemoteIP":"::1","SourceContext":"Serilog.AspNetCore.RequestLoggingMiddleware","RequestId":"0HNNCGO2MO9SA:00000018","ConnectionId":"0HNNCGO2MO9SA","Application":"PetHealth.API","AppEnv":"Development"}
2026-07-28 14:43:45.560 +02:00[INF] - HTTP GET /api/Prescription responded 200 in 3.1612 ms {"UserId":"3","RemoteIP":"::1","SourceContext":"Serilog.AspNetCore.RequestLoggingMiddleware","RequestId":"0HNNCGO2MO9S9:00000014","ConnectionId":"0HNNCGO2MO9S9","Application":"PetHealth.API","AppEnv":"Development"}
2026-07-28 14:43:45.560 +02:00[INF] - HTTP GET /api/Medicine responded 200 in 3.1611 ms {"UserId":"3","RemoteIP":"::1","SourceContext":"Serilog.AspNetCore.RequestLoggingMiddleware","RequestId":"0HNNCGO2MO9SA:0000001A","ConnectionId":"0HNNCGO2MO9SA","Application":"PetHealth.API","AppEnv":"Development"}
2026-07-28 14:43:59.023 +02:00[INF] - HTTP GET /api/Pet/my-pets responded 404 in 2.3463 ms {"UserId":"3","RemoteIP":"::1","SourceContext":"Serilog.AspNetCore.RequestLoggingMiddleware","RequestId":"0HNNCGO2MO9S9:00000016","ConnectionId":"0HNNCGO2MO9S9","Application":"PetHealth.API","AppEnv":"Development"}
2026-07-28 14:44:00.279 +02:00[INF] - HTTP GET /api/AppUser/me responded 200 in 2.7776 ms {"UserId":"3","RemoteIP":"::1","SourceContext":"Serilog.AspNetCore.RequestLoggingMiddleware","RequestId":"0HNNCGO2MO9S9:00000018","ConnectionId":"0HNNCGO2MO9S9","Application":"PetHealth.API","AppEnv":"Development"}
2026-07-28 14:44:02.832 +02:00[INF] - HTTP GET /api/Pet/my-pets responded 404 in 2.4904 ms {"UserId":"3","RemoteIP":"::1","SourceContext":"Serilog.AspNetCore.RequestLoggingMiddleware","RequestId":"0HNNCGO2MO9S9:00000019","ConnectionId":"0HNNCGO2MO9S9","Application":"PetHealth.API","AppEnv":"Development"}
2026-07-28 14:44:03.319 +02:00[INF] - HTTP GET /api/AppUser responded 200 in 2.7445 ms {"UserId":"3","RemoteIP":"::1","SourceContext":"Serilog.AspNetCore.RequestLoggingMiddleware","RequestId":"0HNNCGO2MO9SA:0000001C","ConnectionId":"0HNNCGO2MO9SA","Application":"PetHealth.API","AppEnv":"Development"}
2026-07-28 14:44:03.319 +02:00[INF] - HTTP GET /api/Pet responded 200 in 2.7623 ms {"UserId":"3","RemoteIP":"::1","SourceContext":"Serilog.AspNetCore.RequestLoggingMiddleware","RequestId":"0HNNCGO2MO9SB:00000016","ConnectionId":"0HNNCGO2MO9SB","Application":"PetHealth.API","AppEnv":"Development"}
2026-07-28 14:44:03.321 +02:00[INF] - HTTP GET /api/Appointment responded 200 in 4.5196 ms {"UserId":"3","RemoteIP":"::1","SourceContext":"Serilog.AspNetCore.RequestLoggingMiddleware","RequestId":"0HNNCGO2MO9S9:0000001B","ConnectionId":"0HNNCGO2MO9S9","Application":"PetHealth.API","AppEnv":"Development"}
2026-07-28 14:44:04.393 +02:00[INF] - HTTP GET /api/Medicine responded 200 in 3.0328 ms {"UserId":"3","RemoteIP":"::1","SourceContext":"Serilog.AspNetCore.RequestLoggingMiddleware","RequestId":"0HNNCGO2MO9S9:0000001D","ConnectionId":"0HNNCGO2MO9S9","Application":"PetHealth.API","AppEnv":"Development"}
2026-07-28 14:44:04.393 +02:00[INF] - HTTP GET /api/Prescription responded 200 in 3.0333 ms {"UserId":"3","RemoteIP":"::1","SourceContext":"Serilog.AspNetCore.RequestLoggingMiddleware","RequestId":"0HNNCGO2MO9SA:0000001E","ConnectionId":"0HNNCGO2MO9SA","Application":"PetHealth.API","AppEnv":"Development"}
2026-07-28 14:44:33.043 +02:00[INF] - HTTP GET /api/Prescription/Item/33 responded 200 in 5.0520 ms {"UserId":"3","RemoteIP":"::1","SourceContext":"Serilog.AspNetCore.RequestLoggingMiddleware","RequestId":"0HNNCGO2MO9SA:00000020","ConnectionId":"0HNNCGO2MO9SA","Application":"PetHealth.API","AppEnv":"Development"}
2026-07-28 14:44:37.352 +02:00[INF] - HTTP GET /api/Pet responded 200 in 4.0560 ms {"UserId":"3","RemoteIP":"::1","SourceContext":"Serilog.AspNetCore.RequestLoggingMiddleware","RequestId":"0HNNCGO2MO9SB:00000018","ConnectionId":"0HNNCGO2MO9SB","Application":"PetHealth.API","AppEnv":"Development"}
2026-07-28 14:44:37.352 +02:00[INF] - HTTP GET /api/AppUser responded 200 in 4.0703 ms {"UserId":"3","RemoteIP":"::1","SourceContext":"Serilog.AspNetCore.RequestLoggingMiddleware","RequestId":"0HNNCGO2MO9S9:0000001F","ConnectionId":"0HNNCGO2MO9S9","Application":"PetHealth.API","AppEnv":"Development"}
2026-07-28 14:44:37.353 +02:00[INF] - HTTP GET /api/Appointment responded 200 in 5.4552 ms {"UserId":"3","RemoteIP":"::1","SourceContext":"Serilog.AspNetCore.RequestLoggingMiddleware","RequestId":"0HNNCGO2MO9SA:00000022","ConnectionId":"0HNNCGO2MO9SA","Application":"PetHealth.API","AppEnv":"Development"}
2026-07-28 14:44:41.008 +02:00[INF] - HTTP GET /api/Medicine responded 200 in 3.8198 ms {"UserId":"3","RemoteIP":"::1","SourceContext":"Serilog.AspNetCore.RequestLoggingMiddleware","RequestId":"0HNNCGO2MO9SA:00000024","ConnectionId":"0HNNCGO2MO9SA","Application":"PetHealth.API","AppEnv":"Development"}
2026-07-28 14:44:41.008 +02:00[INF] - HTTP GET /api/Prescription responded 200 in 4.0472 ms {"UserId":"3","RemoteIP":"::1","SourceContext":"Serilog.AspNetCore.RequestLoggingMiddleware","RequestId":"0HNNCGO2MO9SB:0000001A","ConnectionId":"0HNNCGO2MO9SB","Application":"PetHealth.API","AppEnv":"Development"}
2026-07-28 14:44:41.964 +02:00[INF] - HTTP GET /api/Pet responded 200 in 2.3555 ms {"UserId":"3","RemoteIP":"::1","SourceContext":"Serilog.AspNetCore.RequestLoggingMiddleware","RequestId":"0HNNCGO2MO9SA:00000025","ConnectionId":"0HNNCGO2MO9SA","Application":"PetHealth.API","AppEnv":"Development"}
2026-07-28 14:44:41.964 +02:00[INF] - HTTP GET /api/AppUser responded 200 in 2.3553 ms {"UserId":"3","RemoteIP":"::1","SourceContext":"Serilog.AspNetCore.RequestLoggingMiddleware","RequestId":"0HNNCGO2MO9S9:00000020","ConnectionId":"0HNNCGO2MO9S9","Application":"PetHealth.API","AppEnv":"Development"}
2026-07-28 14:44:41.965 +02:00[INF] - HTTP GET /api/Appointment responded 200 in 4.0018 ms {"UserId":"3","RemoteIP":"::1","SourceContext":"Serilog.AspNetCore.RequestLoggingMiddleware","RequestId":"0HNNCGO2MO9SB:0000001B","ConnectionId":"0HNNCGO2MO9SB","Application":"PetHealth.API","AppEnv":"Development"}
2026-07-28 14:44:53.039 +02:00[INF] - HTTP GET /api/Medicine responded 200 in 3.2795 ms {"UserId":"3","RemoteIP":"::1","SourceContext":"Serilog.AspNetCore.RequestLoggingMiddleware","RequestId":"0HNNCGO2MO9SB:0000001D","ConnectionId":"0HNNCGO2MO9SB","Application":"PetHealth.API","AppEnv":"Development"}
2026-07-28 14:44:53.039 +02:00[INF] - HTTP GET /api/Prescription responded 200 in 3.2794 ms {"UserId":"3","RemoteIP":"::1","SourceContext":"Serilog.AspNetCore.RequestLoggingMiddleware","RequestId":"0HNNCGO2MO9S9:00000022","ConnectionId":"0HNNCGO2MO9S9","Application":"PetHealth.API","AppEnv":"Development"}
2026-07-28 14:44:57.779 +02:00[INF] - HTTP GET /api/AppUser responded 200 in 2.6232 ms {"UserId":"3","RemoteIP":"::1","SourceContext":"Serilog.AspNetCore.RequestLoggingMiddleware","RequestId":"0HNNCGO2MO9SB:0000001F","ConnectionId":"0HNNCGO2MO9SB","Application":"PetHealth.API","AppEnv":"Development"}
2026-07-28 14:44:57.779 +02:00[INF] - HTTP GET /api/Pet responded 200 in 2.8826 ms {"UserId":"3","RemoteIP":"::1","SourceContext":"Serilog.AspNetCore.RequestLoggingMiddleware","RequestId":"0HNNCGO2MO9SA:00000027","ConnectionId":"0HNNCGO2MO9SA","Application":"PetHealth.API","AppEnv":"Development"}
2026-07-28 14:44:57.780 +02:00[INF] - HTTP GET /api/Appointment responded 200 in 4.1442 ms {"UserId":"3","RemoteIP":"::1","SourceContext":"Serilog.AspNetCore.RequestLoggingMiddleware","RequestId":"0HNNCGO2MO9S9:00000024","ConnectionId":"0HNNCGO2MO9S9","Application":"PetHealth.API","AppEnv":"Development"}
2026-07-28 14:45:19.649 +02:00[INF] - HTTP GET /api/Prescription responded 200 in 2.1238 ms {"UserId":"3","RemoteIP":"::1","SourceContext":"Serilog.AspNetCore.RequestLoggingMiddleware","RequestId":"0HNNCGO2MO9S9:00000026","ConnectionId":"0HNNCGO2MO9S9","Application":"PetHealth.API","AppEnv":"Development"}
2026-07-28 14:45:19.649 +02:00[INF] - HTTP GET /api/Medicine responded 200 in 1.4822 ms {"UserId":"3","RemoteIP":"::1","SourceContext":"Serilog.AspNetCore.RequestLoggingMiddleware","RequestId":"0HNNCGO2MO9SB:00000021","ConnectionId":"0HNNCGO2MO9SB","Application":"PetHealth.API","AppEnv":"Development"}
2026-07-28 14:47:03.133 +02:00[INF] - HTTP GET /api/Pet responded 200 in 3.0438 ms {"UserId":"3","RemoteIP":"::1","SourceContext":"Serilog.AspNetCore.RequestLoggingMiddleware","RequestId":"0HNNCGO2MO9S9:00000028","ConnectionId":"0HNNCGO2MO9S9","Application":"PetHealth.API","AppEnv":"Development"}
2026-07-28 14:47:03.133 +02:00[INF] - HTTP GET /api/AppUser responded 200 in 3.0864 ms {"UserId":"3","RemoteIP":"::1","SourceContext":"Serilog.AspNetCore.RequestLoggingMiddleware","RequestId":"0HNNCGO2MO9SA:00000029","ConnectionId":"0HNNCGO2MO9SA","Application":"PetHealth.API","AppEnv":"Development"}
2026-07-28 14:47:03.134 +02:00[INF] - HTTP GET /api/Appointment responded 200 in 4.0224 ms {"UserId":"3","RemoteIP":"::1","SourceContext":"Serilog.AspNetCore.RequestLoggingMiddleware","RequestId":"0HNNCGO2MO9SB:00000023","ConnectionId":"0HNNCGO2MO9SB","Application":"PetHealth.API","AppEnv":"Development"}
2026-07-28 14:51:02.598 +02:00[INF] - HTTP GET /api/Pet responded 200 in 4.8370 ms {"UserId":"3","RemoteIP":"::1","SourceContext":"Serilog.AspNetCore.RequestLoggingMiddleware","RequestId":"0HNNCGO2MO9SH:00000002","ConnectionId":"0HNNCGO2MO9SH","Application":"PetHealth.API","AppEnv":"Development"}
2026-07-28 14:51:02.598 +02:00[INF] - HTTP GET /api/AppUser responded 200 in 4.8377 ms {"UserId":"3","RemoteIP":"::1","SourceContext":"Serilog.AspNetCore.RequestLoggingMiddleware","RequestId":"0HNNCGO2MO9SG:00000002","ConnectionId":"0HNNCGO2MO9SG","Application":"PetHealth.API","AppEnv":"Development"}
2026-07-28 14:51:02.600 +02:00[INF] - HTTP GET /api/Appointment responded 200 in 6.3781 ms {"UserId":"3","RemoteIP":"::1","SourceContext":"Serilog.AspNetCore.RequestLoggingMiddleware","RequestId":"0HNNCGO2MO9SF:00000002","ConnectionId":"0HNNCGO2MO9SF","Application":"PetHealth.API","AppEnv":"Development"}
2026-07-28 14:51:15.103 +02:00[INF] - HTTP GET /api/Pet responded 200 in 4.6420 ms {"UserId":"3","RemoteIP":"::1","SourceContext":"Serilog.AspNetCore.RequestLoggingMiddleware","RequestId":"0HNNCGO2MO9SG:00000004","ConnectionId":"0HNNCGO2MO9SG","Application":"PetHealth.API","AppEnv":"Development"}
2026-07-28 14:51:15.103 +02:00[INF] - HTTP GET /api/AppUser responded 200 in 4.3617 ms {"UserId":"3","RemoteIP":"::1","SourceContext":"Serilog.AspNetCore.RequestLoggingMiddleware","RequestId":"0HNNCGO2MO9SF:00000004","ConnectionId":"0HNNCGO2MO9SF","Application":"PetHealth.API","AppEnv":"Development"}
2026-07-28 14:51:15.104 +02:00[INF] - HTTP GET /api/Appointment responded 200 in 5.7418 ms {"UserId":"3","RemoteIP":"::1","SourceContext":"Serilog.AspNetCore.RequestLoggingMiddleware","RequestId":"0HNNCGO2MO9SH:00000004","ConnectionId":"0HNNCGO2MO9SH","Application":"PetHealth.API","AppEnv":"Development"}
2026-07-28 14:51:28.212 +02:00[INF] - HTTP GET /api/Pet responded 200 in 2.3243 ms {"UserId":"3","RemoteIP":"::1","SourceContext":"Serilog.AspNetCore.RequestLoggingMiddleware","RequestId":"0HNNCGO2MO9SF:00000006","ConnectionId":"0HNNCGO2MO9SF","Application":"PetHealth.API","AppEnv":"Development"}
2026-07-28 14:51:28.212 +02:00[INF] - HTTP GET /api/AppUser responded 200 in 2.2484 ms {"UserId":"3","RemoteIP":"::1","SourceContext":"Serilog.AspNetCore.RequestLoggingMiddleware","RequestId":"0HNNCGO2MO9SH:00000006","ConnectionId":"0HNNCGO2MO9SH","Application":"PetHealth.API","AppEnv":"Development"}
2026-07-28 14:51:28.213 +02:00[INF] - HTTP GET /api/Appointment responded 200 in 3.3811 ms {"UserId":"3","RemoteIP":"::1","SourceContext":"Serilog.AspNetCore.RequestLoggingMiddleware","RequestId":"0HNNCGO2MO9SG:00000006","ConnectionId":"0HNNCGO2MO9SG","Application":"PetHealth.API","AppEnv":"Development"}
2026-07-28 14:51:40.541 +02:00[INF] - HTTP GET /api/Pet responded 200 in 2.3639 ms {"UserId":"3","RemoteIP":"::1","SourceContext":"Serilog.AspNetCore.RequestLoggingMiddleware","RequestId":"0HNNCGO2MO9SH:00000008","ConnectionId":"0HNNCGO2MO9SH","Application":"PetHealth.API","AppEnv":"Development"}
2026-07-28 14:51:40.541 +02:00[INF] - HTTP GET /api/AppUser responded 200 in 2.3704 ms {"UserId":"3","RemoteIP":"::1","SourceContext":"Serilog.AspNetCore.RequestLoggingMiddleware","RequestId":"0HNNCGO2MO9SF:00000008","ConnectionId":"0HNNCGO2MO9SF","Application":"PetHealth.API","AppEnv":"Development"}
2026-07-28 14:51:40.541 +02:00[INF] - HTTP GET /api/Appointment responded 200 in 3.6853 ms {"UserId":"3","RemoteIP":"::1","SourceContext":"Serilog.AspNetCore.RequestLoggingMiddleware","RequestId":"0HNNCGO2MO9SG:00000008","ConnectionId":"0HNNCGO2MO9SG","Application":"PetHealth.API","AppEnv":"Development"}
2026-07-28 14:51:53.135 +02:00[INF] - HTTP GET /api/AppUser responded 200 in 3.2478 ms {"UserId":"3","RemoteIP":"::1","SourceContext":"Serilog.AspNetCore.RequestLoggingMiddleware","RequestId":"0HNNCGO2MO9SG:0000000A","ConnectionId":"0HNNCGO2MO9SG","Application":"PetHealth.API","AppEnv":"Development"}
2026-07-28 14:51:53.135 +02:00[INF] - HTTP GET /api/Pet responded 200 in 3.2241 ms {"UserId":"3","RemoteIP":"::1","SourceContext":"Serilog.AspNetCore.RequestLoggingMiddleware","RequestId":"0HNNCGO2MO9SH:0000000A","ConnectionId":"0HNNCGO2MO9SH","Application":"PetHealth.API","AppEnv":"Development"}
2026-07-28 14:51:53.137 +02:00[INF] - HTTP GET /api/Appointment responded 200 in 4.6398 ms {"UserId":"3","RemoteIP":"::1","SourceContext":"Serilog.AspNetCore.RequestLoggingMiddleware","RequestId":"0HNNCGO2MO9SF:0000000A","ConnectionId":"0HNNCGO2MO9SF","Application":"PetHealth.API","AppEnv":"Development"}
2026-07-28 14:52:13.836 +02:00[INF] - HTTP GET /api/AppUser responded 200 in 5.1445 ms {"UserId":"3","RemoteIP":"::1","SourceContext":"Serilog.AspNetCore.RequestLoggingMiddleware","RequestId":"0HNNCGO2MO9SH:0000000C","ConnectionId":"0HNNCGO2MO9SH","Application":"PetHealth.API","AppEnv":"Development"}
2026-07-28 14:52:13.836 +02:00[INF] - HTTP GET /api/Appointment responded 200 in 5.7608 ms {"UserId":"3","RemoteIP":"::1","SourceContext":"Serilog.AspNetCore.RequestLoggingMiddleware","RequestId":"0HNNCGO2MO9SG:0000000C","ConnectionId":"0HNNCGO2MO9SG","Application":"PetHealth.API","AppEnv":"Development"}
2026-07-28 14:52:13.837 +02:00[INF] - HTTP GET /api/Prescription responded 200 in 6.0488 ms {"UserId":"3","RemoteIP":"::1","SourceContext":"Serilog.AspNetCore.RequestLoggingMiddleware","RequestId":"0HNNCGO2MO9SF:0000000D","ConnectionId":"0HNNCGO2MO9SF","Application":"PetHealth.API","AppEnv":"Development"}
2026-07-28 14:52:13.874 +02:00[INF] - HTTP GET /api/Pet responded 200 in 37.8226 ms {"UserId":"3","RemoteIP":"::1","SourceContext":"Serilog.AspNetCore.RequestLoggingMiddleware","RequestId":"0HNNCGO2MO9SJ:00000001","ConnectionId":"0HNNCGO2MO9SJ","Application":"PetHealth.API","AppEnv":"Development"}
2026-07-28 14:52:33.538 +02:00[INF] - HTTP GET /api/Medicine responded 200 in 2.5053 ms {"UserId":"3","RemoteIP":"::1","SourceContext":"Serilog.AspNetCore.RequestLoggingMiddleware","RequestId":"0HNNCGO2MO9SJ:00000003","ConnectionId":"0HNNCGO2MO9SJ","Application":"PetHealth.API","AppEnv":"Development"}
2026-07-28 14:52:33.538 +02:00[INF] - HTTP GET /api/Prescription responded 200 in 2.5108 ms {"UserId":"3","RemoteIP":"::1","SourceContext":"Serilog.AspNetCore.RequestLoggingMiddleware","RequestId":"0HNNCGO2MO9SF:0000000F","ConnectionId":"0HNNCGO2MO9SF","Application":"PetHealth.API","AppEnv":"Development"}
2026-07-28 14:52:36.262 +02:00[INF] - HTTP GET /api/Prescription responded 200 in 4.9143 ms {"UserId":"3","RemoteIP":"::1","SourceContext":"Serilog.AspNetCore.RequestLoggingMiddleware","RequestId":"0HNNCGO2MO9SH:0000000D","ConnectionId":"0HNNCGO2MO9SH","Application":"PetHealth.API","AppEnv":"Development"}
2026-07-28 14:52:36.262 +02:00[INF] - HTTP GET /api/AppUser responded 200 in 3.6952 ms {"UserId":"3","RemoteIP":"::1","SourceContext":"Serilog.AspNetCore.RequestLoggingMiddleware","RequestId":"0HNNCGO2MO9SJ:00000005","ConnectionId":"0HNNCGO2MO9SJ","Application":"PetHealth.API","AppEnv":"Development"}
2026-07-28 14:52:36.263 +02:00[INF] - HTTP GET /api/Appointment responded 200 in 5.0473 ms {"UserId":"3","RemoteIP":"::1","SourceContext":"Serilog.AspNetCore.RequestLoggingMiddleware","RequestId":"0HNNCGO2MO9SF:00000011","ConnectionId":"0HNNCGO2MO9SF","Application":"PetHealth.API","AppEnv":"Development"}
2026-07-28 14:52:36.265 +02:00[INF] - HTTP GET /api/Pet responded 200 in 6.3532 ms {"UserId":"3","RemoteIP":"::1","SourceContext":"Serilog.AspNetCore.RequestLoggingMiddleware","RequestId":"0HNNCGO2MO9SG:0000000E","ConnectionId":"0HNNCGO2MO9SG","Application":"PetHealth.API","AppEnv":"Development"}
2026-07-28 14:53:05.217 +02:00[INF] - HTTP GET /api/Prescription responded 200 in 4.5166 ms {"UserId":"3","RemoteIP":"::1","SourceContext":"Serilog.AspNetCore.RequestLoggingMiddleware","RequestId":"0HNNCGO2MO9SF:00000013","ConnectionId":"0HNNCGO2MO9SF","Application":"PetHealth.API","AppEnv":"Development"}
2026-07-28 14:53:05.217 +02:00[INF] - HTTP GET /api/Appointment responded 200 in 5.6526 ms {"UserId":"3","RemoteIP":"::1","SourceContext":"Serilog.AspNetCore.RequestLoggingMiddleware","RequestId":"0HNNCGO2MO9SG:00000010","ConnectionId":"0HNNCGO2MO9SG","Application":"PetHealth.API","AppEnv":"Development"}
2026-07-28 14:53:05.217 +02:00[INF] - HTTP GET /api/Pet responded 200 in 5.4519 ms {"UserId":"3","RemoteIP":"::1","SourceContext":"Serilog.AspNetCore.RequestLoggingMiddleware","RequestId":"0HNNCGO2MO9SH:0000000F","ConnectionId":"0HNNCGO2MO9SH","Application":"PetHealth.API","AppEnv":"Development"}
2026-07-28 14:53:05.218 +02:00[INF] - HTTP GET /api/AppUser responded 200 in 5.8501 ms {"UserId":"3","RemoteIP":"::1","SourceContext":"Serilog.AspNetCore.RequestLoggingMiddleware","RequestId":"0HNNCGO2MO9SJ:00000007","ConnectionId":"0HNNCGO2MO9SJ","Application":"PetHealth.API","AppEnv":"Development"}
2026-07-28 14:53:17.968 +02:00[INF] - HTTP GET /api/Prescription responded 200 in 1.9727 ms {"UserId":"3","RemoteIP":"::1","SourceContext":"Serilog.AspNetCore.RequestLoggingMiddleware","RequestId":"0HNNCGO2MO9SG:00000012","ConnectionId":"0HNNCGO2MO9SG","Application":"PetHealth.API","AppEnv":"Development"}
2026-07-28 14:53:17.968 +02:00[INF] - HTTP GET /api/Pet responded 200 in 2.4854 ms {"UserId":"3","RemoteIP":"::1","SourceContext":"Serilog.AspNetCore.RequestLoggingMiddleware","RequestId":"0HNNCGO2MO9SH:00000011","ConnectionId":"0HNNCGO2MO9SH","Application":"PetHealth.API","AppEnv":"Development"}
2026-07-28 14:53:17.969 +02:00[INF] - HTTP GET /api/Appointment responded 200 in 3.5212 ms {"UserId":"3","RemoteIP":"::1","SourceContext":"Serilog.AspNetCore.RequestLoggingMiddleware","RequestId":"0HNNCGO2MO9SJ:00000009","ConnectionId":"0HNNCGO2MO9SJ","Application":"PetHealth.API","AppEnv":"Development"}
2026-07-28 14:53:17.970 +02:00[INF] - HTTP GET /api/AppUser responded 200 in 3.6601 ms {"UserId":"3","RemoteIP":"::1","SourceContext":"Serilog.AspNetCore.RequestLoggingMiddleware","RequestId":"0HNNCGO2MO9SF:00000015","ConnectionId":"0HNNCGO2MO9SF","Application":"PetHealth.API","AppEnv":"Development"}
2026-07-28 14:53:29.828 +02:00[INF] - HTTP GET /api/Pet responded 200 in 2.0018 ms {"UserId":"3","RemoteIP":"::1","SourceContext":"Serilog.AspNetCore.RequestLoggingMiddleware","RequestId":"0HNNCGO2MO9SJ:0000000B","ConnectionId":"0HNNCGO2MO9SJ","Application":"PetHealth.API","AppEnv":"Development"}
2026-07-28 14:53:29.828 +02:00[INF] - HTTP GET /api/Prescription responded 200 in 1.7329 ms {"UserId":"3","RemoteIP":"::1","SourceContext":"Serilog.AspNetCore.RequestLoggingMiddleware","RequestId":"0HNNCGO2MO9SG:00000014","ConnectionId":"0HNNCGO2MO9SG","Application":"PetHealth.API","AppEnv":"Development"}
2026-07-28 14:53:29.828 +02:00[INF] - HTTP GET /api/AppUser responded 200 in 2.0126 ms {"UserId":"3","RemoteIP":"::1","SourceContext":"Serilog.AspNetCore.RequestLoggingMiddleware","RequestId":"0HNNCGO2MO9SF:00000017","ConnectionId":"0HNNCGO2MO9SF","Application":"PetHealth.API","AppEnv":"Development"}
2026-07-28 14:53:29.830 +02:00[INF] - HTTP GET /api/Appointment responded 200 in 3.3546 ms {"UserId":"3","RemoteIP":"::1","SourceContext":"Serilog.AspNetCore.RequestLoggingMiddleware","RequestId":"0HNNCGO2MO9SH:00000013","ConnectionId":"0HNNCGO2MO9SH","Application":"PetHealth.API","AppEnv":"Development"}
2026-07-28 14:53:31.323 +02:00[INF] - HTTP GET /api/Prescription responded 200 in 5.4302 ms {"UserId":"3","RemoteIP":"::1","SourceContext":"Serilog.AspNetCore.RequestLoggingMiddleware","RequestId":"0HNNCGO2MO9SH:00000014","ConnectionId":"0HNNCGO2MO9SH","Application":"PetHealth.API","AppEnv":"Development"}
2026-07-28 14:53:31.323 +02:00[INF] - HTTP GET /api/Medicine responded 200 in 5.0931 ms {"UserId":"3","RemoteIP":"::1","SourceContext":"Serilog.AspNetCore.RequestLoggingMiddleware","RequestId":"0HNNCGO2MO9SG:00000016","ConnectionId":"0HNNCGO2MO9SG","Application":"PetHealth.API","AppEnv":"Development"}
2026-07-28 14:53:31.934 +02:00[INF] - HTTP GET /api/AppUser responded 200 in 2.7262 ms {"UserId":"3","RemoteIP":"::1","SourceContext":"Serilog.AspNetCore.RequestLoggingMiddleware","RequestId":"0HNNCGO2MO9SF:00000018","ConnectionId":"0HNNCGO2MO9SF","Application":"PetHealth.API","AppEnv":"Development"}
2026-07-28 14:53:31.934 +02:00[INF] - HTTP GET /api/Pet responded 200 in 2.9592 ms {"UserId":"3","RemoteIP":"::1","SourceContext":"Serilog.AspNetCore.RequestLoggingMiddleware","RequestId":"0HNNCGO2MO9SG:00000017","ConnectionId":"0HNNCGO2MO9SG","Application":"PetHealth.API","AppEnv":"Development"}
2026-07-28 14:53:31.936 +02:00[INF] - HTTP GET /api/Prescription responded 200 in 4.4568 ms {"UserId":"3","RemoteIP":"::1","SourceContext":"Serilog.AspNetCore.RequestLoggingMiddleware","RequestId":"0HNNCGO2MO9SJ:0000000C","ConnectionId":"0HNNCGO2MO9SJ","Application":"PetHealth.API","AppEnv":"Development"}
2026-07-28 14:53:31.936 +02:00[INF] - HTTP GET /api/Appointment responded 200 in 5.1621 ms {"UserId":"3","RemoteIP":"::1","SourceContext":"Serilog.AspNetCore.RequestLoggingMiddleware","RequestId":"0HNNCGO2MO9SH:00000015","ConnectionId":"0HNNCGO2MO9SH","Application":"PetHealth.API","AppEnv":"Development"}
2026-07-28 14:53:33.649 +02:00[INF] - HTTP GET /api/Prescription responded 200 in 4.0792 ms {"UserId":"3","RemoteIP":"::1","SourceContext":"Serilog.AspNetCore.RequestLoggingMiddleware","RequestId":"0HNNCGO2MO9SJ:0000000D","ConnectionId":"0HNNCGO2MO9SJ","Application":"PetHealth.API","AppEnv":"Development"}
2026-07-28 14:53:33.649 +02:00[INF] - HTTP GET /api/Medicine responded 200 in 4.0781 ms {"UserId":"3","RemoteIP":"::1","SourceContext":"Serilog.AspNetCore.RequestLoggingMiddleware","RequestId":"0HNNCGO2MO9SH:00000016","ConnectionId":"0HNNCGO2MO9SH","Application":"PetHealth.API","AppEnv":"Development"}
2026-07-28 14:53:38.995 +02:00[INF] - HTTP GET /api/AppUser responded 200 in 3.6836 ms {"UserId":"3","RemoteIP":"::1","SourceContext":"Serilog.AspNetCore.RequestLoggingMiddleware","RequestId":"0HNNCGO2MO9SH:00000018","ConnectionId":"0HNNCGO2MO9SH","Application":"PetHealth.API","AppEnv":"Development"}
2026-07-28 14:53:38.995 +02:00[INF] - HTTP GET /api/Prescription responded 200 in 3.6641 ms {"UserId":"3","RemoteIP":"::1","SourceContext":"Serilog.AspNetCore.RequestLoggingMiddleware","RequestId":"0HNNCGO2MO9SJ:0000000F","ConnectionId":"0HNNCGO2MO9SJ","Application":"PetHealth.API","AppEnv":"Development"}
2026-07-28 14:53:38.996 +02:00[INF] - HTTP GET /api/Appointment responded 200 in 5.0520 ms {"UserId":"3","RemoteIP":"::1","SourceContext":"Serilog.AspNetCore.RequestLoggingMiddleware","RequestId":"0HNNCGO2MO9SF:0000001A","ConnectionId":"0HNNCGO2MO9SF","Application":"PetHealth.API","AppEnv":"Development"}
2026-07-28 14:53:38.997 +02:00[INF] - HTTP GET /api/Pet responded 200 in 5.3086 ms {"UserId":"3","RemoteIP":"::1","SourceContext":"Serilog.AspNetCore.RequestLoggingMiddleware","RequestId":"0HNNCGO2MO9SG:00000019","ConnectionId":"0HNNCGO2MO9SG","Application":"PetHealth.API","AppEnv":"Development"}
2026-07-28 14:53:51.757 +02:00[INF] - HTTP GET /api/Pet responded 200 in 3.9796 ms {"UserId":"3","RemoteIP":"::1","SourceContext":"Serilog.AspNetCore.RequestLoggingMiddleware","RequestId":"0HNNCGO2MO9SJ:00000011","ConnectionId":"0HNNCGO2MO9SJ","Application":"PetHealth.API","AppEnv":"Development"}
2026-07-28 14:53:51.757 +02:00[INF] - HTTP GET /api/Prescription responded 200 in 3.0675 ms {"UserId":"3","RemoteIP":"::1","SourceContext":"Serilog.AspNetCore.RequestLoggingMiddleware","RequestId":"0HNNCGO2MO9SG:0000001B","ConnectionId":"0HNNCGO2MO9SG","Application":"PetHealth.API","AppEnv":"Development"}
2026-07-28 14:53:51.767 +02:00[INF] - HTTP GET /api/Appointment responded 200 in 4.5089 ms {"UserId":"3","RemoteIP":"::1","SourceContext":"Serilog.AspNetCore.RequestLoggingMiddleware","RequestId":"0HNNCGO2MO9SH:0000001A","ConnectionId":"0HNNCGO2MO9SH","Application":"PetHealth.API","AppEnv":"Development"}
2026-07-28 14:53:51.767 +02:00[INF] - HTTP GET /api/AppUser responded 200 in 4.2763 ms {"UserId":"3","RemoteIP":"::1","SourceContext":"Serilog.AspNetCore.RequestLoggingMiddleware","RequestId":"0HNNCGO2MO9SF:0000001C","ConnectionId":"0HNNCGO2MO9SF","Application":"PetHealth.API","AppEnv":"Development"}
2026-07-28 14:54:14.251 +02:00[INF] - HTTP GET /api/Prescription responded 200 in 3.3232 ms {"UserId":"3","RemoteIP":"::1","SourceContext":"Serilog.AspNetCore.RequestLoggingMiddleware","RequestId":"0HNNCGO2MO9SF:0000001E","ConnectionId":"0HNNCGO2MO9SF","Application":"PetHealth.API","AppEnv":"Development"}
2026-07-28 14:54:14.251 +02:00[INF] - HTTP GET /api/Medicine responded 200 in 3.3216 ms {"UserId":"3","RemoteIP":"::1","SourceContext":"Serilog.AspNetCore.RequestLoggingMiddleware","RequestId":"0HNNCGO2MO9SH:0000001C","ConnectionId":"0HNNCGO2MO9SH","Application":"PetHealth.API","AppEnv":"Development"}
2026-07-28 14:54:14.256 +02:00[INF] - HTTP GET /api/Prescription/Item/79 responded 200 in 2.7976 ms {"UserId":"3","RemoteIP":"::1","SourceContext":"Serilog.AspNetCore.RequestLoggingMiddleware","RequestId":"0HNNCGO2MO9SF:00000020","ConnectionId":"0HNNCGO2MO9SF","Application":"PetHealth.API","AppEnv":"Development"}
2026-07-28 14:54:25.363 +02:00[INF] - HTTP GET /api/Pet responded 200 in 2.4933 ms {"UserId":"3","RemoteIP":"::1","SourceContext":"Serilog.AspNetCore.RequestLoggingMiddleware","RequestId":"0HNNCGO2MO9SH:0000001E","ConnectionId":"0HNNCGO2MO9SH","Application":"PetHealth.API","AppEnv":"Development"}
2026-07-28 14:54:25.363 +02:00[INF] - HTTP GET /api/AppUser responded 200 in 2.4672 ms {"UserId":"3","RemoteIP":"::1","SourceContext":"Serilog.AspNetCore.RequestLoggingMiddleware","RequestId":"0HNNCGO2MO9SF:00000022","ConnectionId":"0HNNCGO2MO9SF","Application":"PetHealth.API","AppEnv":"Development"}
2026-07-28 14:54:25.365 +02:00[INF] - HTTP GET /api/Prescription responded 200 in 3.9851 ms {"UserId":"3","RemoteIP":"::1","SourceContext":"Serilog.AspNetCore.RequestLoggingMiddleware","RequestId":"0HNNCGO2MO9SJ:00000013","ConnectionId":"0HNNCGO2MO9SJ","Application":"PetHealth.API","AppEnv":"Development"}
2026-07-28 14:54:25.365 +02:00[INF] - HTTP GET /api/Appointment responded 200 in 4.0565 ms {"UserId":"3","RemoteIP":"::1","SourceContext":"Serilog.AspNetCore.RequestLoggingMiddleware","RequestId":"0HNNCGO2MO9SG:0000001D","ConnectionId":"0HNNCGO2MO9SG","Application":"PetHealth.API","AppEnv":"Development"}
2026-07-28 14:54:28.110 +02:00[INF] - HTTP GET /api/Medicine responded 200 in 2.2305 ms {"UserId":"3","RemoteIP":"::1","SourceContext":"Serilog.AspNetCore.RequestLoggingMiddleware","RequestId":"0HNNCGO2MO9SJ:00000015","ConnectionId":"0HNNCGO2MO9SJ","Application":"PetHealth.API","AppEnv":"Development"}
2026-07-28 14:54:28.110 +02:00[INF] - HTTP GET /api/Prescription responded 200 in 2.9001 ms {"UserId":"3","RemoteIP":"::1","SourceContext":"Serilog.AspNetCore.RequestLoggingMiddleware","RequestId":"0HNNCGO2MO9SG:0000001E","ConnectionId":"0HNNCGO2MO9SG","Application":"PetHealth.API","AppEnv":"Development"}
2026-07-28 14:54:28.115 +02:00[INF] - HTTP GET /api/Prescription/Item/77 responded 200 in 2.3292 ms {"UserId":"3","RemoteIP":"::1","SourceContext":"Serilog.AspNetCore.RequestLoggingMiddleware","RequestId":"0HNNCGO2MO9SG:00000020","ConnectionId":"0HNNCGO2MO9SG","Application":"PetHealth.API","AppEnv":"Development"}
2026-07-28 14:55:39.108 +02:00[INF] - HTTP GET /api/AppUser responded 200 in 6.4751 ms {"UserId":"3","RemoteIP":"::1","SourceContext":"Serilog.AspNetCore.RequestLoggingMiddleware","RequestId":"0HNNCGO2MO9SR:00000002","ConnectionId":"0HNNCGO2MO9SR","Application":"PetHealth.API","AppEnv":"Development"}
2026-07-28 14:55:39.108 +02:00[INF] - HTTP GET /api/Pet responded 200 in 6.4788 ms {"UserId":"3","RemoteIP":"::1","SourceContext":"Serilog.AspNetCore.RequestLoggingMiddleware","RequestId":"0HNNCGO2MO9SO:00000002","ConnectionId":"0HNNCGO2MO9SO","Application":"PetHealth.API","AppEnv":"Development"}
2026-07-28 14:55:39.109 +02:00[INF] - HTTP GET /api/Prescription responded 200 in 7.6352 ms {"UserId":"3","RemoteIP":"::1","SourceContext":"Serilog.AspNetCore.RequestLoggingMiddleware","RequestId":"0HNNCGO2MO9SQ:00000002","ConnectionId":"0HNNCGO2MO9SQ","Application":"PetHealth.API","AppEnv":"Development"}
2026-07-28 14:55:39.110 +02:00[INF] - HTTP GET /api/Appointment responded 200 in 8.3204 ms {"UserId":"3","RemoteIP":"::1","SourceContext":"Serilog.AspNetCore.RequestLoggingMiddleware","RequestId":"0HNNCGO2MO9SP:00000002","ConnectionId":"0HNNCGO2MO9SP","Application":"PetHealth.API","AppEnv":"Development"}
2026-07-28 14:55:39.811 +02:00[INF] - HTTP GET /api/Prescription responded 200 in 2.6080 ms {"UserId":"3","RemoteIP":"::1","SourceContext":"Serilog.AspNetCore.RequestLoggingMiddleware","RequestId":"0HNNCGO2MO9SP:00000003","ConnectionId":"0HNNCGO2MO9SP","Application":"PetHealth.API","AppEnv":"Development"}
2026-07-28 14:55:39.811 +02:00[INF] - HTTP GET /api/Medicine responded 200 in 1.8927 ms {"UserId":"3","RemoteIP":"::1","SourceContext":"Serilog.AspNetCore.RequestLoggingMiddleware","RequestId":"0HNNCGO2MO9SQ:00000004","ConnectionId":"0HNNCGO2MO9SQ","Application":"PetHealth.API","AppEnv":"Development"}
2026-07-28 14:56:05.024 +02:00[INF] - HTTP GET /api/Pet responded 200 in 2.6493 ms {"UserId":"3","RemoteIP":"::1","SourceContext":"Serilog.AspNetCore.RequestLoggingMiddleware","RequestId":"0HNNCGO2MO9SR:00000004","ConnectionId":"0HNNCGO2MO9SR","Application":"PetHealth.API","AppEnv":"Development"}
2026-07-28 14:56:05.024 +02:00[INF] - HTTP GET /api/Prescription responded 200 in 2.2372 ms {"UserId":"3","RemoteIP":"::1","SourceContext":"Serilog.AspNetCore.RequestLoggingMiddleware","RequestId":"0HNNCGO2MO9SP:00000005","ConnectionId":"0HNNCGO2MO9SP","Application":"PetHealth.API","AppEnv":"Development"}
2026-07-28 14:56:05.025 +02:00[INF] - HTTP GET /api/Appointment responded 200 in 4.3908 ms {"UserId":"3","RemoteIP":"::1","SourceContext":"Serilog.AspNetCore.RequestLoggingMiddleware","RequestId":"0HNNCGO2MO9SQ:00000006","ConnectionId":"0HNNCGO2MO9SQ","Application":"PetHealth.API","AppEnv":"Development"}
2026-07-28 14:56:05.026 +02:00[INF] - HTTP GET /api/AppUser responded 200 in 4.2979 ms {"UserId":"3","RemoteIP":"::1","SourceContext":"Serilog.AspNetCore.RequestLoggingMiddleware","RequestId":"0HNNCGO2MO9SO:00000004","ConnectionId":"0HNNCGO2MO9SO","Application":"PetHealth.API","AppEnv":"Development"}
2026-07-28 14:56:07.171 +02:00[INF] - HTTP GET /api/Prescription responded 200 in 3.4423 ms {"UserId":"3","RemoteIP":"::1","SourceContext":"Serilog.AspNetCore.RequestLoggingMiddleware","RequestId":"0HNNCGO2MO9SO:00000005","ConnectionId":"0HNNCGO2MO9SO","Application":"PetHealth.API","AppEnv":"Development"}
2026-07-28 14:56:07.172 +02:00[INF] - HTTP GET /api/Medicine responded 200 in 3.5019 ms {"UserId":"3","RemoteIP":"::1","SourceContext":"Serilog.AspNetCore.RequestLoggingMiddleware","RequestId":"0HNNCGO2MO9SQ:00000008","ConnectionId":"0HNNCGO2MO9SQ","Application":"PetHealth.API","AppEnv":"Development"}
2026-07-28 14:56:07.178 +02:00[INF] - HTTP GET /api/Prescription/Item/79 responded 200 in 2.7669 ms {"UserId":"3","RemoteIP":"::1","SourceContext":"Serilog.AspNetCore.RequestLoggingMiddleware","RequestId":"0HNNCGO2MO9SQ:0000000A","ConnectionId":"0HNNCGO2MO9SQ","Application":"PetHealth.API","AppEnv":"Development"}
2026-07-28 14:56:19.586 +02:00[INF] - HTTP GET /api/Pet responded 200 in 2.2910 ms {"UserId":"3","RemoteIP":"::1","SourceContext":"Serilog.AspNetCore.RequestLoggingMiddleware","RequestId":"0HNNCGO2MO9SR:00000006","ConnectionId":"0HNNCGO2MO9SR","Application":"PetHealth.API","AppEnv":"Development"}
2026-07-28 14:56:19.586 +02:00[INF] - HTTP GET /api/Prescription responded 200 in 2.2633 ms {"UserId":"3","RemoteIP":"::1","SourceContext":"Serilog.AspNetCore.RequestLoggingMiddleware","RequestId":"0HNNCGO2MO9SO:00000007","ConnectionId":"0HNNCGO2MO9SO","Application":"PetHealth.API","AppEnv":"Development"}
2026-07-28 14:56:19.587 +02:00[INF] - HTTP GET /api/Appointment responded 200 in 4.2371 ms {"UserId":"3","RemoteIP":"::1","SourceContext":"Serilog.AspNetCore.RequestLoggingMiddleware","RequestId":"0HNNCGO2MO9SQ:0000000C","ConnectionId":"0HNNCGO2MO9SQ","Application":"PetHealth.API","AppEnv":"Development"}
2026-07-28 14:56:19.588 +02:00[INF] - HTTP GET /api/AppUser responded 200 in 3.9440 ms {"UserId":"3","RemoteIP":"::1","SourceContext":"Serilog.AspNetCore.RequestLoggingMiddleware","RequestId":"0HNNCGO2MO9SP:00000007","ConnectionId":"0HNNCGO2MO9SP","Application":"PetHealth.API","AppEnv":"Development"}
2026-07-28 14:57:09.546 +02:00[INF] - HTTP POST /api/Appointment responded 200 in 51.1968 ms {"UserId":"3","RemoteIP":"::1","SourceContext":"Serilog.AspNetCore.RequestLoggingMiddleware","RequestId":"0HNNCGO2MO9SP:00000009","ConnectionId":"0HNNCGO2MO9SP","Application":"PetHealth.API","AppEnv":"Development"}
2026-07-28 14:57:09.551 +02:00[INF] - HTTP GET /api/Appointment responded 200 in 2.4019 ms {"UserId":"3","RemoteIP":"::1","SourceContext":"Serilog.AspNetCore.RequestLoggingMiddleware","RequestId":"0HNNCGO2MO9SP:0000000A","ConnectionId":"0HNNCGO2MO9SP","Application":"PetHealth.API","AppEnv":"Development"}
2026-07-28 14:57:12.010 +02:00[INF] - HTTP POST /api/Prescription responded 200 in 5.2921 ms {"UserId":"3","RemoteIP":"::1","SourceContext":"Serilog.AspNetCore.RequestLoggingMiddleware","RequestId":"0HNNCGO2MO9SP:0000000C","ConnectionId":"0HNNCGO2MO9SP","Application":"PetHealth.API","AppEnv":"Development"}
2026-07-28 14:57:12.030 +02:00[INF] - HTTP GET /api/Prescription responded 200 in 3.9184 ms {"UserId":"3","RemoteIP":"::1","SourceContext":"Serilog.AspNetCore.RequestLoggingMiddleware","RequestId":"0HNNCGO2MO9SP:0000000D","ConnectionId":"0HNNCGO2MO9SP","Application":"PetHealth.API","AppEnv":"Development"}
2026-07-28 14:57:12.031 +02:00[INF] - HTTP GET /api/Medicine responded 200 in 4.5318 ms {"UserId":"3","RemoteIP":"::1","SourceContext":"Serilog.AspNetCore.RequestLoggingMiddleware","RequestId":"0HNNCGO2MO9SQ:0000000E","ConnectionId":"0HNNCGO2MO9SQ","Application":"PetHealth.API","AppEnv":"Development"}
2026-07-28 14:57:12.035 +02:00[INF] - HTTP GET /api/Prescription/Item/1003 responded 404 in 2.5215 ms {"UserId":"3","RemoteIP":"::1","SourceContext":"Serilog.AspNetCore.RequestLoggingMiddleware","RequestId":"0HNNCGO2MO9SQ:00000010","ConnectionId":"0HNNCGO2MO9SQ","Application":"PetHealth.API","AppEnv":"Development"}
2026-07-28 14:57:35.500 +02:00[INF] - HTTP POST /api/Prescription/Item responded 200 in 30.0456 ms {"UserId":"3","RemoteIP":"::1","SourceContext":"Serilog.AspNetCore.RequestLoggingMiddleware","RequestId":"0HNNCGO2MO9SQ:00000012","ConnectionId":"0HNNCGO2MO9SQ","Application":"PetHealth.API","AppEnv":"Development"}
2026-07-28 14:57:35.505 +02:00[INF] - HTTP GET /api/Prescription/Item/1003 responded 200 in 2.5908 ms {"UserId":"3","RemoteIP":"::1","SourceContext":"Serilog.AspNetCore.RequestLoggingMiddleware","RequestId":"0HNNCGO2MO9SQ:00000014","ConnectionId":"0HNNCGO2MO9SQ","Application":"PetHealth.API","AppEnv":"Development"}
2026-07-28 14:57:38.020 +02:00[INF] - HTTP GET /api/AppUser responded 200 in 3.0783 ms {"UserId":"3","RemoteIP":"::1","SourceContext":"Serilog.AspNetCore.RequestLoggingMiddleware","RequestId":"0HNNCGO2MO9SQ:00000016","ConnectionId":"0HNNCGO2MO9SQ","Application":"PetHealth.API","AppEnv":"Development"}
2026-07-28 14:57:38.020 +02:00[INF] - HTTP GET /api/Pet responded 200 in 3.3092 ms {"UserId":"3","RemoteIP":"::1","SourceContext":"Serilog.AspNetCore.RequestLoggingMiddleware","RequestId":"0HNNCGO2MO9SP:0000000F","ConnectionId":"0HNNCGO2MO9SP","Application":"PetHealth.API","AppEnv":"Development"}
2026-07-28 14:57:38.020 +02:00[INF] - HTTP GET /api/Prescription responded 200 in 2.8758 ms {"UserId":"3","RemoteIP":"::1","SourceContext":"Serilog.AspNetCore.RequestLoggingMiddleware","RequestId":"0HNNCGO2MO9SR:00000008","ConnectionId":"0HNNCGO2MO9SR","Application":"PetHealth.API","AppEnv":"Development"}
2026-07-28 14:57:38.022 +02:00[INF] - HTTP GET /api/Appointment responded 200 in 4.7408 ms {"UserId":"3","RemoteIP":"::1","SourceContext":"Serilog.AspNetCore.RequestLoggingMiddleware","RequestId":"0HNNCGO2MO9SO:00000009","ConnectionId":"0HNNCGO2MO9SO","Application":"PetHealth.API","AppEnv":"Development"}
2026-07-28 14:57:39.805 +02:00[INF] - HTTP GET /api/Prescription responded 200 in 4.0427 ms {"UserId":"3","RemoteIP":"::1","SourceContext":"Serilog.AspNetCore.RequestLoggingMiddleware","RequestId":"0HNNCGO2MO9SO:0000000A","ConnectionId":"0HNNCGO2MO9SO","Application":"PetHealth.API","AppEnv":"Development"}
2026-07-28 14:57:39.807 +02:00[INF] - HTTP GET /api/Medicine responded 200 in 3.0080 ms {"UserId":"3","RemoteIP":"::1","SourceContext":"Serilog.AspNetCore.RequestLoggingMiddleware","RequestId":"0HNNCGO2MO9SR:0000000A","ConnectionId":"0HNNCGO2MO9SR","Application":"PetHealth.API","AppEnv":"Development"}
2026-07-28 14:57:39.810 +02:00[INF] - HTTP GET /api/Prescription/Item/1003 responded 200 in 1.9651 ms {"UserId":"3","RemoteIP":"::1","SourceContext":"Serilog.AspNetCore.RequestLoggingMiddleware","RequestId":"0HNNCGO2MO9SO:0000000B","ConnectionId":"0HNNCGO2MO9SO","Application":"PetHealth.API","AppEnv":"Development"}
2026-07-28 14:57:42.761 +02:00[FTL] - Unhandled exception occurred {"SourceContext":"API_PetHealth.Middlewares.GlobalExceptionHandler","RequestId":"0HNNCGO2MO9SO:0000000D","RequestPath":"/api/Prescription/1003","ConnectionId":"0HNNCGO2MO9SO","Application":"PetHealth.API","AppEnv":"Development"}
Microsoft.Data.SqlClient.SqlException (0x80131904): Cannot delete: this Prescription has linked PrescriptionItems.
   at Microsoft.Data.SqlClient.SqlConnection.OnError(SqlException exception, Boolean breakConnection, Action`1 wrapCloseInAction)
   at Microsoft.Data.SqlClient.Connection.SqlConnectionInternal.OnError(SqlException exception, Boolean breakConnection, Action`1 wrapCloseInAction)
   at Microsoft.Data.SqlClient.TdsParser.ThrowExceptionAndWarning(TdsParserStateObject stateObj, SqlCommand command, Boolean callerHasConnectionLock, Boolean asyncClose)
   at Microsoft.Data.SqlClient.TdsParser.TryRun(RunBehavior runBehavior, SqlCommand cmdHandler, SqlDataReader dataStream, BulkCopySimpleResultSet bulkCopyHandler, TdsParserStateObject stateObj, Boolean& dataReady)
   at Microsoft.Data.SqlClient.SqlCommand.FinishExecuteReader(SqlDataReader ds, RunBehavior runBehavior, String resetOptionsString, Boolean isInternal, Boolean forDescribeParameterEncryption, Boolean shouldCacheForAlwaysEncrypted)
   at Microsoft.Data.SqlClient.SqlCommand.CompleteAsyncExecuteReader(Boolean isInternal, Boolean forDescribeParameterEncryption)
   at Microsoft.Data.SqlClient.SqlCommand.InternalEndExecuteNonQuery(IAsyncResult asyncResult, Boolean isInternal, String endMethod)
   at Microsoft.Data.SqlClient.SqlCommand.EndExecuteNonQueryInternal(IAsyncResult asyncResult)
   at Microsoft.Data.SqlClient.SqlCommand.EndExecuteNonQueryAsync(IAsyncResult asyncResult)
   at Microsoft.Data.SqlClient.SqlCommand.<>c.<InternalExecuteNonQueryAsync>b__251_1(IAsyncResult asyncResult)
   at System.Threading.Tasks.TaskFactory`1.FromAsyncCoreLogic(IAsyncResult iar, Func`2 endFunction, Action`1 endAction, Task`1 promise, Boolean requiresSynchronization)
--- End of stack trace from previous location ---
   at Dapper.SqlMapper.ExecuteImplAsync(IDbConnection cnn, CommandDefinition command, Object param) in /_/Dapper/SqlMapper.Async.cs:line 663
   at PetHealth.Infrastructure.Services.PrescriptionService.Execute(DeletePrescriptionCommandAsync command) in /Users/jordanmal/Documents/Projet Développement /PetHealthApplication/API/API_PetHealth/PetHealth.Infrastructure/Services/PrescriptionService.cs:line 63
   at API_PetHealth.Controllers.PrescriptionController.DeletePrescription(Int32 id) in /Users/jordanmal/Documents/Projet Développement /PetHealthApplication/API/API_PetHealth/PetHealth.API/Controllers/PrescriptionController.cs:line 120
   at lambda_method117(Closure, Object)
   at Microsoft.AspNetCore.Mvc.Infrastructure.ActionMethodExecutor.AwaitableObjectResultExecutor.Execute(ActionContext actionContext, IActionResultTypeMapper mapper, ObjectMethodExecutor executor, Object controller, Object[] arguments)
   at Microsoft.AspNetCore.Mvc.Infrastructure.ControllerActionInvoker.<InvokeActionMethodAsync>g__Logged|12_1(ControllerActionInvoker invoker)
   at Microsoft.AspNetCore.Mvc.Infrastructure.ControllerActionInvoker.<InvokeNextActionFilterAsync>g__Awaited|10_0(ControllerActionInvoker invoker, Task lastTask, State next, Scope scope, Object state, Boolean isCompleted)
   at Microsoft.AspNetCore.Mvc.Infrastructure.ControllerActionInvoker.Rethrow(ActionExecutedContextSealed context)
   at Microsoft.AspNetCore.Mvc.Infrastructure.ControllerActionInvoker.Next(State& next, Scope& scope, Object& state, Boolean& isCompleted)
   at Microsoft.AspNetCore.Mvc.Infrastructure.ControllerActionInvoker.<InvokeInnerFilterAsync>g__Awaited|13_0(ControllerActionInvoker invoker, Task lastTask, State next, Scope scope, Object state, Boolean isCompleted)
   at Microsoft.AspNetCore.Mvc.Infrastructure.ResourceInvoker.<InvokeFilterPipelineAsync>g__Awaited|20_0(ResourceInvoker invoker, Task lastTask, State next, Scope scope, Object state, Boolean isCompleted)
   at Microsoft.AspNetCore.Mvc.Infrastructure.ResourceInvoker.<InvokeAsync>g__Logged|17_1(ResourceInvoker invoker)
   at Microsoft.AspNetCore.Mvc.Infrastructure.ResourceInvoker.<InvokeAsync>g__Logged|17_1(ResourceInvoker invoker)
   at Microsoft.AspNetCore.Authorization.AuthorizationMiddleware.Invoke(HttpContext context)
   at Microsoft.AspNetCore.Authentication.AuthenticationMiddleware.Invoke(HttpContext context)
   at Microsoft.AspNetCore.Diagnostics.ExceptionHandlerMiddlewareImpl.<Invoke>g__Awaited|10_0(ExceptionHandlerMiddlewareImpl middleware, HttpContext context, Task task)
ClientConnectionId :49ff1d99-a36f-4814-949e-fbdde69098fe
Error Number :50006,State :1,Class :16
2026-07-28 14:57:42.772 +02:00[ERR] - HTTP DELETE /api/Prescription/1003 responded 500 in 18.4532 ms {"UserId":"3","RemoteIP":"::1","SourceContext":"Serilog.AspNetCore.RequestLoggingMiddleware","RequestId":"0HNNCGO2MO9SO:0000000D","ConnectionId":"0HNNCGO2MO9SO","Application":"PetHealth.API","AppEnv":"Development"}
2026-07-28 14:57:44.131 +02:00[INF] - HTTP GET /api/Prescription responded 200 in 3.0751 ms {"UserId":"3","RemoteIP":"::1","SourceContext":"Serilog.AspNetCore.RequestLoggingMiddleware","RequestId":"0HNNCGO2MO9SP:00000011","ConnectionId":"0HNNCGO2MO9SP","Application":"PetHealth.API","AppEnv":"Development"}
2026-07-28 14:57:44.131 +02:00[INF] - HTTP GET /api/Pet responded 200 in 3.6567 ms {"UserId":"3","RemoteIP":"::1","SourceContext":"Serilog.AspNetCore.RequestLoggingMiddleware","RequestId":"0HNNCGO2MO9SO:0000000F","ConnectionId":"0HNNCGO2MO9SO","Application":"PetHealth.API","AppEnv":"Development"}
2026-07-28 14:57:44.133 +02:00[INF] - HTTP GET /api/Appointment responded 200 in 5.0751 ms {"UserId":"3","RemoteIP":"::1","SourceContext":"Serilog.AspNetCore.RequestLoggingMiddleware","RequestId":"0HNNCGO2MO9SR:0000000C","ConnectionId":"0HNNCGO2MO9SR","Application":"PetHealth.API","AppEnv":"Development"}
2026-07-28 14:57:44.134 +02:00[INF] - HTTP GET /api/AppUser responded 200 in 5.3508 ms {"UserId":"3","RemoteIP":"::1","SourceContext":"Serilog.AspNetCore.RequestLoggingMiddleware","RequestId":"0HNNCGO2MO9SQ:00000018","ConnectionId":"0HNNCGO2MO9SQ","Application":"PetHealth.API","AppEnv":"Development"}
2026-07-28 14:57:45.997 +02:00[FTL] - Unhandled exception occurred {"SourceContext":"API_PetHealth.Middlewares.GlobalExceptionHandler","RequestId":"0HNNCGO2MO9SQ:0000001A","RequestPath":"/api/Appointment/1002","ConnectionId":"0HNNCGO2MO9SQ","Application":"PetHealth.API","AppEnv":"Development"}
Microsoft.Data.SqlClient.SqlException (0x80131904): Cannot delete: this Appointment has linked Prescriptions.
   at Microsoft.Data.SqlClient.SqlConnection.OnError(SqlException exception, Boolean breakConnection, Action`1 wrapCloseInAction)
   at Microsoft.Data.SqlClient.Connection.SqlConnectionInternal.OnError(SqlException exception, Boolean breakConnection, Action`1 wrapCloseInAction)
   at Microsoft.Data.SqlClient.TdsParser.ThrowExceptionAndWarning(TdsParserStateObject stateObj, SqlCommand command, Boolean callerHasConnectionLock, Boolean asyncClose)
   at Microsoft.Data.SqlClient.TdsParser.TryRun(RunBehavior runBehavior, SqlCommand cmdHandler, SqlDataReader dataStream, BulkCopySimpleResultSet bulkCopyHandler, TdsParserStateObject stateObj, Boolean& dataReady)
   at Microsoft.Data.SqlClient.SqlCommand.FinishExecuteReader(SqlDataReader ds, RunBehavior runBehavior, String resetOptionsString, Boolean isInternal, Boolean forDescribeParameterEncryption, Boolean shouldCacheForAlwaysEncrypted)
   at Microsoft.Data.SqlClient.SqlCommand.CompleteAsyncExecuteReader(Boolean isInternal, Boolean forDescribeParameterEncryption)
   at Microsoft.Data.SqlClient.SqlCommand.InternalEndExecuteNonQuery(IAsyncResult asyncResult, Boolean isInternal, String endMethod)
   at Microsoft.Data.SqlClient.SqlCommand.EndExecuteNonQueryInternal(IAsyncResult asyncResult)
   at Microsoft.Data.SqlClient.SqlCommand.EndExecuteNonQueryAsync(IAsyncResult asyncResult)
   at Microsoft.Data.SqlClient.SqlCommand.<>c.<InternalExecuteNonQueryAsync>b__251_1(IAsyncResult asyncResult)
   at System.Threading.Tasks.TaskFactory`1.FromAsyncCoreLogic(IAsyncResult iar, Func`2 endFunction, Action`1 endAction, Task`1 promise, Boolean requiresSynchronization)
--- End of stack trace from previous location ---
   at Dapper.SqlMapper.ExecuteImplAsync(IDbConnection cnn, CommandDefinition command, Object param) in /_/Dapper/SqlMapper.Async.cs:line 663
   at PetHealth.Infrastructure.Services.AppointmentService.Execute(DeleteAppointmentCommandAsync command) in /Users/jordanmal/Documents/Projet Développement /PetHealthApplication/API/API_PetHealth/PetHealth.Infrastructure/Services/AppointmentService.cs:line 75
   at API_PetHealth.Controllers.AppointmentController.DeleteAppointment(Int32 id) in /Users/jordanmal/Documents/Projet Développement /PetHealthApplication/API/API_PetHealth/PetHealth.API/Controllers/AppointmentController.cs:line 79
   at lambda_method125(Closure, Object)
   at Microsoft.AspNetCore.Mvc.Infrastructure.ActionMethodExecutor.AwaitableObjectResultExecutor.Execute(ActionContext actionContext, IActionResultTypeMapper mapper, ObjectMethodExecutor executor, Object controller, Object[] arguments)
   at Microsoft.AspNetCore.Mvc.Infrastructure.ControllerActionInvoker.<InvokeActionMethodAsync>g__Logged|12_1(ControllerActionInvoker invoker)
   at Microsoft.AspNetCore.Mvc.Infrastructure.ControllerActionInvoker.<InvokeNextActionFilterAsync>g__Awaited|10_0(ControllerActionInvoker invoker, Task lastTask, State next, Scope scope, Object state, Boolean isCompleted)
   at Microsoft.AspNetCore.Mvc.Infrastructure.ControllerActionInvoker.Rethrow(ActionExecutedContextSealed context)
   at Microsoft.AspNetCore.Mvc.Infrastructure.ControllerActionInvoker.Next(State& next, Scope& scope, Object& state, Boolean& isCompleted)
   at Microsoft.AspNetCore.Mvc.Infrastructure.ControllerActionInvoker.<InvokeInnerFilterAsync>g__Awaited|13_0(ControllerActionInvoker invoker, Task lastTask, State next, Scope scope, Object state, Boolean isCompleted)
   at Microsoft.AspNetCore.Mvc.Infrastructure.ResourceInvoker.<InvokeFilterPipelineAsync>g__Awaited|20_0(ResourceInvoker invoker, Task lastTask, State next, Scope scope, Object state, Boolean isCompleted)
   at Microsoft.AspNetCore.Mvc.Infrastructure.ResourceInvoker.<InvokeAsync>g__Logged|17_1(ResourceInvoker invoker)
   at Microsoft.AspNetCore.Mvc.Infrastructure.ResourceInvoker.<InvokeAsync>g__Logged|17_1(ResourceInvoker invoker)
   at Microsoft.AspNetCore.Authorization.AuthorizationMiddleware.Invoke(HttpContext context)
   at Microsoft.AspNetCore.Authentication.AuthenticationMiddleware.Invoke(HttpContext context)
   at Microsoft.AspNetCore.Diagnostics.ExceptionHandlerMiddlewareImpl.<Invoke>g__Awaited|10_0(ExceptionHandlerMiddlewareImpl middleware, HttpContext context, Task task)
ClientConnectionId :3c2b4494-aae7-4158-80cb-03711edf5233
Error Number :50006,State :1,Class :16
2026-07-28 14:57:46.000 +02:00[ERR] - HTTP DELETE /api/Appointment/1002 responded 500 in 6.9048 ms {"UserId":"3","RemoteIP":"::1","SourceContext":"Serilog.AspNetCore.RequestLoggingMiddleware","RequestId":"0HNNCGO2MO9SQ:0000001A","ConnectionId":"0HNNCGO2MO9SQ","Application":"PetHealth.API","AppEnv":"Development"}
2026-07-28 14:58:01.844 +02:00[INF] - HTTP GET /api/Medicine responded 200 in 2.8565 ms {"UserId":"3","RemoteIP":"::1","SourceContext":"Serilog.AspNetCore.RequestLoggingMiddleware","RequestId":"0HNNCGO2MO9SQ:0000001C","ConnectionId":"0HNNCGO2MO9SQ","Application":"PetHealth.API","AppEnv":"Development"}
2026-07-28 14:58:01.845 +02:00[INF] - HTTP GET /api/Prescription responded 200 in 3.8408 ms {"UserId":"3","RemoteIP":"::1","SourceContext":"Serilog.AspNetCore.RequestLoggingMiddleware","RequestId":"0HNNCGO2MO9SR:0000000E","ConnectionId":"0HNNCGO2MO9SR","Application":"PetHealth.API","AppEnv":"Development"}
2026-07-28 14:58:02.335 +02:00[INF] - HTTP GET /api/Prescription responded 200 in 3.0210 ms {"UserId":"3","RemoteIP":"::1","SourceContext":"Serilog.AspNetCore.RequestLoggingMiddleware","RequestId":"0HNNCGO2MO9SO:00000010","ConnectionId":"0HNNCGO2MO9SO","Application":"PetHealth.API","AppEnv":"Development"}
2026-07-28 14:58:02.335 +02:00[INF] - HTTP GET /api/AppUser responded 200 in 2.1188 ms {"UserId":"3","RemoteIP":"::1","SourceContext":"Serilog.AspNetCore.RequestLoggingMiddleware","RequestId":"0HNNCGO2MO9SQ:0000001E","ConnectionId":"0HNNCGO2MO9SQ","Application":"PetHealth.API","AppEnv":"Development"}
2026-07-28 14:58:02.336 +02:00[INF] - HTTP GET /api/Pet responded 200 in 3.1743 ms {"UserId":"3","RemoteIP":"::1","SourceContext":"Serilog.AspNetCore.RequestLoggingMiddleware","RequestId":"0HNNCGO2MO9SP:00000013","ConnectionId":"0HNNCGO2MO9SP","Application":"PetHealth.API","AppEnv":"Development"}
2026-07-28 14:58:02.336 +02:00[INF] - HTTP GET /api/Appointment responded 200 in 3.2086 ms {"UserId":"3","RemoteIP":"::1","SourceContext":"Serilog.AspNetCore.RequestLoggingMiddleware","RequestId":"0HNNCGO2MO9SR:00000010","ConnectionId":"0HNNCGO2MO9SR","Application":"PetHealth.API","AppEnv":"Development"}
2026-07-28 14:58:04.199 +02:00[FTL] - Unhandled exception occurred {"SourceContext":"API_PetHealth.Middlewares.GlobalExceptionHandler","RequestId":"0HNNCGO2MO9SR:00000012","RequestPath":"/api/Appointment/1002","ConnectionId":"0HNNCGO2MO9SR","Application":"PetHealth.API","AppEnv":"Development"}
Microsoft.Data.SqlClient.SqlException (0x80131904): Cannot delete: this Appointment has linked Prescriptions.
   at Microsoft.Data.SqlClient.SqlConnection.OnError(SqlException exception, Boolean breakConnection, Action`1 wrapCloseInAction)
   at Microsoft.Data.SqlClient.Connection.SqlConnectionInternal.OnError(SqlException exception, Boolean breakConnection, Action`1 wrapCloseInAction)
   at Microsoft.Data.SqlClient.TdsParser.ThrowExceptionAndWarning(TdsParserStateObject stateObj, SqlCommand command, Boolean callerHasConnectionLock, Boolean asyncClose)
   at Microsoft.Data.SqlClient.TdsParser.TryRun(RunBehavior runBehavior, SqlCommand cmdHandler, SqlDataReader dataStream, BulkCopySimpleResultSet bulkCopyHandler, TdsParserStateObject stateObj, Boolean& dataReady)
   at Microsoft.Data.SqlClient.SqlCommand.FinishExecuteReader(SqlDataReader ds, RunBehavior runBehavior, String resetOptionsString, Boolean isInternal, Boolean forDescribeParameterEncryption, Boolean shouldCacheForAlwaysEncrypted)
   at Microsoft.Data.SqlClient.SqlCommand.CompleteAsyncExecuteReader(Boolean isInternal, Boolean forDescribeParameterEncryption)
   at Microsoft.Data.SqlClient.SqlCommand.InternalEndExecuteNonQuery(IAsyncResult asyncResult, Boolean isInternal, String endMethod)
   at Microsoft.Data.SqlClient.SqlCommand.EndExecuteNonQueryInternal(IAsyncResult asyncResult)
   at Microsoft.Data.SqlClient.SqlCommand.EndExecuteNonQueryAsync(IAsyncResult asyncResult)
   at Microsoft.Data.SqlClient.SqlCommand.<>c.<InternalExecuteNonQueryAsync>b__251_1(IAsyncResult asyncResult)
   at System.Threading.Tasks.TaskFactory`1.FromAsyncCoreLogic(IAsyncResult iar, Func`2 endFunction, Action`1 endAction, Task`1 promise, Boolean requiresSynchronization)
--- End of stack trace from previous location ---
   at Dapper.SqlMapper.ExecuteImplAsync(IDbConnection cnn, CommandDefinition command, Object param) in /_/Dapper/SqlMapper.Async.cs:line 663
   at PetHealth.Infrastructure.Services.AppointmentService.Execute(DeleteAppointmentCommandAsync command) in /Users/jordanmal/Documents/Projet Développement /PetHealthApplication/API/API_PetHealth/PetHealth.Infrastructure/Services/AppointmentService.cs:line 75
   at API_PetHealth.Controllers.AppointmentController.DeleteAppointment(Int32 id) in /Users/jordanmal/Documents/Projet Développement /PetHealthApplication/API/API_PetHealth/PetHealth.API/Controllers/AppointmentController.cs:line 79
   at lambda_method125(Closure, Object)
   at Microsoft.AspNetCore.Mvc.Infrastructure.ActionMethodExecutor.AwaitableObjectResultExecutor.Execute(ActionContext actionContext, IActionResultTypeMapper mapper, ObjectMethodExecutor executor, Object controller, Object[] arguments)
   at Microsoft.AspNetCore.Mvc.Infrastructure.ControllerActionInvoker.<InvokeActionMethodAsync>g__Logged|12_1(ControllerActionInvoker invoker)
   at Microsoft.AspNetCore.Mvc.Infrastructure.ControllerActionInvoker.<InvokeNextActionFilterAsync>g__Awaited|10_0(ControllerActionInvoker invoker, Task lastTask, State next, Scope scope, Object state, Boolean isCompleted)
   at Microsoft.AspNetCore.Mvc.Infrastructure.ControllerActionInvoker.Rethrow(ActionExecutedContextSealed context)
   at Microsoft.AspNetCore.Mvc.Infrastructure.ControllerActionInvoker.Next(State& next, Scope& scope, Object& state, Boolean& isCompleted)
   at Microsoft.AspNetCore.Mvc.Infrastructure.ControllerActionInvoker.<InvokeInnerFilterAsync>g__Awaited|13_0(ControllerActionInvoker invoker, Task lastTask, State next, Scope scope, Object state, Boolean isCompleted)
   at Microsoft.AspNetCore.Mvc.Infrastructure.ResourceInvoker.<InvokeFilterPipelineAsync>g__Awaited|20_0(ResourceInvoker invoker, Task lastTask, State next, Scope scope, Object state, Boolean isCompleted)
   at Microsoft.AspNetCore.Mvc.Infrastructure.ResourceInvoker.<InvokeAsync>g__Logged|17_1(ResourceInvoker invoker)
   at Microsoft.AspNetCore.Mvc.Infrastructure.ResourceInvoker.<InvokeAsync>g__Logged|17_1(ResourceInvoker invoker)
   at Microsoft.AspNetCore.Authorization.AuthorizationMiddleware.Invoke(HttpContext context)
   at Microsoft.AspNetCore.Authentication.AuthenticationMiddleware.Invoke(HttpContext context)
   at Microsoft.AspNetCore.Diagnostics.ExceptionHandlerMiddlewareImpl.<Invoke>g__Awaited|10_0(ExceptionHandlerMiddlewareImpl middleware, HttpContext context, Task task)
ClientConnectionId :420fb91f-8dda-4e60-b505-281dd0ccdc87
Error Number :50006,State :1,Class :16
2026-07-28 14:58:04.206 +02:00[ERR] - HTTP DELETE /api/Appointment/1002 responded 500 in 9.2603 ms {"UserId":"3","RemoteIP":"::1","SourceContext":"Serilog.AspNetCore.RequestLoggingMiddleware","RequestId":"0HNNCGO2MO9SR:00000012","ConnectionId":"0HNNCGO2MO9SR","Application":"PetHealth.API","AppEnv":"Development"}
2026-07-28 14:58:07.952 +02:00[INF] - HTTP GET /api/Pet/my-pets responded 404 in 3.2346 ms {"UserId":"3","RemoteIP":"::1","SourceContext":"Serilog.AspNetCore.RequestLoggingMiddleware","RequestId":"0HNNCGO2MO9SR:00000014","ConnectionId":"0HNNCGO2MO9SR","Application":"PetHealth.API","AppEnv":"Development"}
2026-07-28 14:58:08.368 +02:00[INF] - HTTP GET /api/Pet responded 200 in 2.4836 ms {"UserId":"3","RemoteIP":"::1","SourceContext":"Serilog.AspNetCore.RequestLoggingMiddleware","RequestId":"0HNNCGO2MO9SQ:00000020","ConnectionId":"0HNNCGO2MO9SQ","Application":"PetHealth.API","AppEnv":"Development"}
2026-07-28 14:58:08.368 +02:00[INF] - HTTP GET /api/AppUser responded 200 in 2.4001 ms {"UserId":"3","RemoteIP":"::1","SourceContext":"Serilog.AspNetCore.RequestLoggingMiddleware","RequestId":"0HNNCGO2MO9SO:00000012","ConnectionId":"0HNNCGO2MO9SO","Application":"PetHealth.API","AppEnv":"Development"}
2026-07-28 14:58:08.369 +02:00[INF] - HTTP GET /api/Prescription responded 200 in 3.5611 ms {"UserId":"3","RemoteIP":"::1","SourceContext":"Serilog.AspNetCore.RequestLoggingMiddleware","RequestId":"0HNNCGO2MO9SP:00000015","ConnectionId":"0HNNCGO2MO9SP","Application":"PetHealth.API","AppEnv":"Development"}
2026-07-28 14:58:08.369 +02:00[INF] - HTTP GET /api/Appointment responded 200 in 4.4324 ms {"UserId":"3","RemoteIP":"::1","SourceContext":"Serilog.AspNetCore.RequestLoggingMiddleware","RequestId":"0HNNCGO2MO9SR:00000016","ConnectionId":"0HNNCGO2MO9SR","Application":"PetHealth.API","AppEnv":"Development"}
2026-07-28 14:58:12.256 +02:00[INF] - HTTP PUT /api/Appointment/1002 responded 200 in 10.7765 ms {"UserId":"3","RemoteIP":"::1","SourceContext":"Serilog.AspNetCore.RequestLoggingMiddleware","RequestId":"0HNNCGO2MO9SR:00000018","ConnectionId":"0HNNCGO2MO9SR","Application":"PetHealth.API","AppEnv":"Development"}
2026-07-28 14:58:12.262 +02:00[INF] - HTTP GET /api/Appointment responded 200 in 3.9853 ms {"UserId":"3","RemoteIP":"::1","SourceContext":"Serilog.AspNetCore.RequestLoggingMiddleware","RequestId":"0HNNCGO2MO9SR:00000019","ConnectionId":"0HNNCGO2MO9SR","Application":"PetHealth.API","AppEnv":"Development"}
2026-07-28 14:58:13.661 +02:00[FTL] - Unhandled exception occurred {"SourceContext":"API_PetHealth.Middlewares.GlobalExceptionHandler","RequestId":"0HNNCGO2MO9SR:0000001B","RequestPath":"/api/Appointment/1002","ConnectionId":"0HNNCGO2MO9SR","Application":"PetHealth.API","AppEnv":"Development"}
Microsoft.Data.SqlClient.SqlException (0x80131904): Cannot delete: this Appointment has linked Prescriptions.
   at Microsoft.Data.SqlClient.SqlConnection.OnError(SqlException exception, Boolean breakConnection, Action`1 wrapCloseInAction)
   at Microsoft.Data.SqlClient.Connection.SqlConnectionInternal.OnError(SqlException exception, Boolean breakConnection, Action`1 wrapCloseInAction)
   at Microsoft.Data.SqlClient.TdsParser.ThrowExceptionAndWarning(TdsParserStateObject stateObj, SqlCommand command, Boolean callerHasConnectionLock, Boolean asyncClose)
   at Microsoft.Data.SqlClient.TdsParser.TryRun(RunBehavior runBehavior, SqlCommand cmdHandler, SqlDataReader dataStream, BulkCopySimpleResultSet bulkCopyHandler, TdsParserStateObject stateObj, Boolean& dataReady)
   at Microsoft.Data.SqlClient.SqlCommand.FinishExecuteReader(SqlDataReader ds, RunBehavior runBehavior, String resetOptionsString, Boolean isInternal, Boolean forDescribeParameterEncryption, Boolean shouldCacheForAlwaysEncrypted)
   at Microsoft.Data.SqlClient.SqlCommand.CompleteAsyncExecuteReader(Boolean isInternal, Boolean forDescribeParameterEncryption)
   at Microsoft.Data.SqlClient.SqlCommand.InternalEndExecuteNonQuery(IAsyncResult asyncResult, Boolean isInternal, String endMethod)
   at Microsoft.Data.SqlClient.SqlCommand.EndExecuteNonQueryInternal(IAsyncResult asyncResult)
   at Microsoft.Data.SqlClient.SqlCommand.EndExecuteNonQueryAsync(IAsyncResult asyncResult)
   at Microsoft.Data.SqlClient.SqlCommand.<>c.<InternalExecuteNonQueryAsync>b__251_1(IAsyncResult asyncResult)
   at System.Threading.Tasks.TaskFactory`1.FromAsyncCoreLogic(IAsyncResult iar, Func`2 endFunction, Action`1 endAction, Task`1 promise, Boolean requiresSynchronization)
--- End of stack trace from previous location ---
   at Dapper.SqlMapper.ExecuteImplAsync(IDbConnection cnn, CommandDefinition command, Object param) in /_/Dapper/SqlMapper.Async.cs:line 663
   at PetHealth.Infrastructure.Services.AppointmentService.Execute(DeleteAppointmentCommandAsync command) in /Users/jordanmal/Documents/Projet Développement /PetHealthApplication/API/API_PetHealth/PetHealth.Infrastructure/Services/AppointmentService.cs:line 75
   at API_PetHealth.Controllers.AppointmentController.DeleteAppointment(Int32 id) in /Users/jordanmal/Documents/Projet Développement /PetHealthApplication/API/API_PetHealth/PetHealth.API/Controllers/AppointmentController.cs:line 79
   at lambda_method125(Closure, Object)
   at Microsoft.AspNetCore.Mvc.Infrastructure.ActionMethodExecutor.AwaitableObjectResultExecutor.Execute(ActionContext actionContext, IActionResultTypeMapper mapper, ObjectMethodExecutor executor, Object controller, Object[] arguments)
   at Microsoft.AspNetCore.Mvc.Infrastructure.ControllerActionInvoker.<InvokeActionMethodAsync>g__Logged|12_1(ControllerActionInvoker invoker)
   at Microsoft.AspNetCore.Mvc.Infrastructure.ControllerActionInvoker.<InvokeNextActionFilterAsync>g__Awaited|10_0(ControllerActionInvoker invoker, Task lastTask, State next, Scope scope, Object state, Boolean isCompleted)
   at Microsoft.AspNetCore.Mvc.Infrastructure.ControllerActionInvoker.Rethrow(ActionExecutedContextSealed context)
   at Microsoft.AspNetCore.Mvc.Infrastructure.ControllerActionInvoker.Next(State& next, Scope& scope, Object& state, Boolean& isCompleted)
   at Microsoft.AspNetCore.Mvc.Infrastructure.ControllerActionInvoker.<InvokeInnerFilterAsync>g__Awaited|13_0(ControllerActionInvoker invoker, Task lastTask, State next, Scope scope, Object state, Boolean isCompleted)
   at Microsoft.AspNetCore.Mvc.Infrastructure.ResourceInvoker.<InvokeFilterPipelineAsync>g__Awaited|20_0(ResourceInvoker invoker, Task lastTask, State next, Scope scope, Object state, Boolean isCompleted)
   at Microsoft.AspNetCore.Mvc.Infrastructure.ResourceInvoker.<InvokeAsync>g__Logged|17_1(ResourceInvoker invoker)
   at Microsoft.AspNetCore.Mvc.Infrastructure.ResourceInvoker.<InvokeAsync>g__Logged|17_1(ResourceInvoker invoker)
   at Microsoft.AspNetCore.Authorization.AuthorizationMiddleware.Invoke(HttpContext context)
   at Microsoft.AspNetCore.Authentication.AuthenticationMiddleware.Invoke(HttpContext context)
   at Microsoft.AspNetCore.Diagnostics.ExceptionHandlerMiddlewareImpl.<Invoke>g__Awaited|10_0(ExceptionHandlerMiddlewareImpl middleware, HttpContext context, Task task)
ClientConnectionId :420fb91f-8dda-4e60-b505-281dd0ccdc87
Error Number :50006,State :1,Class :16
2026-07-28 14:58:13.664 +02:00[ERR] - HTTP DELETE /api/Appointment/1002 responded 500 in 7.1865 ms {"UserId":"3","RemoteIP":"::1","SourceContext":"Serilog.AspNetCore.RequestLoggingMiddleware","RequestId":"0HNNCGO2MO9SR:0000001B","ConnectionId":"0HNNCGO2MO9SR","Application":"PetHealth.API","AppEnv":"Development"}
2026-07-28 14:59:08.703 +02:00[INF] - HTTP GET /api/Prescription responded 200 in 6.7670 ms {"UserId":"3","RemoteIP":"::1","SourceContext":"Serilog.AspNetCore.RequestLoggingMiddleware","RequestId":"0HNNCGO2MO9SP:00000017","ConnectionId":"0HNNCGO2MO9SP","Application":"PetHealth.API","AppEnv":"Development"}
2026-07-28 14:59:08.703 +02:00[INF] - HTTP GET /api/Medicine responded 200 in 6.7555 ms {"UserId":"3","RemoteIP":"::1","SourceContext":"Serilog.AspNetCore.RequestLoggingMiddleware","RequestId":"0HNNCGO2MO9SR:0000001D","ConnectionId":"0HNNCGO2MO9SR","Application":"PetHealth.API","AppEnv":"Development"}
2026-07-28 14:59:10.286 +02:00[INF] - HTTP GET /api/Prescription/Item/1003 responded 200 in 4.2647 ms {"UserId":"3","RemoteIP":"::1","SourceContext":"Serilog.AspNetCore.RequestLoggingMiddleware","RequestId":"0HNNCGO2MO9SR:0000001F","ConnectionId":"0HNNCGO2MO9SR","Application":"PetHealth.API","AppEnv":"Development"}
2026-07-28 14:59:14.115 +02:00[INF] - HTTP DELETE /api/Prescription/Item/1003 responded 200 in 49.0890 ms {"UserId":"3","RemoteIP":"::1","SourceContext":"Serilog.AspNetCore.RequestLoggingMiddleware","RequestId":"0HNNCGO2MO9SR:00000021","ConnectionId":"0HNNCGO2MO9SR","Application":"PetHealth.API","AppEnv":"Development"}
2026-07-28 14:59:14.120 +02:00[INF] - HTTP GET /api/Prescription/Item/1003 responded 404 in 1.6078 ms {"UserId":"3","RemoteIP":"::1","SourceContext":"Serilog.AspNetCore.RequestLoggingMiddleware","RequestId":"0HNNCGO2MO9SR:00000022","ConnectionId":"0HNNCGO2MO9SR","Application":"PetHealth.API","AppEnv":"Development"}
2026-07-28 14:59:15.115 +02:00[INF] - HTTP DELETE /api/Prescription/1003 responded 200 in 8.6023 ms {"UserId":"3","RemoteIP":"::1","SourceContext":"Serilog.AspNetCore.RequestLoggingMiddleware","RequestId":"0HNNCGO2MO9SR:00000024","ConnectionId":"0HNNCGO2MO9SR","Application":"PetHealth.API","AppEnv":"Development"}
2026-07-28 14:59:15.120 +02:00[INF] - HTTP GET /api/Prescription responded 200 in 2.4654 ms {"UserId":"3","RemoteIP":"::1","SourceContext":"Serilog.AspNetCore.RequestLoggingMiddleware","RequestId":"0HNNCGO2MO9SR:00000026","ConnectionId":"0HNNCGO2MO9SR","Application":"PetHealth.API","AppEnv":"Development"}
2026-07-28 14:59:16.581 +02:00[INF] - HTTP GET /api/Prescription responded 200 in 5.9189 ms {"UserId":"3","RemoteIP":"::1","SourceContext":"Serilog.AspNetCore.RequestLoggingMiddleware","RequestId":"0HNNCGO2MO9SQ:00000021","ConnectionId":"0HNNCGO2MO9SQ","Application":"PetHealth.API","AppEnv":"Development"}
2026-07-28 14:59:16.581 +02:00[INF] - HTTP GET /api/Pet responded 200 in 5.7938 ms {"UserId":"3","RemoteIP":"::1","SourceContext":"Serilog.AspNetCore.RequestLoggingMiddleware","RequestId":"0HNNCGO2MO9SR:00000028","ConnectionId":"0HNNCGO2MO9SR","Application":"PetHealth.API","AppEnv":"Development"}
2026-07-28 14:59:16.581 +02:00[INF] - HTTP GET /api/Appointment responded 200 in 5.9130 ms {"UserId":"3","RemoteIP":"::1","SourceContext":"Serilog.AspNetCore.RequestLoggingMiddleware","RequestId":"0HNNCGO2MO9SP:00000019","ConnectionId":"0HNNCGO2MO9SP","Application":"PetHealth.API","AppEnv":"Development"}
2026-07-28 14:59:16.581 +02:00[INF] - HTTP GET /api/AppUser responded 200 in 5.7378 ms {"UserId":"3","RemoteIP":"::1","SourceContext":"Serilog.AspNetCore.RequestLoggingMiddleware","RequestId":"0HNNCGO2MO9SO:00000014","ConnectionId":"0HNNCGO2MO9SO","Application":"PetHealth.API","AppEnv":"Development"}
2026-07-28 14:59:17.900 +02:00[INF] - HTTP DELETE /api/Appointment/1002 responded 200 in 6.1663 ms {"UserId":"3","RemoteIP":"::1","SourceContext":"Serilog.AspNetCore.RequestLoggingMiddleware","RequestId":"0HNNCGO2MO9SR:0000002A","ConnectionId":"0HNNCGO2MO9SR","Application":"PetHealth.API","AppEnv":"Development"}
2026-07-28 14:59:17.908 +02:00[INF] - HTTP GET /api/Appointment responded 200 in 3.9223 ms {"UserId":"3","RemoteIP":"::1","SourceContext":"Serilog.AspNetCore.RequestLoggingMiddleware","RequestId":"0HNNCGO2MO9SR:0000002B","ConnectionId":"0HNNCGO2MO9SR","Application":"PetHealth.API","AppEnv":"Development"}
2026-07-28 14:59:24.280 +02:00[INF] - HTTP GET /api/Prescription responded 200 in 3.5840 ms {"UserId":"3","RemoteIP":"::1","SourceContext":"Serilog.AspNetCore.RequestLoggingMiddleware","RequestId":"0HNNCGO2MO9SO:00000016","ConnectionId":"0HNNCGO2MO9SO","Application":"PetHealth.API","AppEnv":"Development"}
2026-07-28 14:59:24.280 +02:00[INF] - HTTP GET /api/Medicine responded 200 in 3.5840 ms {"UserId":"3","RemoteIP":"::1","SourceContext":"Serilog.AspNetCore.RequestLoggingMiddleware","RequestId":"0HNNCGO2MO9SR:0000002D","ConnectionId":"0HNNCGO2MO9SR","Application":"PetHealth.API","AppEnv":"Development"}
2026-07-28 14:59:24.286 +02:00[INF] - HTTP GET /api/Prescription/Item/79 responded 200 in 2.6210 ms {"UserId":"3","RemoteIP":"::1","SourceContext":"Serilog.AspNetCore.RequestLoggingMiddleware","RequestId":"0HNNCGO2MO9SO:00000018","ConnectionId":"0HNNCGO2MO9SO","Application":"PetHealth.API","AppEnv":"Development"}
2026-07-28 15:04:14.963 +02:00[INF] - HTTP GET /api/Prescription responded 200 in 7.3144 ms {"UserId":"3","RemoteIP":"::1","SourceContext":"Serilog.AspNetCore.RequestLoggingMiddleware","RequestId":"0HNNCGO2MO9SS:00000002","ConnectionId":"0HNNCGO2MO9SS","Application":"PetHealth.API","AppEnv":"Development"}
2026-07-28 15:04:14.963 +02:00[INF] - HTTP GET /api/Medicine responded 200 in 7.6600 ms {"UserId":"3","RemoteIP":"::1","SourceContext":"Serilog.AspNetCore.RequestLoggingMiddleware","RequestId":"0HNNCGO2MO9ST:00000002","ConnectionId":"0HNNCGO2MO9ST","Application":"PetHealth.API","AppEnv":"Development"}
2026-07-28 15:04:14.969 +02:00[INF] - HTTP GET /api/Prescription/Item/79 responded 200 in 3.3318 ms {"UserId":"3","RemoteIP":"::1","SourceContext":"Serilog.AspNetCore.RequestLoggingMiddleware","RequestId":"0HNNCGO2MO9SS:00000004","ConnectionId":"0HNNCGO2MO9SS","Application":"PetHealth.API","AppEnv":"Development"}
2026-07-28 15:05:24.173 +02:00[INF] - HTTP GET /api/Medicine responded 200 in 7.5900 ms {"UserId":"3","RemoteIP":"::1","SourceContext":"Serilog.AspNetCore.RequestLoggingMiddleware","RequestId":"0HNNCGO2MO9SS:00000006","ConnectionId":"0HNNCGO2MO9SS","Application":"PetHealth.API","AppEnv":"Development"}
2026-07-28 15:05:24.174 +02:00[INF] - HTTP GET /api/Prescription responded 200 in 9.1243 ms {"UserId":"3","RemoteIP":"::1","SourceContext":"Serilog.AspNetCore.RequestLoggingMiddleware","RequestId":"0HNNCGO2MO9ST:00000004","ConnectionId":"0HNNCGO2MO9ST","Application":"PetHealth.API","AppEnv":"Development"}
2026-07-28 15:05:24.178 +02:00[INF] - HTTP GET /api/Prescription/Item/79 responded 200 in 2.3847 ms {"UserId":"3","RemoteIP":"::1","SourceContext":"Serilog.AspNetCore.RequestLoggingMiddleware","RequestId":"0HNNCGO2MO9ST:00000006","ConnectionId":"0HNNCGO2MO9ST","Application":"PetHealth.API","AppEnv":"Development"}
2026-07-28 15:09:38.074 +02:00[INF] - HTTP GET /api/Pet/my-pets responded 404 in 7.3716 ms {"UserId":"3","RemoteIP":"::1","SourceContext":"Serilog.AspNetCore.RequestLoggingMiddleware","RequestId":"0HNNCGO2MO9T2:00000002","ConnectionId":"0HNNCGO2MO9T2","Application":"PetHealth.API","AppEnv":"Development"}
2026-07-28 15:09:39.595 +02:00[INF] - HTTP GET /api/AppUser responded 200 in 5.1589 ms {"UserId":"3","RemoteIP":"::1","SourceContext":"Serilog.AspNetCore.RequestLoggingMiddleware","RequestId":"0HNNCGO2MO9T4:00000002","ConnectionId":"0HNNCGO2MO9T4","Application":"PetHealth.API","AppEnv":"Development"}
2026-07-28 15:09:39.600 +02:00[INF] - HTTP GET /api/Prescription responded 200 in 9.7361 ms {"UserId":"3","RemoteIP":"::1","SourceContext":"Serilog.AspNetCore.RequestLoggingMiddleware","RequestId":"0HNNCGO2MO9T3:00000002","ConnectionId":"0HNNCGO2MO9T3","Application":"PetHealth.API","AppEnv":"Development"}
2026-07-28 15:09:39.601 +02:00[INF] - HTTP GET /api/Appointment responded 200 in 11.4563 ms {"UserId":"3","RemoteIP":"::1","SourceContext":"Serilog.AspNetCore.RequestLoggingMiddleware","RequestId":"0HNNCGO2MO9T2:00000004","ConnectionId":"0HNNCGO2MO9T2","Application":"PetHealth.API","AppEnv":"Development"}
2026-07-28 15:09:39.617 +02:00[INF] - HTTP GET /api/Pet responded 200 in 27.0132 ms {"UserId":"3","RemoteIP":"::1","SourceContext":"Serilog.AspNetCore.RequestLoggingMiddleware","RequestId":"0HNNCGO2MO9T5:00000002","ConnectionId":"0HNNCGO2MO9T5","Application":"PetHealth.API","AppEnv":"Development"}
2026-07-28 15:09:41.536 +02:00[INF] - HTTP GET /api/Prescription responded 200 in 3.2714 ms {"UserId":"3","RemoteIP":"::1","SourceContext":"Serilog.AspNetCore.RequestLoggingMiddleware","RequestId":"0HNNCGO2MO9T5:00000003","ConnectionId":"0HNNCGO2MO9T5","Application":"PetHealth.API","AppEnv":"Development"}
2026-07-28 15:09:41.536 +02:00[INF] - HTTP GET /api/Medicine responded 200 in 2.3787 ms {"UserId":"3","RemoteIP":"::1","SourceContext":"Serilog.AspNetCore.RequestLoggingMiddleware","RequestId":"0HNNCGO2MO9T2:00000006","ConnectionId":"0HNNCGO2MO9T2","Application":"PetHealth.API","AppEnv":"Development"}
2026-07-28 15:09:41.546 +02:00[INF] - HTTP GET /api/Prescription/Item/79 responded 200 in 3.5485 ms {"UserId":"3","RemoteIP":"::1","SourceContext":"Serilog.AspNetCore.RequestLoggingMiddleware","RequestId":"0HNNCGO2MO9T5:00000005","ConnectionId":"0HNNCGO2MO9T5","Application":"PetHealth.API","AppEnv":"Development"}
2026-07-28 15:09:54.255 +02:00[INF] - HTTP GET /api/Pet responded 200 in 3.9640 ms {"UserId":"3","RemoteIP":"::1","SourceContext":"Serilog.AspNetCore.RequestLoggingMiddleware","RequestId":"0HNNCGO2MO9T3:00000004","ConnectionId":"0HNNCGO2MO9T3","Application":"PetHealth.API","AppEnv":"Development"}
2026-07-28 15:09:54.255 +02:00[INF] - HTTP GET /api/AppUser responded 200 in 4.1333 ms {"UserId":"3","RemoteIP":"::1","SourceContext":"Serilog.AspNetCore.RequestLoggingMiddleware","RequestId":"0HNNCGO2MO9T2:00000008","ConnectionId":"0HNNCGO2MO9T2","Application":"PetHealth.API","AppEnv":"Development"}
2026-07-28 15:09:54.257 +02:00[INF] - HTTP GET /api/Appointment responded 200 in 6.0440 ms {"UserId":"3","RemoteIP":"::1","SourceContext":"Serilog.AspNetCore.RequestLoggingMiddleware","RequestId":"0HNNCGO2MO9T5:00000007","ConnectionId":"0HNNCGO2MO9T5","Application":"PetHealth.API","AppEnv":"Development"}
2026-07-28 15:09:54.274 +02:00[INF] - HTTP GET /api/Prescription responded 200 in 22.5887 ms {"UserId":"3","RemoteIP":"::1","SourceContext":"Serilog.AspNetCore.RequestLoggingMiddleware","RequestId":"0HNNCGO2MO9T4:00000004","ConnectionId":"0HNNCGO2MO9T4","Application":"PetHealth.API","AppEnv":"Development"}
2026-07-28 15:09:58.244 +02:00[INF] - HTTP GET /api/Prescription responded 200 in 3.1758 ms {"UserId":"3","RemoteIP":"::1","SourceContext":"Serilog.AspNetCore.RequestLoggingMiddleware","RequestId":"0HNNCGO2MO9T4:00000005","ConnectionId":"0HNNCGO2MO9T4","Application":"PetHealth.API","AppEnv":"Development"}
2026-07-28 15:09:58.244 +02:00[INF] - HTTP GET /api/Medicine responded 200 in 2.4902 ms {"UserId":"3","RemoteIP":"::1","SourceContext":"Serilog.AspNetCore.RequestLoggingMiddleware","RequestId":"0HNNCGO2MO9T5:00000009","ConnectionId":"0HNNCGO2MO9T5","Application":"PetHealth.API","AppEnv":"Development"}
2026-07-28 15:09:59.244 +02:00[INF] - HTTP GET /api/AppUser responded 200 in 4.2726 ms {"UserId":"3","RemoteIP":"::1","SourceContext":"Serilog.AspNetCore.RequestLoggingMiddleware","RequestId":"0HNNCGO2MO9T2:00000009","ConnectionId":"0HNNCGO2MO9T2","Application":"PetHealth.API","AppEnv":"Development"}
2026-07-28 15:09:59.244 +02:00[INF] - HTTP GET /api/Prescription responded 200 in 3.8278 ms {"UserId":"3","RemoteIP":"::1","SourceContext":"Serilog.AspNetCore.RequestLoggingMiddleware","RequestId":"0HNNCGO2MO9T3:00000005","ConnectionId":"0HNNCGO2MO9T3","Application":"PetHealth.API","AppEnv":"Development"}
2026-07-28 15:09:59.244 +02:00[INF] - HTTP GET /api/Pet responded 200 in 4.2703 ms {"UserId":"3","RemoteIP":"::1","SourceContext":"Serilog.AspNetCore.RequestLoggingMiddleware","RequestId":"0HNNCGO2MO9T5:0000000A","ConnectionId":"0HNNCGO2MO9T5","Application":"PetHealth.API","AppEnv":"Development"}
2026-07-28 15:09:59.246 +02:00[INF] - HTTP GET /api/Appointment responded 200 in 5.5785 ms {"UserId":"3","RemoteIP":"::1","SourceContext":"Serilog.AspNetCore.RequestLoggingMiddleware","RequestId":"0HNNCGO2MO9T4:00000006","ConnectionId":"0HNNCGO2MO9T4","Application":"PetHealth.API","AppEnv":"Development"}
2026-07-28 15:10:06.221 +02:00[INF] - HTTP GET /api/Prescription responded 200 in 3.2879 ms {"UserId":"3","RemoteIP":"::1","SourceContext":"Serilog.AspNetCore.RequestLoggingMiddleware","RequestId":"0HNNCGO2MO9T3:00000007","ConnectionId":"0HNNCGO2MO9T3","Application":"PetHealth.API","AppEnv":"Development"}
2026-07-28 15:10:06.221 +02:00[INF] - HTTP GET /api/Medicine responded 200 in 3.2878 ms {"UserId":"3","RemoteIP":"::1","SourceContext":"Serilog.AspNetCore.RequestLoggingMiddleware","RequestId":"0HNNCGO2MO9T4:00000008","ConnectionId":"0HNNCGO2MO9T4","Application":"PetHealth.API","AppEnv":"Development"}
2026-07-28 15:10:06.233 +02:00[INF] - HTTP GET /api/Prescription/Item/79 responded 200 in 2.6913 ms {"UserId":"3","RemoteIP":"::1","SourceContext":"Serilog.AspNetCore.RequestLoggingMiddleware","RequestId":"0HNNCGO2MO9T3:00000009","ConnectionId":"0HNNCGO2MO9T3","Application":"PetHealth.API","AppEnv":"Development"}
2026-07-28 15:10:14.105 +02:00[INF] - HTTP GET /api/AppUser responded 200 in 2.0344 ms {"UserId":"3","RemoteIP":"::1","SourceContext":"Serilog.AspNetCore.RequestLoggingMiddleware","RequestId":"0HNNCGO2MO9T3:0000000B","ConnectionId":"0HNNCGO2MO9T3","Application":"PetHealth.API","AppEnv":"Development"}
2026-07-28 15:10:14.105 +02:00[INF] - HTTP GET /api/Pet responded 200 in 2.0601 ms {"UserId":"3","RemoteIP":"::1","SourceContext":"Serilog.AspNetCore.RequestLoggingMiddleware","RequestId":"0HNNCGO2MO9T4:0000000A","ConnectionId":"0HNNCGO2MO9T4","Application":"PetHealth.API","AppEnv":"Development"}
2026-07-28 15:10:14.105 +02:00[INF] - HTTP GET /api/Prescription responded 200 in 1.7775 ms {"UserId":"3","RemoteIP":"::1","SourceContext":"Serilog.AspNetCore.RequestLoggingMiddleware","RequestId":"0HNNCGO2MO9T5:0000000C","ConnectionId":"0HNNCGO2MO9T5","Application":"PetHealth.API","AppEnv":"Development"}
2026-07-28 15:10:14.106 +02:00[INF] - HTTP GET /api/Appointment responded 200 in 3.3258 ms {"UserId":"3","RemoteIP":"::1","SourceContext":"Serilog.AspNetCore.RequestLoggingMiddleware","RequestId":"0HNNCGO2MO9T2:0000000B","ConnectionId":"0HNNCGO2MO9T2","Application":"PetHealth.API","AppEnv":"Development"}
2026-07-28 15:10:15.963 +02:00[INF] - HTTP GET /api/Prescription responded 200 in 2.7381 ms {"UserId":"3","RemoteIP":"::1","SourceContext":"Serilog.AspNetCore.RequestLoggingMiddleware","RequestId":"0HNNCGO2MO9T2:0000000C","ConnectionId":"0HNNCGO2MO9T2","Application":"PetHealth.API","AppEnv":"Development"}
2026-07-28 15:10:15.963 +02:00[INF] - HTTP GET /api/Medicine responded 200 in 2.1170 ms {"UserId":"3","RemoteIP":"::1","SourceContext":"Serilog.AspNetCore.RequestLoggingMiddleware","RequestId":"0HNNCGO2MO9T4:0000000C","ConnectionId":"0HNNCGO2MO9T4","Application":"PetHealth.API","AppEnv":"Development"}
2026-07-28 15:10:17.387 +02:00[INF] - HTTP GET /api/Prescription/Item/33 responded 200 in 3.9620 ms {"UserId":"3","RemoteIP":"::1","SourceContext":"Serilog.AspNetCore.RequestLoggingMiddleware","RequestId":"0HNNCGO2MO9T2:0000000E","ConnectionId":"0HNNCGO2MO9T2","Application":"PetHealth.API","AppEnv":"Development"}
2026-07-28 15:10:23.447 +02:00[INF] - HTTP GET /api/Pet responded 200 in 2.4815 ms {"UserId":"3","RemoteIP":"::1","SourceContext":"Serilog.AspNetCore.RequestLoggingMiddleware","RequestId":"0HNNCGO2MO9T3:0000000D","ConnectionId":"0HNNCGO2MO9T3","Application":"PetHealth.API","AppEnv":"Development"}
2026-07-28 15:10:23.447 +02:00[INF] - HTTP GET /api/Prescription responded 200 in 2.2530 ms {"UserId":"3","RemoteIP":"::1","SourceContext":"Serilog.AspNetCore.RequestLoggingMiddleware","RequestId":"0HNNCGO2MO9T4:0000000E","ConnectionId":"0HNNCGO2MO9T4","Application":"PetHealth.API","AppEnv":"Development"}
2026-07-28 15:10:23.447 +02:00[INF] - HTTP GET /api/AppUser responded 200 in 2.3214 ms {"UserId":"3","RemoteIP":"::1","SourceContext":"Serilog.AspNetCore.RequestLoggingMiddleware","RequestId":"0HNNCGO2MO9T5:0000000E","ConnectionId":"0HNNCGO2MO9T5","Application":"PetHealth.API","AppEnv":"Development"}
2026-07-28 15:10:23.448 +02:00[INF] - HTTP GET /api/Appointment responded 200 in 4.0048 ms {"UserId":"3","RemoteIP":"::1","SourceContext":"Serilog.AspNetCore.RequestLoggingMiddleware","RequestId":"0HNNCGO2MO9T2:00000010","ConnectionId":"0HNNCGO2MO9T2","Application":"PetHealth.API","AppEnv":"Development"}
2026-07-28 15:10:25.858 +02:00[INF] - HTTP GET /api/Prescription responded 200 in 5.0646 ms {"UserId":"3","RemoteIP":"::1","SourceContext":"Serilog.AspNetCore.RequestLoggingMiddleware","RequestId":"0HNNCGO2MO9T2:00000011","ConnectionId":"0HNNCGO2MO9T2","Application":"PetHealth.API","AppEnv":"Development"}
2026-07-28 15:10:25.858 +02:00[INF] - HTTP GET /api/Medicine responded 200 in 2.5967 ms {"UserId":"3","RemoteIP":"::1","SourceContext":"Serilog.AspNetCore.RequestLoggingMiddleware","RequestId":"0HNNCGO2MO9T4:00000010","ConnectionId":"0HNNCGO2MO9T4","Application":"PetHealth.API","AppEnv":"Development"}
2026-07-28 15:10:27.064 +02:00[INF] - HTTP GET /api/Pet responded 200 in 3.1881 ms {"UserId":"3","RemoteIP":"::1","SourceContext":"Serilog.AspNetCore.RequestLoggingMiddleware","RequestId":"0HNNCGO2MO9T2:00000012","ConnectionId":"0HNNCGO2MO9T2","Application":"PetHealth.API","AppEnv":"Development"}
2026-07-28 15:10:27.064 +02:00[INF] - HTTP GET /api/Prescription responded 200 in 3.1581 ms {"UserId":"3","RemoteIP":"::1","SourceContext":"Serilog.AspNetCore.RequestLoggingMiddleware","RequestId":"0HNNCGO2MO9T3:0000000E","ConnectionId":"0HNNCGO2MO9T3","Application":"PetHealth.API","AppEnv":"Development"}
2026-07-28 15:10:27.064 +02:00[INF] - HTTP GET /api/AppUser responded 200 in 3.1949 ms {"UserId":"3","RemoteIP":"::1","SourceContext":"Serilog.AspNetCore.RequestLoggingMiddleware","RequestId":"0HNNCGO2MO9T5:0000000F","ConnectionId":"0HNNCGO2MO9T5","Application":"PetHealth.API","AppEnv":"Development"}
2026-07-28 15:10:27.065 +02:00[INF] - HTTP GET /api/Appointment responded 200 in 4.1456 ms {"UserId":"3","RemoteIP":"::1","SourceContext":"Serilog.AspNetCore.RequestLoggingMiddleware","RequestId":"0HNNCGO2MO9T4:00000011","ConnectionId":"0HNNCGO2MO9T4","Application":"PetHealth.API","AppEnv":"Development"}
2026-07-28 15:10:38.469 +02:00[INF] - HTTP POST /api/Appointment responded 200 in 7.4824 ms {"UserId":"3","RemoteIP":"::1","SourceContext":"Serilog.AspNetCore.RequestLoggingMiddleware","RequestId":"0HNNCGO2MO9T4:00000013","ConnectionId":"0HNNCGO2MO9T4","Application":"PetHealth.API","AppEnv":"Development"}
2026-07-28 15:10:38.475 +02:00[INF] - HTTP GET /api/Appointment responded 200 in 2.7820 ms {"UserId":"3","RemoteIP":"::1","SourceContext":"Serilog.AspNetCore.RequestLoggingMiddleware","RequestId":"0HNNCGO2MO9T4:00000014","ConnectionId":"0HNNCGO2MO9T4","Application":"PetHealth.API","AppEnv":"Development"}
2026-07-28 15:10:41.074 +02:00[INF] - HTTP POST /api/Prescription responded 200 in 11.0089 ms {"UserId":"3","RemoteIP":"::1","SourceContext":"Serilog.AspNetCore.RequestLoggingMiddleware","RequestId":"0HNNCGO2MO9T4:00000016","ConnectionId":"0HNNCGO2MO9T4","Application":"PetHealth.API","AppEnv":"Development"}
2026-07-28 15:10:41.087 +02:00[INF] - HTTP GET /api/Medicine responded 200 in 1.7264 ms {"UserId":"3","RemoteIP":"::1","SourceContext":"Serilog.AspNetCore.RequestLoggingMiddleware","RequestId":"0HNNCGO2MO9T5:00000011","ConnectionId":"0HNNCGO2MO9T5","Application":"PetHealth.API","AppEnv":"Development"}
2026-07-28 15:10:41.087 +02:00[INF] - HTTP GET /api/Prescription responded 200 in 2.6384 ms {"UserId":"3","RemoteIP":"::1","SourceContext":"Serilog.AspNetCore.RequestLoggingMiddleware","RequestId":"0HNNCGO2MO9T4:00000017","ConnectionId":"0HNNCGO2MO9T4","Application":"PetHealth.API","AppEnv":"Development"}
2026-07-28 15:10:41.092 +02:00[INF] - HTTP GET /api/Prescription/Item/1004 responded 404 in 2.0811 ms {"UserId":"3","RemoteIP":"::1","SourceContext":"Serilog.AspNetCore.RequestLoggingMiddleware","RequestId":"0HNNCGO2MO9T4:00000019","ConnectionId":"0HNNCGO2MO9T4","Application":"PetHealth.API","AppEnv":"Development"}
2026-07-28 15:11:23.786 +02:00[INF] - HTTP GET /api/Prescription responded 200 in 2.2518 ms {"UserId":"3","RemoteIP":"::1","SourceContext":"Serilog.AspNetCore.RequestLoggingMiddleware","RequestId":"0HNNCGO2MO9T5:00000013","ConnectionId":"0HNNCGO2MO9T5","Application":"PetHealth.API","AppEnv":"Development"}
2026-07-28 15:11:23.786 +02:00[INF] - HTTP GET /api/AppUser responded 200 in 2.5974 ms {"UserId":"3","RemoteIP":"::1","SourceContext":"Serilog.AspNetCore.RequestLoggingMiddleware","RequestId":"0HNNCGO2MO9T2:00000014","ConnectionId":"0HNNCGO2MO9T2","Application":"PetHealth.API","AppEnv":"Development"}
2026-07-28 15:11:23.786 +02:00[INF] - HTTP GET /api/Pet responded 200 in 2.6695 ms {"UserId":"3","RemoteIP":"::1","SourceContext":"Serilog.AspNetCore.RequestLoggingMiddleware","RequestId":"0HNNCGO2MO9T3:00000010","ConnectionId":"0HNNCGO2MO9T3","Application":"PetHealth.API","AppEnv":"Development"}
2026-07-28 15:11:23.787 +02:00[INF] - HTTP GET /api/Appointment responded 200 in 4.0308 ms {"UserId":"3","RemoteIP":"::1","SourceContext":"Serilog.AspNetCore.RequestLoggingMiddleware","RequestId":"0HNNCGO2MO9T4:0000001B","ConnectionId":"0HNNCGO2MO9T4","Application":"PetHealth.API","AppEnv":"Development"}
2026-07-28 15:11:28.035 +02:00[FTL] - Unhandled exception occurred {"SourceContext":"API_PetHealth.Middlewares.GlobalExceptionHandler","RequestId":"0HNNCGO2MO9T4:0000001D","RequestPath":"/api/Appointment/1003","ConnectionId":"0HNNCGO2MO9T4","Application":"PetHealth.API","AppEnv":"Development"}
Microsoft.Data.SqlClient.SqlException (0x80131904): Cannot delete: this Appointment has linked Prescriptions.
   at Microsoft.Data.SqlClient.SqlConnection.OnError(SqlException exception, Boolean breakConnection, Action`1 wrapCloseInAction)
   at Microsoft.Data.SqlClient.Connection.SqlConnectionInternal.OnError(SqlException exception, Boolean breakConnection, Action`1 wrapCloseInAction)
   at Microsoft.Data.SqlClient.TdsParser.ThrowExceptionAndWarning(TdsParserStateObject stateObj, SqlCommand command, Boolean callerHasConnectionLock, Boolean asyncClose)
   at Microsoft.Data.SqlClient.TdsParser.TryRun(RunBehavior runBehavior, SqlCommand cmdHandler, SqlDataReader dataStream, BulkCopySimpleResultSet bulkCopyHandler, TdsParserStateObject stateObj, Boolean& dataReady)
   at Microsoft.Data.SqlClient.SqlCommand.FinishExecuteReader(SqlDataReader ds, RunBehavior runBehavior, String resetOptionsString, Boolean isInternal, Boolean forDescribeParameterEncryption, Boolean shouldCacheForAlwaysEncrypted)
   at Microsoft.Data.SqlClient.SqlCommand.CompleteAsyncExecuteReader(Boolean isInternal, Boolean forDescribeParameterEncryption)
   at Microsoft.Data.SqlClient.SqlCommand.InternalEndExecuteNonQuery(IAsyncResult asyncResult, Boolean isInternal, String endMethod)
   at Microsoft.Data.SqlClient.SqlCommand.EndExecuteNonQueryInternal(IAsyncResult asyncResult)
   at Microsoft.Data.SqlClient.SqlCommand.EndExecuteNonQueryAsync(IAsyncResult asyncResult)
   at Microsoft.Data.SqlClient.SqlCommand.<>c.<InternalExecuteNonQueryAsync>b__251_1(IAsyncResult asyncResult)
   at System.Threading.Tasks.TaskFactory`1.FromAsyncCoreLogic(IAsyncResult iar, Func`2 endFunction, Action`1 endAction, Task`1 promise, Boolean requiresSynchronization)
--- End of stack trace from previous location ---
   at Dapper.SqlMapper.ExecuteImplAsync(IDbConnection cnn, CommandDefinition command, Object param) in /_/Dapper/SqlMapper.Async.cs:line 663
   at PetHealth.Infrastructure.Services.AppointmentService.Execute(DeleteAppointmentCommandAsync command) in /Users/jordanmal/Documents/Projet Développement /PetHealthApplication/API/API_PetHealth/PetHealth.Infrastructure/Services/AppointmentService.cs:line 75
   at API_PetHealth.Controllers.AppointmentController.DeleteAppointment(Int32 id) in /Users/jordanmal/Documents/Projet Développement /PetHealthApplication/API/API_PetHealth/PetHealth.API/Controllers/AppointmentController.cs:line 79
   at lambda_method125(Closure, Object)
   at Microsoft.AspNetCore.Mvc.Infrastructure.ActionMethodExecutor.AwaitableObjectResultExecutor.Execute(ActionContext actionContext, IActionResultTypeMapper mapper, ObjectMethodExecutor executor, Object controller, Object[] arguments)
   at Microsoft.AspNetCore.Mvc.Infrastructure.ControllerActionInvoker.<InvokeActionMethodAsync>g__Logged|12_1(ControllerActionInvoker invoker)
   at Microsoft.AspNetCore.Mvc.Infrastructure.ControllerActionInvoker.<InvokeNextActionFilterAsync>g__Awaited|10_0(ControllerActionInvoker invoker, Task lastTask, State next, Scope scope, Object state, Boolean isCompleted)
   at Microsoft.AspNetCore.Mvc.Infrastructure.ControllerActionInvoker.Rethrow(ActionExecutedContextSealed context)
   at Microsoft.AspNetCore.Mvc.Infrastructure.ControllerActionInvoker.Next(State& next, Scope& scope, Object& state, Boolean& isCompleted)
   at Microsoft.AspNetCore.Mvc.Infrastructure.ControllerActionInvoker.<InvokeInnerFilterAsync>g__Awaited|13_0(ControllerActionInvoker invoker, Task lastTask, State next, Scope scope, Object state, Boolean isCompleted)
   at Microsoft.AspNetCore.Mvc.Infrastructure.ResourceInvoker.<InvokeFilterPipelineAsync>g__Awaited|20_0(ResourceInvoker invoker, Task lastTask, State next, Scope scope, Object state, Boolean isCompleted)
   at Microsoft.AspNetCore.Mvc.Infrastructure.ResourceInvoker.<InvokeAsync>g__Logged|17_1(ResourceInvoker invoker)
   at Microsoft.AspNetCore.Mvc.Infrastructure.ResourceInvoker.<InvokeAsync>g__Logged|17_1(ResourceInvoker invoker)
   at Microsoft.AspNetCore.Authorization.AuthorizationMiddleware.Invoke(HttpContext context)
   at Microsoft.AspNetCore.Authentication.AuthenticationMiddleware.Invoke(HttpContext context)
   at Microsoft.AspNetCore.Diagnostics.ExceptionHandlerMiddlewareImpl.<Invoke>g__Awaited|10_0(ExceptionHandlerMiddlewareImpl middleware, HttpContext context, Task task)
ClientConnectionId :3c2b4494-aae7-4158-80cb-03711edf5233
Error Number :50006,State :1,Class :16
2026-07-28 15:11:28.040 +02:00[ERR] - HTTP DELETE /api/Appointment/1003 responded 500 in 9.8356 ms {"UserId":"3","RemoteIP":"::1","SourceContext":"Serilog.AspNetCore.RequestLoggingMiddleware","RequestId":"0HNNCGO2MO9T4:0000001D","ConnectionId":"0HNNCGO2MO9T4","Application":"PetHealth.API","AppEnv":"Development"}
2026-07-28 15:12:03.405 +02:00[INF] - HTTP GET /api/Medicine responded 200 in 3.6504 ms {"UserId":"3","RemoteIP":"::1","SourceContext":"Serilog.AspNetCore.RequestLoggingMiddleware","RequestId":"0HNNCGO2MO9T4:0000001F","ConnectionId":"0HNNCGO2MO9T4","Application":"PetHealth.API","AppEnv":"Development"}
2026-07-28 15:12:03.405 +02:00[INF] - HTTP GET /api/Prescription responded 200 in 3.6503 ms {"UserId":"3","RemoteIP":"::1","SourceContext":"Serilog.AspNetCore.RequestLoggingMiddleware","RequestId":"0HNNCGO2MO9T5:00000015","ConnectionId":"0HNNCGO2MO9T5","Application":"PetHealth.API","AppEnv":"Development"}
2026-07-28 15:14:05.204 +02:00[INF] - HTTP GET /api/Prescription responded 200 in 11.2596 ms {"UserId":"3","RemoteIP":"::1","SourceContext":"Serilog.AspNetCore.RequestLoggingMiddleware","RequestId":"0HNNCGO2MO9T4:00000021","ConnectionId":"0HNNCGO2MO9T4","Application":"PetHealth.API","AppEnv":"Development"}
2026-07-28 15:14:05.204 +02:00[INF] - HTTP GET /api/Medicine responded 200 in 11.3196 ms {"UserId":"3","RemoteIP":"::1","SourceContext":"Serilog.AspNetCore.RequestLoggingMiddleware","RequestId":"0HNNCGO2MO9T5:00000017","ConnectionId":"0HNNCGO2MO9T5","Application":"PetHealth.API","AppEnv":"Development"}
2026-07-28 15:14:25.155 +02:00[INF] - HTTP GET /api/Prescription responded 200 in 2.9998 ms {"UserId":"3","RemoteIP":"::1","SourceContext":"Serilog.AspNetCore.RequestLoggingMiddleware","RequestId":"0HNNCGO2MO9T9:00000002","ConnectionId":"0HNNCGO2MO9T9","Application":"PetHealth.API","AppEnv":"Development"}
2026-07-28 15:14:25.155 +02:00[INF] - HTTP GET /api/AppUser responded 200 in 3.1253 ms {"UserId":"3","RemoteIP":"::1","SourceContext":"Serilog.AspNetCore.RequestLoggingMiddleware","RequestId":"0HNNCGO2MO9T5:00000019","ConnectionId":"0HNNCGO2MO9T5","Application":"PetHealth.API","AppEnv":"Development"}
2026-07-28 15:14:25.155 +02:00[INF] - HTTP GET /api/Pet responded 200 in 3.4247 ms {"UserId":"3","RemoteIP":"::1","SourceContext":"Serilog.AspNetCore.RequestLoggingMiddleware","RequestId":"0HNNCGO2MO9T4:00000023","ConnectionId":"0HNNCGO2MO9T4","Application":"PetHealth.API","AppEnv":"Development"}
2026-07-28 15:14:25.157 +02:00[INF] - HTTP GET /api/Appointment responded 200 in 5.4974 ms {"UserId":"3","RemoteIP":"::1","SourceContext":"Serilog.AspNetCore.RequestLoggingMiddleware","RequestId":"0HNNCGO2MO9T8:00000002","ConnectionId":"0HNNCGO2MO9T8","Application":"PetHealth.API","AppEnv":"Development"}
2026-07-28 15:14:26.100 +02:00[INF] - HTTP GET /api/Prescription responded 200 in 3.8209 ms {"UserId":"3","RemoteIP":"::1","SourceContext":"Serilog.AspNetCore.RequestLoggingMiddleware","RequestId":"0HNNCGO2MO9T8:00000003","ConnectionId":"0HNNCGO2MO9T8","Application":"PetHealth.API","AppEnv":"Development"}
2026-07-28 15:14:26.100 +02:00[INF] - HTTP GET /api/Medicine responded 200 in 2.6393 ms {"UserId":"3","RemoteIP":"::1","SourceContext":"Serilog.AspNetCore.RequestLoggingMiddleware","RequestId":"0HNNCGO2MO9T4:00000025","ConnectionId":"0HNNCGO2MO9T4","Application":"PetHealth.API","AppEnv":"Development"}
2026-07-28 15:14:27.408 +02:00[INF] - HTTP GET /api/Prescription/Item/1004 responded 404 in 5.1734 ms {"UserId":"3","RemoteIP":"::1","SourceContext":"Serilog.AspNetCore.RequestLoggingMiddleware","RequestId":"0HNNCGO2MO9T8:00000005","ConnectionId":"0HNNCGO2MO9T8","Application":"PetHealth.API","AppEnv":"Development"}
2026-07-28 15:14:29.538 +02:00[INF] - HTTP GET /api/Prescription/Item/33 responded 200 in 5.2505 ms {"UserId":"3","RemoteIP":"::1","SourceContext":"Serilog.AspNetCore.RequestLoggingMiddleware","RequestId":"0HNNCGO2MO9T8:00000007","ConnectionId":"0HNNCGO2MO9T8","Application":"PetHealth.API","AppEnv":"Development"}
2026-07-28 15:14:32.319 +02:00[INF] - HTTP GET /api/Prescription responded 200 in 2.4137 ms {"UserId":"3","RemoteIP":"::1","SourceContext":"Serilog.AspNetCore.RequestLoggingMiddleware","RequestId":"0HNNCGO2MO9T8:00000009","ConnectionId":"0HNNCGO2MO9T8","Application":"PetHealth.API","AppEnv":"Development"}
2026-07-28 15:14:32.319 +02:00[INF] - HTTP GET /api/Pet responded 200 in 2.4429 ms {"UserId":"3","RemoteIP":"::1","SourceContext":"Serilog.AspNetCore.RequestLoggingMiddleware","RequestId":"0HNNCGO2MO9T5:0000001B","ConnectionId":"0HNNCGO2MO9T5","Application":"PetHealth.API","AppEnv":"Development"}
2026-07-28 15:14:32.319 +02:00[INF] - HTTP GET /api/AppUser responded 200 in 2.1349 ms {"UserId":"3","RemoteIP":"::1","SourceContext":"Serilog.AspNetCore.RequestLoggingMiddleware","RequestId":"0HNNCGO2MO9T4:00000027","ConnectionId":"0HNNCGO2MO9T4","Application":"PetHealth.API","AppEnv":"Development"}
2026-07-28 15:14:32.319 +02:00[INF] - HTTP GET /api/Appointment responded 200 in 2.8270 ms {"UserId":"3","RemoteIP":"::1","SourceContext":"Serilog.AspNetCore.RequestLoggingMiddleware","RequestId":"0HNNCGO2MO9T9:00000004","ConnectionId":"0HNNCGO2MO9T9","Application":"PetHealth.API","AppEnv":"Development"}
2026-07-28 15:14:34.586 +02:00[INF] - HTTP GET /api/Medicine responded 200 in 2.5241 ms {"UserId":"3","RemoteIP":"::1","SourceContext":"Serilog.AspNetCore.RequestLoggingMiddleware","RequestId":"0HNNCGO2MO9T4:00000029","ConnectionId":"0HNNCGO2MO9T4","Application":"PetHealth.API","AppEnv":"Development"}
2026-07-28 15:14:34.586 +02:00[INF] - HTTP GET /api/Prescription responded 200 in 3.1688 ms {"UserId":"3","RemoteIP":"::1","SourceContext":"Serilog.AspNetCore.RequestLoggingMiddleware","RequestId":"0HNNCGO2MO9T9:00000005","ConnectionId":"0HNNCGO2MO9T9","Application":"PetHealth.API","AppEnv":"Development"}
2026-07-28 15:14:34.595 +02:00[INF] - HTTP GET /api/Prescription/Item/1004 responded 404 in 3.0810 ms {"UserId":"3","RemoteIP":"::1","SourceContext":"Serilog.AspNetCore.RequestLoggingMiddleware","RequestId":"0HNNCGO2MO9T9:00000007","ConnectionId":"0HNNCGO2MO9T9","Application":"PetHealth.API","AppEnv":"Development"}
2026-07-28 15:14:37.456 +02:00[INF] - HTTP GET /api/Prescription responded 200 in 2.7456 ms {"UserId":"3","RemoteIP":"::1","SourceContext":"Serilog.AspNetCore.RequestLoggingMiddleware","RequestId":"0HNNCGO2MO9T5:0000001D","ConnectionId":"0HNNCGO2MO9T5","Application":"PetHealth.API","AppEnv":"Development"}
2026-07-28 15:14:37.456 +02:00[INF] - HTTP GET /api/AppUser responded 200 in 3.0566 ms {"UserId":"3","RemoteIP":"::1","SourceContext":"Serilog.AspNetCore.RequestLoggingMiddleware","RequestId":"0HNNCGO2MO9T9:00000009","ConnectionId":"0HNNCGO2MO9T9","Application":"PetHealth.API","AppEnv":"Development"}
2026-07-28 15:14:37.456 +02:00[INF] - HTTP GET /api/Pet responded 200 in 3.3579 ms {"UserId":"3","RemoteIP":"::1","SourceContext":"Serilog.AspNetCore.RequestLoggingMiddleware","RequestId":"0HNNCGO2MO9T4:0000002B","ConnectionId":"0HNNCGO2MO9T4","Application":"PetHealth.API","AppEnv":"Development"}
2026-07-28 15:14:37.458 +02:00[INF] - HTTP GET /api/Appointment responded 200 in 5.1953 ms {"UserId":"3","RemoteIP":"::1","SourceContext":"Serilog.AspNetCore.RequestLoggingMiddleware","RequestId":"0HNNCGO2MO9T8:0000000B","ConnectionId":"0HNNCGO2MO9T8","Application":"PetHealth.API","AppEnv":"Development"}
2026-07-28 15:14:39.066 +02:00[INF] - HTTP GET /api/Medicine responded 200 in 2.8090 ms {"UserId":"3","RemoteIP":"::1","SourceContext":"Serilog.AspNetCore.RequestLoggingMiddleware","RequestId":"0HNNCGO2MO9T5:0000001E","ConnectionId":"0HNNCGO2MO9T5","Application":"PetHealth.API","AppEnv":"Development"}
2026-07-28 15:14:39.066 +02:00[INF] - HTTP GET /api/Prescription responded 200 in 2.8089 ms {"UserId":"3","RemoteIP":"::1","SourceContext":"Serilog.AspNetCore.RequestLoggingMiddleware","RequestId":"0HNNCGO2MO9T8:0000000C","ConnectionId":"0HNNCGO2MO9T8","Application":"PetHealth.API","AppEnv":"Development"}
2026-07-28 15:15:39.526 +02:00[INF] - HTTP GET /api/Prescription responded 200 in 8.5510 ms {"UserId":"3","RemoteIP":"::1","SourceContext":"Serilog.AspNetCore.RequestLoggingMiddleware","RequestId":"0HNNCGO2MO9T5:00000020","ConnectionId":"0HNNCGO2MO9T5","Application":"PetHealth.API","AppEnv":"Development"}
2026-07-28 15:15:39.526 +02:00[INF] - HTTP GET /api/Medicine responded 200 in 8.5308 ms {"UserId":"3","RemoteIP":"::1","SourceContext":"Serilog.AspNetCore.RequestLoggingMiddleware","RequestId":"0HNNCGO2MO9T8:0000000E","ConnectionId":"0HNNCGO2MO9T8","Application":"PetHealth.API","AppEnv":"Development"}
2026-07-28 15:15:49.474 +02:00[INF] - HTTP GET /api/Medicine responded 200 in 5.3181 ms {"UserId":"3","RemoteIP":"::1","SourceContext":"Serilog.AspNetCore.RequestLoggingMiddleware","RequestId":"0HNNCGO2MO9T8:00000010","ConnectionId":"0HNNCGO2MO9T8","Application":"PetHealth.API","AppEnv":"Development"}
2026-07-28 15:15:49.474 +02:00[INF] - HTTP GET /api/Prescription responded 200 in 5.3195 ms {"UserId":"3","RemoteIP":"::1","SourceContext":"Serilog.AspNetCore.RequestLoggingMiddleware","RequestId":"0HNNCGO2MO9T5:00000022","ConnectionId":"0HNNCGO2MO9T5","Application":"PetHealth.API","AppEnv":"Development"}
2026-07-28 15:16:36.709 +02:00[INF] - HTTP GET /api/Prescription responded 200 in 4.5178 ms {"UserId":"3","RemoteIP":"::1","SourceContext":"Serilog.AspNetCore.RequestLoggingMiddleware","RequestId":"0HNNCGO2MO9T5:00000024","ConnectionId":"0HNNCGO2MO9T5","Application":"PetHealth.API","AppEnv":"Development"}
2026-07-28 15:16:36.710 +02:00[INF] - HTTP GET /api/AppUser responded 200 in 4.6824 ms {"UserId":"3","RemoteIP":"::1","SourceContext":"Serilog.AspNetCore.RequestLoggingMiddleware","RequestId":"0HNNCGO2MO9T4:0000002D","ConnectionId":"0HNNCGO2MO9T4","Application":"PetHealth.API","AppEnv":"Development"}
2026-07-28 15:16:36.710 +02:00[INF] - HTTP GET /api/Pet responded 200 in 5.1760 ms {"UserId":"3","RemoteIP":"::1","SourceContext":"Serilog.AspNetCore.RequestLoggingMiddleware","RequestId":"0HNNCGO2MO9T8:00000012","ConnectionId":"0HNNCGO2MO9T8","Application":"PetHealth.API","AppEnv":"Development"}
2026-07-28 15:16:36.712 +02:00[INF] - HTTP GET /api/Appointment responded 200 in 7.2835 ms {"UserId":"3","RemoteIP":"::1","SourceContext":"Serilog.AspNetCore.RequestLoggingMiddleware","RequestId":"0HNNCGO2MO9T9:0000000B","ConnectionId":"0HNNCGO2MO9T9","Application":"PetHealth.API","AppEnv":"Development"}
2026-07-28 15:16:38.713 +02:00[INF] - HTTP GET /api/Medicine responded 200 in 2.6226 ms {"UserId":"3","RemoteIP":"::1","SourceContext":"Serilog.AspNetCore.RequestLoggingMiddleware","RequestId":"0HNNCGO2MO9T8:00000014","ConnectionId":"0HNNCGO2MO9T8","Application":"PetHealth.API","AppEnv":"Development"}
2026-07-28 15:16:38.713 +02:00[INF] - HTTP GET /api/Prescription responded 200 in 3.4565 ms {"UserId":"3","RemoteIP":"::1","SourceContext":"Serilog.AspNetCore.RequestLoggingMiddleware","RequestId":"0HNNCGO2MO9T9:0000000C","ConnectionId":"0HNNCGO2MO9T9","Application":"PetHealth.API","AppEnv":"Development"}
2026-07-28 15:16:39.268 +02:00[INF] - HTTP GET /api/Prescription responded 200 in 2.9180 ms {"UserId":"3","RemoteIP":"::1","SourceContext":"Serilog.AspNetCore.RequestLoggingMiddleware","RequestId":"0HNNCGO2MO9T5:00000025","ConnectionId":"0HNNCGO2MO9T5","Application":"PetHealth.API","AppEnv":"Development"}
2026-07-28 15:16:39.268 +02:00[INF] - HTTP GET /api/Pet responded 200 in 3.1840 ms {"UserId":"3","RemoteIP":"::1","SourceContext":"Serilog.AspNetCore.RequestLoggingMiddleware","RequestId":"0HNNCGO2MO9T9:0000000D","ConnectionId":"0HNNCGO2MO9T9","Application":"PetHealth.API","AppEnv":"Development"}
2026-07-28 15:16:39.268 +02:00[INF] - HTTP GET /api/AppUser responded 200 in 3.1610 ms {"UserId":"3","RemoteIP":"::1","SourceContext":"Serilog.AspNetCore.RequestLoggingMiddleware","RequestId":"0HNNCGO2MO9T4:0000002E","ConnectionId":"0HNNCGO2MO9T4","Application":"PetHealth.API","AppEnv":"Development"}
2026-07-28 15:16:39.270 +02:00[INF] - HTTP GET /api/Appointment responded 200 in 4.5899 ms {"UserId":"3","RemoteIP":"::1","SourceContext":"Serilog.AspNetCore.RequestLoggingMiddleware","RequestId":"0HNNCGO2MO9T8:00000015","ConnectionId":"0HNNCGO2MO9T8","Application":"PetHealth.API","AppEnv":"Development"}
2026-07-28 15:16:39.877 +02:00[INF] - HTTP GET /api/Pet/my-pets responded 404 in 4.5063 ms {"UserId":"3","RemoteIP":"::1","SourceContext":"Serilog.AspNetCore.RequestLoggingMiddleware","RequestId":"0HNNCGO2MO9T8:00000017","ConnectionId":"0HNNCGO2MO9T8","Application":"PetHealth.API","AppEnv":"Development"}
2026-07-28 15:16:41.173 +02:00[INF] - HTTP GET /api/AppUser/me responded 200 in 5.5431 ms {"UserId":"3","RemoteIP":"::1","SourceContext":"Serilog.AspNetCore.RequestLoggingMiddleware","RequestId":"0HNNCGO2MO9T8:00000019","ConnectionId":"0HNNCGO2MO9T8","Application":"PetHealth.API","AppEnv":"Development"}
2026-07-28 15:16:42.620 +02:00[INF] - HTTP GET /api/AppUser/me responded 200 in 2.5935 ms {"UserId":"3","RemoteIP":"::1","SourceContext":"Serilog.AspNetCore.RequestLoggingMiddleware","RequestId":"0HNNCGO2MO9T8:0000001A","ConnectionId":"0HNNCGO2MO9T8","Application":"PetHealth.API","AppEnv":"Development"}
2026-07-28 15:16:43.739 +02:00[INF] - HTTP GET /api/Pet/my-pets responded 404 in 2.6075 ms {"UserId":"3","RemoteIP":"::1","SourceContext":"Serilog.AspNetCore.RequestLoggingMiddleware","RequestId":"0HNNCGO2MO9T8:0000001B","ConnectionId":"0HNNCGO2MO9T8","Application":"PetHealth.API","AppEnv":"Development"}
2026-07-28 15:16:48.340 +02:00[INF] - HTTP GET /api/Pet responded 200 in 3.9442 ms {"UserId":"3","RemoteIP":"::1","SourceContext":"Serilog.AspNetCore.RequestLoggingMiddleware","RequestId":"0HNNCGO2MO9T4:00000030","ConnectionId":"0HNNCGO2MO9T4","Application":"PetHealth.API","AppEnv":"Development"}
2026-07-28 15:16:48.340 +02:00[INF] - HTTP GET /api/AppUser responded 200 in 3.9292 ms {"UserId":"3","RemoteIP":"::1","SourceContext":"Serilog.AspNetCore.RequestLoggingMiddleware","RequestId":"0HNNCGO2MO9T5:00000027","ConnectionId":"0HNNCGO2MO9T5","Application":"PetHealth.API","AppEnv":"Development"}
2026-07-28 15:16:48.340 +02:00[INF] - HTTP GET /api/Prescription responded 200 in 4.2196 ms {"UserId":"3","RemoteIP":"::1","SourceContext":"Serilog.AspNetCore.RequestLoggingMiddleware","RequestId":"0HNNCGO2MO9T8:0000001D","ConnectionId":"0HNNCGO2MO9T8","Application":"PetHealth.API","AppEnv":"Development"}
2026-07-28 15:16:48.341 +02:00[INF] - HTTP GET /api/Appointment responded 200 in 5.5640 ms {"UserId":"3","RemoteIP":"::1","SourceContext":"Serilog.AspNetCore.RequestLoggingMiddleware","RequestId":"0HNNCGO2MO9T9:0000000F","ConnectionId":"0HNNCGO2MO9T9","Application":"PetHealth.API","AppEnv":"Development"}
2026-07-28 15:16:51.368 +02:00[INF] - HTTP GET /api/Prescription responded 200 in 4.5003 ms {"UserId":"3","RemoteIP":"::1","SourceContext":"Serilog.AspNetCore.RequestLoggingMiddleware","RequestId":"0HNNCGO2MO9T9:00000010","ConnectionId":"0HNNCGO2MO9T9","Application":"PetHealth.API","AppEnv":"Development"}
2026-07-28 15:16:51.368 +02:00[INF] - HTTP GET /api/Medicine responded 200 in 3.7728 ms {"UserId":"3","RemoteIP":"::1","SourceContext":"Serilog.AspNetCore.RequestLoggingMiddleware","RequestId":"0HNNCGO2MO9T8:0000001F","ConnectionId":"0HNNCGO2MO9T8","Application":"PetHealth.API","AppEnv":"Development"}
2026-07-28 15:16:58.121 +02:00[INF] - HTTP GET /api/Prescription responded 200 in 2.3063 ms {"UserId":"3","RemoteIP":"::1","SourceContext":"Serilog.AspNetCore.RequestLoggingMiddleware","RequestId":"0HNNCGO2MO9T4:00000032","ConnectionId":"0HNNCGO2MO9T4","Application":"PetHealth.API","AppEnv":"Development"}
2026-07-28 15:16:58.121 +02:00[INF] - HTTP GET /api/AppUser responded 200 in 2.8407 ms {"UserId":"3","RemoteIP":"::1","SourceContext":"Serilog.AspNetCore.RequestLoggingMiddleware","RequestId":"0HNNCGO2MO9T9:00000012","ConnectionId":"0HNNCGO2MO9T9","Application":"PetHealth.API","AppEnv":"Development"}
2026-07-28 15:16:58.121 +02:00[INF] - HTTP GET /api/Pet responded 200 in 3.2324 ms {"UserId":"3","RemoteIP":"::1","SourceContext":"Serilog.AspNetCore.RequestLoggingMiddleware","RequestId":"0HNNCGO2MO9T8:00000021","ConnectionId":"0HNNCGO2MO9T8","Application":"PetHealth.API","AppEnv":"Development"}
2026-07-28 15:16:58.122 +02:00[INF] - HTTP GET /api/Appointment responded 200 in 3.9302 ms {"UserId":"3","RemoteIP":"::1","SourceContext":"Serilog.AspNetCore.RequestLoggingMiddleware","RequestId":"0HNNCGO2MO9T5:00000029","ConnectionId":"0HNNCGO2MO9T5","Application":"PetHealth.API","AppEnv":"Development"}
2026-07-28 15:17:26.864 +02:00[INF] - HTTP GET /api/Pet/my-pets responded 404 in 3.6172 ms {"UserId":"3","RemoteIP":"::1","SourceContext":"Serilog.AspNetCore.RequestLoggingMiddleware","RequestId":"0HNNCGO2MO9T5:0000002B","ConnectionId":"0HNNCGO2MO9T5","Application":"PetHealth.API","AppEnv":"Development"}
2026-07-28 15:17:28.701 +02:00[INF] - HTTP GET /api/Pet responded 200 in 2.6785 ms {"UserId":"3","RemoteIP":"::1","SourceContext":"Serilog.AspNetCore.RequestLoggingMiddleware","RequestId":"0HNNCGO2MO9T4:00000034","ConnectionId":"0HNNCGO2MO9T4","Application":"PetHealth.API","AppEnv":"Development"}
2026-07-28 15:17:28.701 +02:00[INF] - HTTP GET /api/AppUser responded 200 in 2.6780 ms {"UserId":"3","RemoteIP":"::1","SourceContext":"Serilog.AspNetCore.RequestLoggingMiddleware","RequestId":"0HNNCGO2MO9T9:00000014","ConnectionId":"0HNNCGO2MO9T9","Application":"PetHealth.API","AppEnv":"Development"}
2026-07-28 15:17:28.704 +02:00[INF] - HTTP GET /api/Appointment responded 200 in 5.8575 ms {"UserId":"3","RemoteIP":"::1","SourceContext":"Serilog.AspNetCore.RequestLoggingMiddleware","RequestId":"0HNNCGO2MO9T5:0000002D","ConnectionId":"0HNNCGO2MO9T5","Application":"PetHealth.API","AppEnv":"Development"}
2026-07-28 15:17:28.707 +02:00[INF] - HTTP GET /api/Prescription responded 200 in 8.5752 ms {"UserId":"3","RemoteIP":"::1","SourceContext":"Serilog.AspNetCore.RequestLoggingMiddleware","RequestId":"0HNNCGO2MO9T8:00000023","ConnectionId":"0HNNCGO2MO9T8","Application":"PetHealth.API","AppEnv":"Development"}
2026-07-28 15:17:32.261 +02:00[INF] - HTTP GET /api/Pet/my-pets responded 404 in 3.3597 ms {"UserId":"3","RemoteIP":"::1","SourceContext":"Serilog.AspNetCore.RequestLoggingMiddleware","RequestId":"0HNNCGO2MO9T8:00000025","ConnectionId":"0HNNCGO2MO9T8","Application":"PetHealth.API","AppEnv":"Development"}
2026-07-28 15:17:57.925 +02:00[INF] - HTTP POST /Login responded 200 in 10.1580 ms {"UserId":"Anonymous","RemoteIP":"::1","SourceContext":"Serilog.AspNetCore.RequestLoggingMiddleware","RequestId":"0HNNCGO2MO9T8:00000027","ConnectionId":"0HNNCGO2MO9T8","Application":"PetHealth.API","AppEnv":"Development"}
2026-07-28 15:18:03.411 +02:00[INF] - HTTP GET /api/Pet/my-pets responded 200 in 3.5620 ms {"UserId":"7","RemoteIP":"::1","SourceContext":"Serilog.AspNetCore.RequestLoggingMiddleware","RequestId":"0HNNCGO2MO9T8:00000029","ConnectionId":"0HNNCGO2MO9T8","Application":"PetHealth.API","AppEnv":"Development"}
2026-07-28 15:18:05.150 +02:00[INF] - HTTP GET /api/Pet/my-pets responded 200 in 2.8623 ms {"UserId":"7","RemoteIP":"::1","SourceContext":"Serilog.AspNetCore.RequestLoggingMiddleware","RequestId":"0HNNCGO2MO9T8:0000002A","ConnectionId":"0HNNCGO2MO9T8","Application":"PetHealth.API","AppEnv":"Development"}
2026-07-28 15:18:05.161 +02:00[INF] - HTTP GET /api/Appointment/1 responded 200 in 4.4018 ms {"UserId":"7","RemoteIP":"::1","SourceContext":"Serilog.AspNetCore.RequestLoggingMiddleware","RequestId":"0HNNCGO2MO9T8:0000002C","ConnectionId":"0HNNCGO2MO9T8","Application":"PetHealth.API","AppEnv":"Development"}
2026-07-28 15:18:05.161 +02:00[INF] - HTTP GET /api/Appointment/2 responded 200 in 4.9744 ms {"UserId":"7","RemoteIP":"::1","SourceContext":"Serilog.AspNetCore.RequestLoggingMiddleware","RequestId":"0HNNCGO2MO9T5:0000002F","ConnectionId":"0HNNCGO2MO9T5","Application":"PetHealth.API","AppEnv":"Development"}
2026-07-28 15:18:08.507 +02:00[INF] - HTTP GET /api/Pet/my-pets responded 200 in 2.8537 ms {"UserId":"7","RemoteIP":"::1","SourceContext":"Serilog.AspNetCore.RequestLoggingMiddleware","RequestId":"0HNNCGO2MO9T5:00000031","ConnectionId":"0HNNCGO2MO9T5","Application":"PetHealth.API","AppEnv":"Development"}
2026-07-28 15:18:09.437 +02:00[INF] - HTTP GET /api/Pet/1 responded 200 in 3.5944 ms {"UserId":"7","RemoteIP":"::1","SourceContext":"Serilog.AspNetCore.RequestLoggingMiddleware","RequestId":"0HNNCGO2MO9T5:00000033","ConnectionId":"0HNNCGO2MO9T5","Application":"PetHealth.API","AppEnv":"Development"}
2026-07-28 15:18:25.895 +02:00[INF] - HTTP GET /api/Pet/my-pets responded 200 in 2.9443 ms {"UserId":"7","RemoteIP":"::1","SourceContext":"Serilog.AspNetCore.RequestLoggingMiddleware","RequestId":"0HNNCGO2MO9T5:00000035","ConnectionId":"0HNNCGO2MO9T5","Application":"PetHealth.API","AppEnv":"Development"}
2026-07-28 15:18:26.910 +02:00[INF] - HTTP GET /api/Pet/1 responded 200 in 2.9132 ms {"UserId":"7","RemoteIP":"::1","SourceContext":"Serilog.AspNetCore.RequestLoggingMiddleware","RequestId":"0HNNCGO2MO9T5:00000037","ConnectionId":"0HNNCGO2MO9T5","Application":"PetHealth.API","AppEnv":"Development"}
2026-07-28 15:19:07.745 +02:00[INF] - HTTP GET /api/AppUser/me responded 200 in 3.4751 ms {"UserId":"7","RemoteIP":"::1","SourceContext":"Serilog.AspNetCore.RequestLoggingMiddleware","RequestId":"0HNNCGO2MO9T5:00000039","ConnectionId":"0HNNCGO2MO9T5","Application":"PetHealth.API","AppEnv":"Development"}
2026-07-28 15:19:08.775 +02:00[INF] - HTTP GET /api/Pet/my-pets responded 200 in 2.4873 ms {"UserId":"7","RemoteIP":"::1","SourceContext":"Serilog.AspNetCore.RequestLoggingMiddleware","RequestId":"0HNNCGO2MO9T5:0000003B","ConnectionId":"0HNNCGO2MO9T5","Application":"PetHealth.API","AppEnv":"Development"}
2026-07-28 15:19:09.842 +02:00[INF] - HTTP GET /api/Pet/my-pets responded 200 in 2.6507 ms {"UserId":"7","RemoteIP":"::1","SourceContext":"Serilog.AspNetCore.RequestLoggingMiddleware","RequestId":"0HNNCGO2MO9T5:0000003C","ConnectionId":"0HNNCGO2MO9T5","Application":"PetHealth.API","AppEnv":"Development"}
2026-07-28 15:19:09.847 +02:00[INF] - HTTP GET /api/Appointment/2 responded 200 in 3.4970 ms {"UserId":"7","RemoteIP":"::1","SourceContext":"Serilog.AspNetCore.RequestLoggingMiddleware","RequestId":"0HNNCGO2MO9T5:0000003E","ConnectionId":"0HNNCGO2MO9T5","Application":"PetHealth.API","AppEnv":"Development"}
2026-07-28 15:19:09.853 +02:00[INF] - HTTP GET /api/Appointment/1 responded 200 in 9.1128 ms {"UserId":"7","RemoteIP":"::1","SourceContext":"Serilog.AspNetCore.RequestLoggingMiddleware","RequestId":"0HNNCGO2MO9T8:0000002E","ConnectionId":"0HNNCGO2MO9T8","Application":"PetHealth.API","AppEnv":"Development"}
2026-07-28 15:19:11.237 +02:00[INF] - HTTP GET /api/Pet/my-pets responded 200 in 2.4930 ms {"UserId":"7","RemoteIP":"::1","SourceContext":"Serilog.AspNetCore.RequestLoggingMiddleware","RequestId":"0HNNCGO2MO9T8:0000002F","ConnectionId":"0HNNCGO2MO9T8","Application":"PetHealth.API","AppEnv":"Development"}
2026-07-28 15:19:12.453 +02:00[INF] - HTTP GET /api/AppUser/me responded 200 in 3.1359 ms {"UserId":"7","RemoteIP":"::1","SourceContext":"Serilog.AspNetCore.RequestLoggingMiddleware","RequestId":"0HNNCGO2MO9T8:00000030","ConnectionId":"0HNNCGO2MO9T8","Application":"PetHealth.API","AppEnv":"Development"}
2026-07-28 15:19:14.025 +02:00[INF] - HTTP GET /api/Pet/my-pets responded 200 in 2.3784 ms {"UserId":"7","RemoteIP":"::1","SourceContext":"Serilog.AspNetCore.RequestLoggingMiddleware","RequestId":"0HNNCGO2MO9T8:00000032","ConnectionId":"0HNNCGO2MO9T8","Application":"PetHealth.API","AppEnv":"Development"}
2026-07-28 15:19:15.351 +02:00[INF] - HTTP GET /api/Pet/1 responded 200 in 2.4844 ms {"UserId":"7","RemoteIP":"::1","SourceContext":"Serilog.AspNetCore.RequestLoggingMiddleware","RequestId":"0HNNCGO2MO9T8:00000034","ConnectionId":"0HNNCGO2MO9T8","Application":"PetHealth.API","AppEnv":"Development"}
2026-07-28 15:19:36.728 +02:00[INF] - HTTP GET /api/AppUser/me responded 200 in 3.7522 ms {"UserId":"7","RemoteIP":"::1","SourceContext":"Serilog.AspNetCore.RequestLoggingMiddleware","RequestId":"0HNNCGO2MO9T8:00000036","ConnectionId":"0HNNCGO2MO9T8","Application":"PetHealth.API","AppEnv":"Development"}
2026-07-28 15:19:37.443 +02:00[INF] - HTTP GET /api/Pet/my-pets responded 200 in 2.8917 ms {"UserId":"7","RemoteIP":"::1","SourceContext":"Serilog.AspNetCore.RequestLoggingMiddleware","RequestId":"0HNNCGO2MO9T8:00000038","ConnectionId":"0HNNCGO2MO9T8","Application":"PetHealth.API","AppEnv":"Development"}
2026-07-28 15:19:38.075 +02:00[INF] - HTTP GET /api/Pet/my-pets responded 200 in 2.4415 ms {"UserId":"7","RemoteIP":"::1","SourceContext":"Serilog.AspNetCore.RequestLoggingMiddleware","RequestId":"0HNNCGO2MO9T8:00000039","ConnectionId":"0HNNCGO2MO9T8","Application":"PetHealth.API","AppEnv":"Development"}
2026-07-28 15:19:38.082 +02:00[INF] - HTTP GET /api/Appointment/2 responded 200 in 4.1960 ms {"UserId":"7","RemoteIP":"::1","SourceContext":"Serilog.AspNetCore.RequestLoggingMiddleware","RequestId":"0HNNCGO2MO9T8:0000003B","ConnectionId":"0HNNCGO2MO9T8","Application":"PetHealth.API","AppEnv":"Development"}
2026-07-28 15:19:38.082 +02:00[INF] - HTTP GET /api/Appointment/1 responded 200 in 4.1598 ms {"UserId":"7","RemoteIP":"::1","SourceContext":"Serilog.AspNetCore.RequestLoggingMiddleware","RequestId":"0HNNCGO2MO9T5:00000040","ConnectionId":"0HNNCGO2MO9T5","Application":"PetHealth.API","AppEnv":"Development"}
2026-07-28 15:20:08.428 +02:00[INF] - HTTP GET /api/Pet/my-pets responded 200 in 3.3784 ms {"UserId":"7","RemoteIP":"::1","SourceContext":"Serilog.AspNetCore.RequestLoggingMiddleware","RequestId":"0HNNCGO2MO9T5:00000042","ConnectionId":"0HNNCGO2MO9T5","Application":"PetHealth.API","AppEnv":"Development"}
2026-07-28 15:20:10.315 +02:00[INF] - HTTP GET /api/Pet/1 responded 200 in 4.1913 ms {"UserId":"7","RemoteIP":"::1","SourceContext":"Serilog.AspNetCore.RequestLoggingMiddleware","RequestId":"0HNNCGO2MO9T5:00000044","ConnectionId":"0HNNCGO2MO9T5","Application":"PetHealth.API","AppEnv":"Development"}
2026-07-28 15:21:04.769 +02:00[INF] - HTTP POST /Login responded 200 in 11.4576 ms {"UserId":"Anonymous","RemoteIP":"::1","SourceContext":"Serilog.AspNetCore.RequestLoggingMiddleware","RequestId":"0HNNCGO2MO9T5:00000046","ConnectionId":"0HNNCGO2MO9T5","Application":"PetHealth.API","AppEnv":"Development"}
2026-07-28 15:21:07.760 +02:00[INF] - HTTP GET /api/AppUser responded 200 in 2.4187 ms {"UserId":"1","RemoteIP":"::1","SourceContext":"Serilog.AspNetCore.RequestLoggingMiddleware","RequestId":"0HNNCGO2MO9T5:00000049","ConnectionId":"0HNNCGO2MO9T5","Application":"PetHealth.API","AppEnv":"Development"}
2026-07-28 15:21:07.760 +02:00[INF] - HTTP GET /api/Pet responded 200 in 2.8704 ms {"UserId":"1","RemoteIP":"::1","SourceContext":"Serilog.AspNetCore.RequestLoggingMiddleware","RequestId":"0HNNCGO2MO9TB:00000001","ConnectionId":"0HNNCGO2MO9TB","Application":"PetHealth.API","AppEnv":"Development"}
2026-07-28 15:21:07.760 +02:00[INF] - HTTP GET /api/Prescription responded 200 in 2.6236 ms {"UserId":"1","RemoteIP":"::1","SourceContext":"Serilog.AspNetCore.RequestLoggingMiddleware","RequestId":"0HNNCGO2MO9T8:0000003E","ConnectionId":"0HNNCGO2MO9T8","Application":"PetHealth.API","AppEnv":"Development"}
2026-07-28 15:21:07.762 +02:00[INF] - HTTP GET /api/Appointment responded 200 in 4.5489 ms {"UserId":"1","RemoteIP":"::1","SourceContext":"Serilog.AspNetCore.RequestLoggingMiddleware","RequestId":"0HNNCGO2MO9TC:00000001","ConnectionId":"0HNNCGO2MO9TC","Application":"PetHealth.API","AppEnv":"Development"}
2026-07-28 15:21:37.864 +02:00[INF] - HTTP GET /api/Prescription responded 200 in 2.3844 ms {"UserId":"1","RemoteIP":"::1","SourceContext":"Serilog.AspNetCore.RequestLoggingMiddleware","RequestId":"0HNNCGO2MO9T5:0000004B","ConnectionId":"0HNNCGO2MO9T5","Application":"PetHealth.API","AppEnv":"Development"}
2026-07-28 15:21:37.864 +02:00[INF] - HTTP GET /api/Medicine responded 200 in 2.8527 ms {"UserId":"1","RemoteIP":"::1","SourceContext":"Serilog.AspNetCore.RequestLoggingMiddleware","RequestId":"0HNNCGO2MO9TC:00000003","ConnectionId":"0HNNCGO2MO9TC","Application":"PetHealth.API","AppEnv":"Development"}
2026-07-28 15:21:37.869 +02:00[INF] - HTTP GET /api/Prescription/Item/1004 responded 404 in 2.2878 ms {"UserId":"1","RemoteIP":"::1","SourceContext":"Serilog.AspNetCore.RequestLoggingMiddleware","RequestId":"0HNNCGO2MO9T5:0000004D","ConnectionId":"0HNNCGO2MO9T5","Application":"PetHealth.API","AppEnv":"Development"}
2026-07-28 15:31:45.685 +02:00[INF] - HTTP GET /api/Pet responded 200 in 39.0163 ms {"UserId":"1","RemoteIP":"::1","SourceContext":"Serilog.AspNetCore.RequestLoggingMiddleware","RequestId":"0HNNCGO2MO9TF:00000002","ConnectionId":"0HNNCGO2MO9TF","Application":"PetHealth.API","AppEnv":"Development"}
2026-07-28 15:31:45.689 +02:00[INF] - HTTP GET /api/AppUser responded 200 in 43.0759 ms {"UserId":"1","RemoteIP":"::1","SourceContext":"Serilog.AspNetCore.RequestLoggingMiddleware","RequestId":"0HNNCGO2MO9TI:00000002","ConnectionId":"0HNNCGO2MO9TI","Application":"PetHealth.API","AppEnv":"Development"}
2026-07-28 15:31:45.692 +02:00[INF] - HTTP GET /api/Prescription responded 200 in 46.5983 ms {"UserId":"1","RemoteIP":"::1","SourceContext":"Serilog.AspNetCore.RequestLoggingMiddleware","RequestId":"0HNNCGO2MO9TH:00000002","ConnectionId":"0HNNCGO2MO9TH","Application":"PetHealth.API","AppEnv":"Development"}
2026-07-28 15:31:45.704 +02:00[INF] - HTTP GET /api/Appointment responded 200 in 58.3166 ms {"UserId":"1","RemoteIP":"::1","SourceContext":"Serilog.AspNetCore.RequestLoggingMiddleware","RequestId":"0HNNCGO2MO9TG:00000002","ConnectionId":"0HNNCGO2MO9TG","Application":"PetHealth.API","AppEnv":"Development"}
2026-07-28 15:31:47.130 +02:00[INF] - HTTP GET /api/Medicine responded 200 in 2.9043 ms {"UserId":"1","RemoteIP":"::1","SourceContext":"Serilog.AspNetCore.RequestLoggingMiddleware","RequestId":"0HNNCGO2MO9TH:00000004","ConnectionId":"0HNNCGO2MO9TH","Application":"PetHealth.API","AppEnv":"Development"}
2026-07-28 15:31:47.130 +02:00[INF] - HTTP GET /api/Prescription responded 200 in 3.7119 ms {"UserId":"1","RemoteIP":"::1","SourceContext":"Serilog.AspNetCore.RequestLoggingMiddleware","RequestId":"0HNNCGO2MO9TG:00000003","ConnectionId":"0HNNCGO2MO9TG","Application":"PetHealth.API","AppEnv":"Development"}
2026-07-28 15:31:47.138 +02:00[INF] - HTTP GET /api/Prescription/Item/1004 responded 404 in 3.4588 ms {"UserId":"1","RemoteIP":"::1","SourceContext":"Serilog.AspNetCore.RequestLoggingMiddleware","RequestId":"0HNNCGO2MO9TH:00000006","ConnectionId":"0HNNCGO2MO9TH","Application":"PetHealth.API","AppEnv":"Development"}
2026-07-28 15:31:51.640 +02:00[INF] - HTTP GET /api/Prescription responded 200 in 3.6203 ms {"UserId":"1","RemoteIP":"::1","SourceContext":"Serilog.AspNetCore.RequestLoggingMiddleware","RequestId":"0HNNCGO2MO9TG:00000005","ConnectionId":"0HNNCGO2MO9TG","Application":"PetHealth.API","AppEnv":"Development"}
2026-07-28 15:31:51.641 +02:00[INF] - HTTP GET /api/Appointment responded 200 in 6.0435 ms {"UserId":"1","RemoteIP":"::1","SourceContext":"Serilog.AspNetCore.RequestLoggingMiddleware","RequestId":"0HNNCGO2MO9TH:00000008","ConnectionId":"0HNNCGO2MO9TH","Application":"PetHealth.API","AppEnv":"Development"}
2026-07-28 15:31:51.643 +02:00[INF] - HTTP GET /api/AppUser responded 200 in 6.7006 ms {"UserId":"1","RemoteIP":"::1","SourceContext":"Serilog.AspNetCore.RequestLoggingMiddleware","RequestId":"0HNNCGO2MO9TI:00000004","ConnectionId":"0HNNCGO2MO9TI","Application":"PetHealth.API","AppEnv":"Development"}
2026-07-28 15:31:51.663 +02:00[INF] - HTTP GET /api/Pet responded 200 in 26.5473 ms {"UserId":"1","RemoteIP":"::1","SourceContext":"Serilog.AspNetCore.RequestLoggingMiddleware","RequestId":"0HNNCGO2MO9TF:00000004","ConnectionId":"0HNNCGO2MO9TF","Application":"PetHealth.API","AppEnv":"Development"}
2026-07-28 15:31:52.222 +02:00[INF] - HTTP GET /api/Pet/my-pets responded 404 in 3.1366 ms {"UserId":"1","RemoteIP":"::1","SourceContext":"Serilog.AspNetCore.RequestLoggingMiddleware","RequestId":"0HNNCGO2MO9TF:00000006","ConnectionId":"0HNNCGO2MO9TF","Application":"PetHealth.API","AppEnv":"Development"}
2026-07-28 15:31:57.074 +02:00[INF] - HTTP GET /api/Pet responded 200 in 3.1882 ms {"UserId":"1","RemoteIP":"::1","SourceContext":"Serilog.AspNetCore.RequestLoggingMiddleware","RequestId":"0HNNCGO2MO9TG:00000007","ConnectionId":"0HNNCGO2MO9TG","Application":"PetHealth.API","AppEnv":"Development"}
2026-07-28 15:31:57.074 +02:00[INF] - HTTP GET /api/Prescription responded 200 in 3.1719 ms {"UserId":"1","RemoteIP":"::1","SourceContext":"Serilog.AspNetCore.RequestLoggingMiddleware","RequestId":"0HNNCGO2MO9TI:00000006","ConnectionId":"0HNNCGO2MO9TI","Application":"PetHealth.API","AppEnv":"Development"}
2026-07-28 15:31:57.075 +02:00[INF] - HTTP GET /api/Appointment responded 200 in 5.0361 ms {"UserId":"1","RemoteIP":"::1","SourceContext":"Serilog.AspNetCore.RequestLoggingMiddleware","RequestId":"0HNNCGO2MO9TF:00000008","ConnectionId":"0HNNCGO2MO9TF","Application":"PetHealth.API","AppEnv":"Development"}
2026-07-28 15:31:57.097 +02:00[INF] - HTTP GET /api/AppUser responded 200 in 26.5016 ms {"UserId":"1","RemoteIP":"::1","SourceContext":"Serilog.AspNetCore.RequestLoggingMiddleware","RequestId":"0HNNCGO2MO9TH:0000000A","ConnectionId":"0HNNCGO2MO9TH","Application":"PetHealth.API","AppEnv":"Development"}
2026-07-28 15:32:00.292 +02:00[INF] - HTTP GET /api/Medicine responded 200 in 2.4450 ms {"UserId":"1","RemoteIP":"::1","SourceContext":"Serilog.AspNetCore.RequestLoggingMiddleware","RequestId":"0HNNCGO2MO9TF:0000000A","ConnectionId":"0HNNCGO2MO9TF","Application":"PetHealth.API","AppEnv":"Development"}
2026-07-28 15:32:00.292 +02:00[INF] - HTTP GET /api/Prescription responded 200 in 3.1635 ms {"UserId":"1","RemoteIP":"::1","SourceContext":"Serilog.AspNetCore.RequestLoggingMiddleware","RequestId":"0HNNCGO2MO9TH:0000000B","ConnectionId":"0HNNCGO2MO9TH","Application":"PetHealth.API","AppEnv":"Development"}
2026-07-28 15:32:02.914 +02:00[INF] - HTTP GET /api/Pet/my-pets responded 404 in 2.7497 ms {"UserId":"1","RemoteIP":"::1","SourceContext":"Serilog.AspNetCore.RequestLoggingMiddleware","RequestId":"0HNNCGO2MO9TH:0000000D","ConnectionId":"0HNNCGO2MO9TH","Application":"PetHealth.API","AppEnv":"Development"}
2026-07-28 15:32:03.543 +02:00[INF] - HTTP GET /api/Prescription responded 200 in 3.5203 ms {"UserId":"1","RemoteIP":"::1","SourceContext":"Serilog.AspNetCore.RequestLoggingMiddleware","RequestId":"0HNNCGO2MO9TF:0000000C","ConnectionId":"0HNNCGO2MO9TF","Application":"PetHealth.API","AppEnv":"Development"}
2026-07-28 15:32:03.543 +02:00[INF] - HTTP GET /api/Pet responded 200 in 3.5800 ms {"UserId":"1","RemoteIP":"::1","SourceContext":"Serilog.AspNetCore.RequestLoggingMiddleware","RequestId":"0HNNCGO2MO9TI:00000008","ConnectionId":"0HNNCGO2MO9TI","Application":"PetHealth.API","AppEnv":"Development"}
2026-07-28 15:32:03.544 +02:00[INF] - HTTP GET /api/Appointment responded 200 in 4.8795 ms {"UserId":"1","RemoteIP":"::1","SourceContext":"Serilog.AspNetCore.RequestLoggingMiddleware","RequestId":"0HNNCGO2MO9TH:0000000F","ConnectionId":"0HNNCGO2MO9TH","Application":"PetHealth.API","AppEnv":"Development"}
2026-07-28 15:32:03.545 +02:00[INF] - HTTP GET /api/AppUser responded 200 in 5.0461 ms {"UserId":"1","RemoteIP":"::1","SourceContext":"Serilog.AspNetCore.RequestLoggingMiddleware","RequestId":"0HNNCGO2MO9TG:00000009","ConnectionId":"0HNNCGO2MO9TG","Application":"PetHealth.API","AppEnv":"Development"}
2026-07-28 15:32:04.183 +02:00[INF] - HTTP GET /api/Medicine responded 200 in 3.1361 ms {"UserId":"1","RemoteIP":"::1","SourceContext":"Serilog.AspNetCore.RequestLoggingMiddleware","RequestId":"0HNNCGO2MO9TI:00000009","ConnectionId":"0HNNCGO2MO9TI","Application":"PetHealth.API","AppEnv":"Development"}
2026-07-28 15:32:04.184 +02:00[INF] - HTTP GET /api/Prescription responded 200 in 4.3280 ms {"UserId":"1","RemoteIP":"::1","SourceContext":"Serilog.AspNetCore.RequestLoggingMiddleware","RequestId":"0HNNCGO2MO9TG:0000000A","ConnectionId":"0HNNCGO2MO9TG","Application":"PetHealth.API","AppEnv":"Development"}
2026-07-28 15:32:06.106 +02:00[INF] - HTTP GET /api/Prescription/Item/1004 responded 404 in 4.0003 ms {"UserId":"1","RemoteIP":"::1","SourceContext":"Serilog.AspNetCore.RequestLoggingMiddleware","RequestId":"0HNNCGO2MO9TG:0000000C","ConnectionId":"0HNNCGO2MO9TG","Application":"PetHealth.API","AppEnv":"Development"}
2026-07-28 15:32:08.606 +02:00[INF] - HTTP GET /api/Prescription responded 200 in 4.3233 ms {"UserId":"1","RemoteIP":"::1","SourceContext":"Serilog.AspNetCore.RequestLoggingMiddleware","RequestId":"0HNNCGO2MO9TH:00000011","ConnectionId":"0HNNCGO2MO9TH","Application":"PetHealth.API","AppEnv":"Development"}
2026-07-28 15:32:08.608 +02:00[INF] - HTTP GET /api/Appointment responded 200 in 6.5830 ms {"UserId":"1","RemoteIP":"::1","SourceContext":"Serilog.AspNetCore.RequestLoggingMiddleware","RequestId":"0HNNCGO2MO9TG:0000000E","ConnectionId":"0HNNCGO2MO9TG","Application":"PetHealth.API","AppEnv":"Development"}
2026-07-28 15:32:08.609 +02:00[INF] - HTTP GET /api/Pet responded 200 in 7.0623 ms {"UserId":"1","RemoteIP":"::1","SourceContext":"Serilog.AspNetCore.RequestLoggingMiddleware","RequestId":"0HNNCGO2MO9TI:0000000B","ConnectionId":"0HNNCGO2MO9TI","Application":"PetHealth.API","AppEnv":"Development"}
2026-07-28 15:32:08.610 +02:00[INF] - HTTP GET /api/AppUser responded 200 in 8.0217 ms {"UserId":"1","RemoteIP":"::1","SourceContext":"Serilog.AspNetCore.RequestLoggingMiddleware","RequestId":"0HNNCGO2MO9TF:0000000E","ConnectionId":"0HNNCGO2MO9TF","Application":"PetHealth.API","AppEnv":"Development"}
2026-07-28 15:32:11.340 +02:00[INF] - HTTP GET /api/Medicine responded 200 in 4.1635 ms {"UserId":"1","RemoteIP":"::1","SourceContext":"Serilog.AspNetCore.RequestLoggingMiddleware","RequestId":"0HNNCGO2MO9TI:0000000D","ConnectionId":"0HNNCGO2MO9TI","Application":"PetHealth.API","AppEnv":"Development"}
2026-07-28 15:32:11.340 +02:00[INF] - HTTP GET /api/Prescription responded 200 in 4.7889 ms {"UserId":"1","RemoteIP":"::1","SourceContext":"Serilog.AspNetCore.RequestLoggingMiddleware","RequestId":"0HNNCGO2MO9TF:0000000F","ConnectionId":"0HNNCGO2MO9TF","Application":"PetHealth.API","AppEnv":"Development"}
2026-07-28 15:32:11.348 +02:00[INF] - HTTP GET /api/Prescription/Item/1004 responded 404 in 3.3465 ms {"UserId":"1","RemoteIP":"::1","SourceContext":"Serilog.AspNetCore.RequestLoggingMiddleware","RequestId":"0HNNCGO2MO9TF:00000011","ConnectionId":"0HNNCGO2MO9TF","Application":"PetHealth.API","AppEnv":"Development"}
2026-07-28 15:32:38.868 +02:00[INF] - HTTP GET /api/Pet/my-pets responded 404 in 2.5073 ms {"UserId":"1","RemoteIP":"::1","SourceContext":"Serilog.AspNetCore.RequestLoggingMiddleware","RequestId":"0HNNCGO2MO9TF:00000013","ConnectionId":"0HNNCGO2MO9TF","Application":"PetHealth.API","AppEnv":"Development"}
2026-07-28 21:07:20.115 +02:00[INF] - Application started {"Application":"PetHealth.API","AppEnv":"Development"}
2026-07-28 21:07:36.489 +02:00[INF] - HTTP POST /Login responded 200 in 285.0046 ms {"UserId":"Anonymous","RemoteIP":"::1","SourceContext":"Serilog.AspNetCore.RequestLoggingMiddleware","RequestId":"0HNNCRDU5KVAD:00000002","ConnectionId":"0HNNCRDU5KVAD","Application":"PetHealth.API","AppEnv":"Development"}
2026-07-28 21:07:41.091 +02:00[INF] - HTTP GET /api/AppUser/me responded 200 in 34.2662 ms {"UserId":"1","RemoteIP":"::1","SourceContext":"Serilog.AspNetCore.RequestLoggingMiddleware","RequestId":"0HNNCRDU5KVAD:00000004","ConnectionId":"0HNNCRDU5KVAD","Application":"PetHealth.API","AppEnv":"Development"}
2026-07-28 21:07:44.310 +02:00[INF] - HTTP GET /api/Pet/my-pets responded 404 in 28.8257 ms {"UserId":"1","RemoteIP":"::1","SourceContext":"Serilog.AspNetCore.RequestLoggingMiddleware","RequestId":"0HNNCRDU5KVAD:00000006","ConnectionId":"0HNNCRDU5KVAD","Application":"PetHealth.API","AppEnv":"Development"}
2026-07-28 21:07:45.636 +02:00[INF] - HTTP GET /api/Prescription responded 200 in 43.0584 ms {"UserId":"1","RemoteIP":"::1","SourceContext":"Serilog.AspNetCore.RequestLoggingMiddleware","RequestId":"0HNNCRDU5KVAE:00000002","ConnectionId":"0HNNCRDU5KVAE","Application":"PetHealth.API","AppEnv":"Development"}
2026-07-28 21:07:45.647 +02:00[INF] - HTTP GET /api/AppUser responded 200 in 54.2163 ms {"UserId":"1","RemoteIP":"::1","SourceContext":"Serilog.AspNetCore.RequestLoggingMiddleware","RequestId":"0HNNCRDU5KVAF:00000002","ConnectionId":"0HNNCRDU5KVAF","Application":"PetHealth.API","AppEnv":"Development"}
2026-07-28 21:07:45.661 +02:00[INF] - HTTP GET /api/Appointment responded 200 in 67.4814 ms {"UserId":"1","RemoteIP":"::1","SourceContext":"Serilog.AspNetCore.RequestLoggingMiddleware","RequestId":"0HNNCRDU5KVAD:00000008","ConnectionId":"0HNNCRDU5KVAD","Application":"PetHealth.API","AppEnv":"Development"}
2026-07-28 21:07:45.662 +02:00[INF] - HTTP GET /api/Pet responded 200 in 68.5139 ms {"UserId":"1","RemoteIP":"::1","SourceContext":"Serilog.AspNetCore.RequestLoggingMiddleware","RequestId":"0HNNCRDU5KVAG:00000002","ConnectionId":"0HNNCRDU5KVAG","Application":"PetHealth.API","AppEnv":"Development"}
2026-07-28 21:07:50.162 +02:00[INF] - HTTP GET /api/Pet/my-pets responded 404 in 6.1048 ms {"UserId":"1","RemoteIP":"::1","SourceContext":"Serilog.AspNetCore.RequestLoggingMiddleware","RequestId":"0HNNCRDU5KVAG:00000004","ConnectionId":"0HNNCRDU5KVAG","Application":"PetHealth.API","AppEnv":"Development"}
2026-07-28 21:07:54.991 +02:00[INF] - HTTP GET /api/AppUser responded 200 in 4.9212 ms {"UserId":"1","RemoteIP":"::1","SourceContext":"Serilog.AspNetCore.RequestLoggingMiddleware","RequestId":"0HNNCRDU5KVAD:0000000A","ConnectionId":"0HNNCRDU5KVAD","Application":"PetHealth.API","AppEnv":"Development"}
2026-07-28 21:07:54.993 +02:00[INF] - HTTP GET /api/Pet responded 200 in 7.5591 ms {"UserId":"1","RemoteIP":"::1","SourceContext":"Serilog.AspNetCore.RequestLoggingMiddleware","RequestId":"0HNNCRDU5KVAF:00000004","ConnectionId":"0HNNCRDU5KVAF","Application":"PetHealth.API","AppEnv":"Development"}
2026-07-28 21:07:54.994 +02:00[INF] - HTTP GET /api/Appointment responded 200 in 8.7720 ms {"UserId":"1","RemoteIP":"::1","SourceContext":"Serilog.AspNetCore.RequestLoggingMiddleware","RequestId":"0HNNCRDU5KVAE:00000004","ConnectionId":"0HNNCRDU5KVAE","Application":"PetHealth.API","AppEnv":"Development"}
2026-07-28 21:07:55.022 +02:00[INF] - HTTP GET /api/Prescription responded 200 in 36.5665 ms {"UserId":"1","RemoteIP":"::1","SourceContext":"Serilog.AspNetCore.RequestLoggingMiddleware","RequestId":"0HNNCRDU5KVAG:00000006","ConnectionId":"0HNNCRDU5KVAG","Application":"PetHealth.API","AppEnv":"Development"}
2026-07-28 21:08:01.811 +02:00[INF] - HTTP GET /api/Prescription responded 200 in 4.8120 ms {"UserId":"1","RemoteIP":"::1","SourceContext":"Serilog.AspNetCore.RequestLoggingMiddleware","RequestId":"0HNNCRDU5KVAE:00000006","ConnectionId":"0HNNCRDU5KVAE","Application":"PetHealth.API","AppEnv":"Development"}
2026-07-28 21:08:01.826 +02:00[INF] - HTTP GET /api/Medicine responded 200 in 19.1045 ms {"UserId":"1","RemoteIP":"::1","SourceContext":"Serilog.AspNetCore.RequestLoggingMiddleware","RequestId":"0HNNCRDU5KVAG:00000008","ConnectionId":"0HNNCRDU5KVAG","Application":"PetHealth.API","AppEnv":"Development"}
2026-07-28 21:22:34.787 +02:00[INF] - HTTP GET /api/Pet/my-pets responded 404 in 37.5544 ms {"UserId":"1","RemoteIP":"::1","SourceContext":"Serilog.AspNetCore.RequestLoggingMiddleware","RequestId":"0HNNCRDU5KVAH:00000002","ConnectionId":"0HNNCRDU5KVAH","Application":"PetHealth.API","AppEnv":"Development"}
2026-07-28 21:22:35.844 +02:00[INF] - HTTP GET /api/Pet responded 200 in 4.6375 ms {"UserId":"1","RemoteIP":"::1","SourceContext":"Serilog.AspNetCore.RequestLoggingMiddleware","RequestId":"0HNNCRDU5KVAH:00000005","ConnectionId":"0HNNCRDU5KVAH","Application":"PetHealth.API","AppEnv":"Development"}
2026-07-28 21:22:35.847 +02:00[INF] - HTTP GET /api/Prescription responded 200 in 7.2698 ms {"UserId":"1","RemoteIP":"::1","SourceContext":"Serilog.AspNetCore.RequestLoggingMiddleware","RequestId":"0HNNCRDU5KVAI:00000002","ConnectionId":"0HNNCRDU5KVAI","Application":"PetHealth.API","AppEnv":"Development"}
2026-07-28 21:22:35.851 +02:00[INF] - HTTP GET /api/Appointment responded 200 in 11.6648 ms {"UserId":"1","RemoteIP":"::1","SourceContext":"Serilog.AspNetCore.RequestLoggingMiddleware","RequestId":"0HNNCRDU5KVAJ:00000001","ConnectionId":"0HNNCRDU5KVAJ","Application":"PetHealth.API","AppEnv":"Development"}
2026-07-28 21:22:35.863 +02:00[INF] - HTTP GET /api/AppUser responded 200 in 22.9685 ms {"UserId":"1","RemoteIP":"::1","SourceContext":"Serilog.AspNetCore.RequestLoggingMiddleware","RequestId":"0HNNCRDU5KVAK:00000002","ConnectionId":"0HNNCRDU5KVAK","Application":"PetHealth.API","AppEnv":"Development"}
2026-07-28 21:30:02.519 +02:00[INF] - HTTP GET /api/Prescription responded 200 in 36.9268 ms {"UserId":"1","RemoteIP":"::1","SourceContext":"Serilog.AspNetCore.RequestLoggingMiddleware","RequestId":"0HNNCRDU5KVAN:00000002","ConnectionId":"0HNNCRDU5KVAN","Application":"PetHealth.API","AppEnv":"Development"}
2026-07-28 21:30:02.535 +02:00[INF] - HTTP GET /api/Medicine responded 200 in 53.1423 ms {"UserId":"1","RemoteIP":"::1","SourceContext":"Serilog.AspNetCore.RequestLoggingMiddleware","RequestId":"0HNNCRDU5KVAM:00000002","ConnectionId":"0HNNCRDU5KVAM","Application":"PetHealth.API","AppEnv":"Development"}
2026-07-28 21:30:03.225 +02:00[INF] - HTTP GET /api/Pet/my-pets responded 404 in 4.0465 ms {"UserId":"1","RemoteIP":"::1","SourceContext":"Serilog.AspNetCore.RequestLoggingMiddleware","RequestId":"0HNNCRDU5KVAM:00000004","ConnectionId":"0HNNCRDU5KVAM","Application":"PetHealth.API","AppEnv":"Development"}
2026-07-28 21:30:04.389 +02:00[INF] - HTTP GET /api/AppUser/me responded 200 in 3.9801 ms {"UserId":"1","RemoteIP":"::1","SourceContext":"Serilog.AspNetCore.RequestLoggingMiddleware","RequestId":"0HNNCRDU5KVAM:00000006","ConnectionId":"0HNNCRDU5KVAM","Application":"PetHealth.API","AppEnv":"Development"}
2026-07-28 21:31:13.896 +02:00[INF] - HTTP GET /api/Pet/my-pets responded 404 in 12.0271 ms {"UserId":"1","RemoteIP":"::1","SourceContext":"Serilog.AspNetCore.RequestLoggingMiddleware","RequestId":"0HNNCRDU5KVAM:00000008","ConnectionId":"0HNNCRDU5KVAM","Application":"PetHealth.API","AppEnv":"Development"}
2026-07-28 21:31:16.880 +02:00[INF] - HTTP GET /api/Pet responded 200 in 8.5428 ms {"UserId":"1","RemoteIP":"::1","SourceContext":"Serilog.AspNetCore.RequestLoggingMiddleware","RequestId":"0HNNCRDU5KVAN:00000004","ConnectionId":"0HNNCRDU5KVAN","Application":"PetHealth.API","AppEnv":"Development"}
2026-07-28 21:31:16.882 +02:00[INF] - HTTP GET /api/Appointment responded 200 in 11.3484 ms {"UserId":"1","RemoteIP":"::1","SourceContext":"Serilog.AspNetCore.RequestLoggingMiddleware","RequestId":"0HNNCRDU5KVAM:0000000A","ConnectionId":"0HNNCRDU5KVAM","Application":"PetHealth.API","AppEnv":"Development"}
2026-07-28 21:31:16.883 +02:00[INF] - HTTP GET /api/Prescription responded 200 in 11.4981 ms {"UserId":"1","RemoteIP":"::1","SourceContext":"Serilog.AspNetCore.RequestLoggingMiddleware","RequestId":"0HNNCRDU5KVAO:00000002","ConnectionId":"0HNNCRDU5KVAO","Application":"PetHealth.API","AppEnv":"Development"}
2026-07-28 21:31:16.905 +02:00[INF] - HTTP GET /api/AppUser responded 200 in 33.5471 ms {"UserId":"1","RemoteIP":"::1","SourceContext":"Serilog.AspNetCore.RequestLoggingMiddleware","RequestId":"0HNNCRDU5KVAP:00000002","ConnectionId":"0HNNCRDU5KVAP","Application":"PetHealth.API","AppEnv":"Development"}
2026-07-28 21:31:17.434 +02:00[INF] - HTTP GET /api/Prescription responded 200 in 4.8473 ms {"UserId":"1","RemoteIP":"::1","SourceContext":"Serilog.AspNetCore.RequestLoggingMiddleware","RequestId":"0HNNCRDU5KVAP:00000003","ConnectionId":"0HNNCRDU5KVAP","Application":"PetHealth.API","AppEnv":"Development"}
2026-07-28 21:31:17.434 +02:00[INF] - HTTP GET /api/Medicine responded 200 in 5.1587 ms {"UserId":"1","RemoteIP":"::1","SourceContext":"Serilog.AspNetCore.RequestLoggingMiddleware","RequestId":"0HNNCRDU5KVAO:00000004","ConnectionId":"0HNNCRDU5KVAO","Application":"PetHealth.API","AppEnv":"Development"}
2026-07-28 21:31:18.673 +02:00[INF] - HTTP GET /api/Pet/my-pets responded 404 in 3.9904 ms {"UserId":"1","RemoteIP":"::1","SourceContext":"Serilog.AspNetCore.RequestLoggingMiddleware","RequestId":"0HNNCRDU5KVAO:00000005","ConnectionId":"0HNNCRDU5KVAO","Application":"PetHealth.API","AppEnv":"Development"}
2026-07-28 21:31:19.321 +02:00[INF] - HTTP GET /api/Pet responded 200 in 2.4102 ms {"UserId":"1","RemoteIP":"::1","SourceContext":"Serilog.AspNetCore.RequestLoggingMiddleware","RequestId":"0HNNCRDU5KVAP:00000004","ConnectionId":"0HNNCRDU5KVAP","Application":"PetHealth.API","AppEnv":"Development"}
2026-07-28 21:31:19.321 +02:00[INF] - HTTP GET /api/AppUser responded 200 in 2.4144 ms {"UserId":"1","RemoteIP":"::1","SourceContext":"Serilog.AspNetCore.RequestLoggingMiddleware","RequestId":"0HNNCRDU5KVAM:0000000B","ConnectionId":"0HNNCRDU5KVAM","Application":"PetHealth.API","AppEnv":"Development"}
2026-07-28 21:31:19.321 +02:00[INF] - HTTP GET /api/Appointment responded 200 in 2.4355 ms {"UserId":"1","RemoteIP":"::1","SourceContext":"Serilog.AspNetCore.RequestLoggingMiddleware","RequestId":"0HNNCRDU5KVAO:00000006","ConnectionId":"0HNNCRDU5KVAO","Application":"PetHealth.API","AppEnv":"Development"}
2026-07-28 21:31:19.335 +02:00[INF] - HTTP GET /api/Prescription responded 200 in 17.1426 ms {"UserId":"1","RemoteIP":"::1","SourceContext":"Serilog.AspNetCore.RequestLoggingMiddleware","RequestId":"0HNNCRDU5KVAN:00000005","ConnectionId":"0HNNCRDU5KVAN","Application":"PetHealth.API","AppEnv":"Development"}
2026-07-28 21:31:19.912 +02:00[INF] - HTTP GET /api/Pet/my-pets responded 404 in 2.4869 ms {"UserId":"1","RemoteIP":"::1","SourceContext":"Serilog.AspNetCore.RequestLoggingMiddleware","RequestId":"0HNNCRDU5KVAN:00000007","ConnectionId":"0HNNCRDU5KVAN","Application":"PetHealth.API","AppEnv":"Development"}
2026-07-28 21:31:23.051 +02:00[INF] - HTTP GET /api/AppUser responded 200 in 4.1595 ms {"UserId":"1","RemoteIP":"::1","SourceContext":"Serilog.AspNetCore.RequestLoggingMiddleware","RequestId":"0HNNCRDU5KVAO:00000008","ConnectionId":"0HNNCRDU5KVAO","Application":"PetHealth.API","AppEnv":"Development"}
2026-07-28 21:31:23.051 +02:00[INF] - HTTP GET /api/Pet responded 200 in 4.3824 ms {"UserId":"1","RemoteIP":"::1","SourceContext":"Serilog.AspNetCore.RequestLoggingMiddleware","RequestId":"0HNNCRDU5KVAM:0000000D","ConnectionId":"0HNNCRDU5KVAM","Application":"PetHealth.API","AppEnv":"Development"}
2026-07-28 21:31:23.051 +02:00[INF] - HTTP GET /api/Prescription responded 200 in 4.3825 ms {"UserId":"1","RemoteIP":"::1","SourceContext":"Serilog.AspNetCore.RequestLoggingMiddleware","RequestId":"0HNNCRDU5KVAN:00000009","ConnectionId":"0HNNCRDU5KVAN","Application":"PetHealth.API","AppEnv":"Development"}
2026-07-28 21:31:23.052 +02:00[INF] - HTTP GET /api/Appointment responded 200 in 6.0500 ms {"UserId":"1","RemoteIP":"::1","SourceContext":"Serilog.AspNetCore.RequestLoggingMiddleware","RequestId":"0HNNCRDU5KVAP:00000006","ConnectionId":"0HNNCRDU5KVAP","Application":"PetHealth.API","AppEnv":"Development"}
2026-07-28 21:31:31.352 +02:00[INF] - HTTP GET /api/Pet responded 200 in 5.1430 ms {"UserId":"1","RemoteIP":"::1","SourceContext":"Serilog.AspNetCore.RequestLoggingMiddleware","RequestId":"0HNNCRDU5KVAN:0000000B","ConnectionId":"0HNNCRDU5KVAN","Application":"PetHealth.API","AppEnv":"Development"}
2026-07-28 21:31:31.352 +02:00[INF] - HTTP GET /api/AppUser responded 200 in 2.4153 ms {"UserId":"1","RemoteIP":"::1","SourceContext":"Serilog.AspNetCore.RequestLoggingMiddleware","RequestId":"0HNNCRDU5KVAO:0000000A","ConnectionId":"0HNNCRDU5KVAO","Application":"PetHealth.API","AppEnv":"Development"}
2026-07-28 21:31:31.352 +02:00[INF] - HTTP GET /api/Prescription responded 200 in 5.1325 ms {"UserId":"1","RemoteIP":"::1","SourceContext":"Serilog.AspNetCore.RequestLoggingMiddleware","RequestId":"0HNNCRDU5KVAP:00000008","ConnectionId":"0HNNCRDU5KVAP","Application":"PetHealth.API","AppEnv":"Development"}
2026-07-28 21:31:31.353 +02:00[INF] - HTTP GET /api/Appointment responded 200 in 6.0109 ms {"UserId":"1","RemoteIP":"::1","SourceContext":"Serilog.AspNetCore.RequestLoggingMiddleware","RequestId":"0HNNCRDU5KVAM:0000000F","ConnectionId":"0HNNCRDU5KVAM","Application":"PetHealth.API","AppEnv":"Development"}
2026-07-28 21:31:33.564 +02:00[INF] - HTTP GET /api/Pet/my-pets responded 404 in 3.9547 ms {"UserId":"1","RemoteIP":"::1","SourceContext":"Serilog.AspNetCore.RequestLoggingMiddleware","RequestId":"0HNNCRDU5KVAM:00000011","ConnectionId":"0HNNCRDU5KVAM","Application":"PetHealth.API","AppEnv":"Development"}
2026-07-28 21:31:34.715 +02:00[INF] - HTTP GET /api/Pet responded 200 in 3.6522 ms {"UserId":"1","RemoteIP":"::1","SourceContext":"Serilog.AspNetCore.RequestLoggingMiddleware","RequestId":"0HNNCRDU5KVAP:00000009","ConnectionId":"0HNNCRDU5KVAP","Application":"PetHealth.API","AppEnv":"Development"}
2026-07-28 21:31:34.715 +02:00[INF] - HTTP GET /api/AppUser responded 200 in 3.3255 ms {"UserId":"1","RemoteIP":"::1","SourceContext":"Serilog.AspNetCore.RequestLoggingMiddleware","RequestId":"0HNNCRDU5KVAO:0000000B","ConnectionId":"0HNNCRDU5KVAO","Application":"PetHealth.API","AppEnv":"Development"}
2026-07-28 21:31:34.715 +02:00[INF] - HTTP GET /api/Prescription responded 200 in 3.3269 ms {"UserId":"1","RemoteIP":"::1","SourceContext":"Serilog.AspNetCore.RequestLoggingMiddleware","RequestId":"0HNNCRDU5KVAN:0000000C","ConnectionId":"0HNNCRDU5KVAN","Application":"PetHealth.API","AppEnv":"Development"}
2026-07-28 21:31:34.716 +02:00[INF] - HTTP GET /api/Appointment responded 200 in 4.4480 ms {"UserId":"1","RemoteIP":"::1","SourceContext":"Serilog.AspNetCore.RequestLoggingMiddleware","RequestId":"0HNNCRDU5KVAM:00000012","ConnectionId":"0HNNCRDU5KVAM","Application":"PetHealth.API","AppEnv":"Development"}
2026-07-28 21:31:35.089 +02:00[INF] - HTTP GET /api/Pet/my-pets responded 404 in 3.3109 ms {"UserId":"1","RemoteIP":"::1","SourceContext":"Serilog.AspNetCore.RequestLoggingMiddleware","RequestId":"0HNNCRDU5KVAM:00000013","ConnectionId":"0HNNCRDU5KVAM","Application":"PetHealth.API","AppEnv":"Development"}
2026-07-28 21:31:35.600 +02:00[INF] - HTTP GET /api/Pet responded 200 in 3.9858 ms {"UserId":"1","RemoteIP":"::1","SourceContext":"Serilog.AspNetCore.RequestLoggingMiddleware","RequestId":"0HNNCRDU5KVAP:0000000A","ConnectionId":"0HNNCRDU5KVAP","Application":"PetHealth.API","AppEnv":"Development"}
2026-07-28 21:31:35.600 +02:00[INF] - HTTP GET /api/AppUser responded 200 in 3.9986 ms {"UserId":"1","RemoteIP":"::1","SourceContext":"Serilog.AspNetCore.RequestLoggingMiddleware","RequestId":"0HNNCRDU5KVAN:0000000D","ConnectionId":"0HNNCRDU5KVAN","Application":"PetHealth.API","AppEnv":"Development"}
2026-07-28 21:31:35.600 +02:00[INF] - HTTP GET /api/Prescription responded 200 in 3.9573 ms {"UserId":"1","RemoteIP":"::1","SourceContext":"Serilog.AspNetCore.RequestLoggingMiddleware","RequestId":"0HNNCRDU5KVAO:0000000C","ConnectionId":"0HNNCRDU5KVAO","Application":"PetHealth.API","AppEnv":"Development"}
2026-07-28 21:31:35.602 +02:00[INF] - HTTP GET /api/Appointment responded 200 in 5.9966 ms {"UserId":"1","RemoteIP":"::1","SourceContext":"Serilog.AspNetCore.RequestLoggingMiddleware","RequestId":"0HNNCRDU5KVAM:00000014","ConnectionId":"0HNNCRDU5KVAM","Application":"PetHealth.API","AppEnv":"Development"}
2026-07-28 21:31:51.460 +02:00[INF] - HTTP GET /api/Pet responded 200 in 15.3679 ms {"UserId":"1","RemoteIP":"::1","SourceContext":"Serilog.AspNetCore.RequestLoggingMiddleware","RequestId":"0HNNCRDU5KVAM:00000016","ConnectionId":"0HNNCRDU5KVAM","Application":"PetHealth.API","AppEnv":"Development"}
2026-07-28 21:31:51.460 +02:00[INF] - HTTP GET /api/AppUser responded 200 in 15.1252 ms {"UserId":"1","RemoteIP":"::1","SourceContext":"Serilog.AspNetCore.RequestLoggingMiddleware","RequestId":"0HNNCRDU5KVAP:0000000C","ConnectionId":"0HNNCRDU5KVAP","Application":"PetHealth.API","AppEnv":"Development"}
2026-07-28 21:31:51.460 +02:00[INF] - HTTP GET /api/Prescription responded 200 in 15.2842 ms {"UserId":"1","RemoteIP":"::1","SourceContext":"Serilog.AspNetCore.RequestLoggingMiddleware","RequestId":"0HNNCRDU5KVAN:0000000F","ConnectionId":"0HNNCRDU5KVAN","Application":"PetHealth.API","AppEnv":"Development"}
2026-07-28 21:31:51.463 +02:00[INF] - HTTP GET /api/Appointment responded 200 in 18.7701 ms {"UserId":"1","RemoteIP":"::1","SourceContext":"Serilog.AspNetCore.RequestLoggingMiddleware","RequestId":"0HNNCRDU5KVAO:0000000E","ConnectionId":"0HNNCRDU5KVAO","Application":"PetHealth.API","AppEnv":"Development"}
2026-07-28 21:32:05.442 +02:00[INF] - HTTP GET /api/Prescription responded 200 in 5.9427 ms {"UserId":"1","RemoteIP":"::1","SourceContext":"Serilog.AspNetCore.RequestLoggingMiddleware","RequestId":"0HNNCRDU5KVAN:00000011","ConnectionId":"0HNNCRDU5KVAN","Application":"PetHealth.API","AppEnv":"Development"}
2026-07-28 21:32:05.442 +02:00[INF] - HTTP GET /api/Medicine responded 200 in 5.9427 ms {"UserId":"1","RemoteIP":"::1","SourceContext":"Serilog.AspNetCore.RequestLoggingMiddleware","RequestId":"0HNNCRDU5KVAO:00000010","ConnectionId":"0HNNCRDU5KVAO","Application":"PetHealth.API","AppEnv":"Development"}
2026-07-28 21:32:07.697 +02:00[INF] - HTTP GET /api/AppUser responded 200 in 4.2397 ms {"UserId":"1","RemoteIP":"::1","SourceContext":"Serilog.AspNetCore.RequestLoggingMiddleware","RequestId":"0HNNCRDU5KVAN:00000013","ConnectionId":"0HNNCRDU5KVAN","Application":"PetHealth.API","AppEnv":"Development"}
2026-07-28 21:32:07.736 +02:00[INF] - HTTP GET /api/AppUserRole responded 200 in 43.7081 ms {"UserId":"1","RemoteIP":"::1","SourceContext":"Serilog.AspNetCore.RequestLoggingMiddleware","RequestId":"0HNNCRDU5KVAO:00000012","ConnectionId":"0HNNCRDU5KVAO","Application":"PetHealth.API","AppEnv":"Development"}
2026-07-28 21:32:17.025 +02:00[INF] - HTTP DELETE /api/AppUserRole responded 200 in 46.4001 ms {"UserId":"1","RemoteIP":"::1","SourceContext":"Serilog.AspNetCore.RequestLoggingMiddleware","RequestId":"0HNNCRDU5KVAO:00000014","ConnectionId":"0HNNCRDU5KVAO","Application":"PetHealth.API","AppEnv":"Development"}
2026-07-28 21:32:17.031 +02:00[INF] - HTTP GET /api/AppUser responded 200 in 2.0505 ms {"UserId":"1","RemoteIP":"::1","SourceContext":"Serilog.AspNetCore.RequestLoggingMiddleware","RequestId":"0HNNCRDU5KVAN:00000015","ConnectionId":"0HNNCRDU5KVAN","Application":"PetHealth.API","AppEnv":"Development"}
2026-07-28 21:32:17.031 +02:00[INF] - HTTP GET /api/AppUserRole responded 200 in 2.7843 ms {"UserId":"1","RemoteIP":"::1","SourceContext":"Serilog.AspNetCore.RequestLoggingMiddleware","RequestId":"0HNNCRDU5KVAO:00000015","ConnectionId":"0HNNCRDU5KVAO","Application":"PetHealth.API","AppEnv":"Development"}
2026-07-28 21:32:29.613 +02:00[INF] - HTTP POST /api/AppUserRole responded 200 in 41.4575 ms {"UserId":"1","RemoteIP":"::1","SourceContext":"Serilog.AspNetCore.RequestLoggingMiddleware","RequestId":"0HNNCRDU5KVAN:00000017","ConnectionId":"0HNNCRDU5KVAN","Application":"PetHealth.API","AppEnv":"Development"}
2026-07-28 21:32:29.617 +02:00[INF] - HTTP GET /api/AppUserRole responded 200 in 1.7156 ms {"UserId":"1","RemoteIP":"::1","SourceContext":"Serilog.AspNetCore.RequestLoggingMiddleware","RequestId":"0HNNCRDU5KVAN:00000018","ConnectionId":"0HNNCRDU5KVAN","Application":"PetHealth.API","AppEnv":"Development"}
2026-07-28 21:32:29.618 +02:00[INF] - HTTP GET /api/AppUser responded 200 in 1.5748 ms {"UserId":"1","RemoteIP":"::1","SourceContext":"Serilog.AspNetCore.RequestLoggingMiddleware","RequestId":"0HNNCRDU5KVAO:00000017","ConnectionId":"0HNNCRDU5KVAO","Application":"PetHealth.API","AppEnv":"Development"}
2026-07-28 21:34:06.939 +02:00[INF] - HTTP GET /api/AppUser responded 200 in 5.4226 ms {"UserId":"1","RemoteIP":"::1","SourceContext":"Serilog.AspNetCore.RequestLoggingMiddleware","RequestId":"0HNNCRDU5KVAO:00000019","ConnectionId":"0HNNCRDU5KVAO","Application":"PetHealth.API","AppEnv":"Development"}
2026-07-28 21:34:06.939 +02:00[INF] - HTTP GET /api/AppUserRole responded 200 in 5.4050 ms {"UserId":"1","RemoteIP":"::1","SourceContext":"Serilog.AspNetCore.RequestLoggingMiddleware","RequestId":"0HNNCRDU5KVAN:0000001A","ConnectionId":"0HNNCRDU5KVAN","Application":"PetHealth.API","AppEnv":"Development"}
2026-07-28 21:34:24.622 +02:00[INF] - HTTP GET /api/Medicine responded 200 in 5.2610 ms {"UserId":"1","RemoteIP":"::1","SourceContext":"Serilog.AspNetCore.RequestLoggingMiddleware","RequestId":"0HNNCRDU5KVAN:0000001C","ConnectionId":"0HNNCRDU5KVAN","Application":"PetHealth.API","AppEnv":"Development"}
2026-07-28 21:34:24.622 +02:00[INF] - HTTP GET /api/Prescription responded 200 in 5.3113 ms {"UserId":"1","RemoteIP":"::1","SourceContext":"Serilog.AspNetCore.RequestLoggingMiddleware","RequestId":"0HNNCRDU5KVAO:0000001B","ConnectionId":"0HNNCRDU5KVAO","Application":"PetHealth.API","AppEnv":"Development"}
2026-07-28 21:34:25.265 +02:00[INF] - HTTP GET /api/Prescription responded 200 in 3.3950 ms {"UserId":"1","RemoteIP":"::1","SourceContext":"Serilog.AspNetCore.RequestLoggingMiddleware","RequestId":"0HNNCRDU5KVAT:00000001","ConnectionId":"0HNNCRDU5KVAT","Application":"PetHealth.API","AppEnv":"Development"}
2026-07-28 21:34:25.265 +02:00[INF] - HTTP GET /api/AppUser responded 200 in 3.3545 ms {"UserId":"1","RemoteIP":"::1","SourceContext":"Serilog.AspNetCore.RequestLoggingMiddleware","RequestId":"0HNNCRDU5KVAN:0000001F","ConnectionId":"0HNNCRDU5KVAN","Application":"PetHealth.API","AppEnv":"Development"}
2026-07-28 21:34:25.265 +02:00[INF] - HTTP GET /api/Pet responded 200 in 3.5398 ms {"UserId":"1","RemoteIP":"::1","SourceContext":"Serilog.AspNetCore.RequestLoggingMiddleware","RequestId":"0HNNCRDU5KVAS:00000001","ConnectionId":"0HNNCRDU5KVAS","Application":"PetHealth.API","AppEnv":"Development"}
2026-07-28 21:34:25.268 +02:00[INF] - HTTP GET /api/Appointment responded 200 in 7.5483 ms {"UserId":"1","RemoteIP":"::1","SourceContext":"Serilog.AspNetCore.RequestLoggingMiddleware","RequestId":"0HNNCRDU5KVAO:0000001D","ConnectionId":"0HNNCRDU5KVAO","Application":"PetHealth.API","AppEnv":"Development"}
2026-07-28 21:34:26.800 +02:00[INF] - HTTP GET /api/AppUser/me responded 200 in 2.0726 ms {"UserId":"1","RemoteIP":"::1","SourceContext":"Serilog.AspNetCore.RequestLoggingMiddleware","RequestId":"0HNNCRDU5KVAO:0000001F","ConnectionId":"0HNNCRDU5KVAO","Application":"PetHealth.API","AppEnv":"Development"}
2026-07-28 21:34:27.508 +02:00[INF] - HTTP GET /api/Pet/my-pets responded 404 in 3.3868 ms {"UserId":"1","RemoteIP":"::1","SourceContext":"Serilog.AspNetCore.RequestLoggingMiddleware","RequestId":"0HNNCRDU5KVAO:00000021","ConnectionId":"0HNNCRDU5KVAO","Application":"PetHealth.API","AppEnv":"Development"}
2026-07-28 21:34:28.159 +02:00[INF] - HTTP GET /api/AppUser responded 200 in 3.1275 ms {"UserId":"1","RemoteIP":"::1","SourceContext":"Serilog.AspNetCore.RequestLoggingMiddleware","RequestId":"0HNNCRDU5KVAS:00000002","ConnectionId":"0HNNCRDU5KVAS","Application":"PetHealth.API","AppEnv":"Development"}
2026-07-28 21:34:28.159 +02:00[INF] - HTTP GET /api/Prescription responded 200 in 2.9684 ms {"UserId":"1","RemoteIP":"::1","SourceContext":"Serilog.AspNetCore.RequestLoggingMiddleware","RequestId":"0HNNCRDU5KVAT:00000002","ConnectionId":"0HNNCRDU5KVAT","Application":"PetHealth.API","AppEnv":"Development"}
2026-07-28 21:34:28.159 +02:00[INF] - HTTP GET /api/Pet responded 200 in 3.2389 ms {"UserId":"1","RemoteIP":"::1","SourceContext":"Serilog.AspNetCore.RequestLoggingMiddleware","RequestId":"0HNNCRDU5KVAN:00000020","ConnectionId":"0HNNCRDU5KVAN","Application":"PetHealth.API","AppEnv":"Development"}
2026-07-28 21:34:28.161 +02:00[INF] - HTTP GET /api/Appointment responded 200 in 4.7350 ms {"UserId":"1","RemoteIP":"::1","SourceContext":"Serilog.AspNetCore.RequestLoggingMiddleware","RequestId":"0HNNCRDU5KVAO:00000022","ConnectionId":"0HNNCRDU5KVAO","Application":"PetHealth.API","AppEnv":"Development"}
2026-07-28 21:34:28.669 +02:00[INF] - HTTP GET /api/Prescription responded 200 in 3.3953 ms {"UserId":"1","RemoteIP":"::1","SourceContext":"Serilog.AspNetCore.RequestLoggingMiddleware","RequestId":"0HNNCRDU5KVAO:00000023","ConnectionId":"0HNNCRDU5KVAO","Application":"PetHealth.API","AppEnv":"Development"}
2026-07-28 21:34:28.669 +02:00[INF] - HTTP GET /api/Medicine responded 200 in 3.3953 ms {"UserId":"1","RemoteIP":"::1","SourceContext":"Serilog.AspNetCore.RequestLoggingMiddleware","RequestId":"0HNNCRDU5KVAT:00000003","ConnectionId":"0HNNCRDU5KVAT","Application":"PetHealth.API","AppEnv":"Development"}
2026-07-28 21:34:29.117 +02:00[INF] - HTTP GET /api/AppUserRole responded 200 in 3.1068 ms {"UserId":"1","RemoteIP":"::1","SourceContext":"Serilog.AspNetCore.RequestLoggingMiddleware","RequestId":"0HNNCRDU5KVAO:00000025","ConnectionId":"0HNNCRDU5KVAO","Application":"PetHealth.API","AppEnv":"Development"}
2026-07-28 21:34:29.117 +02:00[INF] - HTTP GET /api/AppUser responded 200 in 4.3226 ms {"UserId":"1","RemoteIP":"::1","SourceContext":"Serilog.AspNetCore.RequestLoggingMiddleware","RequestId":"0HNNCRDU5KVAT:00000004","ConnectionId":"0HNNCRDU5KVAT","Application":"PetHealth.API","AppEnv":"Development"}
2026-07-28 21:34:29.834 +02:00[INF] - HTTP GET /api/Pet/my-pets responded 404 in 2.6905 ms {"UserId":"1","RemoteIP":"::1","SourceContext":"Serilog.AspNetCore.RequestLoggingMiddleware","RequestId":"0HNNCRDU5KVAT:00000005","ConnectionId":"0HNNCRDU5KVAT","Application":"PetHealth.API","AppEnv":"Development"}
2026-07-28 21:34:30.934 +02:00[INF] - HTTP GET /api/AppUser responded 200 in 2.6980 ms {"UserId":"1","RemoteIP":"::1","SourceContext":"Serilog.AspNetCore.RequestLoggingMiddleware","RequestId":"0HNNCRDU5KVAS:00000004","ConnectionId":"0HNNCRDU5KVAS","Application":"PetHealth.API","AppEnv":"Development"}
2026-07-28 21:34:30.934 +02:00[INF] - HTTP GET /api/Prescription responded 200 in 2.6448 ms {"UserId":"1","RemoteIP":"::1","SourceContext":"Serilog.AspNetCore.RequestLoggingMiddleware","RequestId":"0HNNCRDU5KVAO:00000027","ConnectionId":"0HNNCRDU5KVAO","Application":"PetHealth.API","AppEnv":"Development"}
2026-07-28 21:34:30.934 +02:00[INF] - HTTP GET /api/Pet responded 200 in 2.8458 ms {"UserId":"1","RemoteIP":"::1","SourceContext":"Serilog.AspNetCore.RequestLoggingMiddleware","RequestId":"0HNNCRDU5KVAN:00000022","ConnectionId":"0HNNCRDU5KVAN","Application":"PetHealth.API","AppEnv":"Development"}
2026-07-28 21:34:30.935 +02:00[INF] - HTTP GET /api/Appointment responded 200 in 4.5851 ms {"UserId":"1","RemoteIP":"::1","SourceContext":"Serilog.AspNetCore.RequestLoggingMiddleware","RequestId":"0HNNCRDU5KVAT:00000007","ConnectionId":"0HNNCRDU5KVAT","Application":"PetHealth.API","AppEnv":"Development"}
2026-07-28 21:34:38.587 +02:00[INF] - HTTP GET /api/Prescription responded 200 in 3.2823 ms {"UserId":"1","RemoteIP":"::1","SourceContext":"Serilog.AspNetCore.RequestLoggingMiddleware","RequestId":"0HNNCRDU5KVAS:00000006","ConnectionId":"0HNNCRDU5KVAS","Application":"PetHealth.API","AppEnv":"Development"}
2026-07-28 21:34:38.587 +02:00[INF] - HTTP GET /api/Medicine responded 200 in 3.2823 ms {"UserId":"1","RemoteIP":"::1","SourceContext":"Serilog.AspNetCore.RequestLoggingMiddleware","RequestId":"0HNNCRDU5KVAT:00000009","ConnectionId":"0HNNCRDU5KVAT","Application":"PetHealth.API","AppEnv":"Development"}
2026-07-28 21:34:42.066 +02:00[INF] - HTTP GET /api/AppUser responded 200 in 3.3919 ms {"UserId":"1","RemoteIP":"::1","SourceContext":"Serilog.AspNetCore.RequestLoggingMiddleware","RequestId":"0HNNCRDU5KVAN:00000024","ConnectionId":"0HNNCRDU5KVAN","Application":"PetHealth.API","AppEnv":"Development"}
2026-07-28 21:34:42.066 +02:00[INF] - HTTP GET /api/Prescription responded 200 in 5.1645 ms {"UserId":"1","RemoteIP":"::1","SourceContext":"Serilog.AspNetCore.RequestLoggingMiddleware","RequestId":"0HNNCRDU5KVAO:00000028","ConnectionId":"0HNNCRDU5KVAO","Application":"PetHealth.API","AppEnv":"Development"}
2026-07-28 21:34:42.066 +02:00[INF] - HTTP GET /api/Pet responded 200 in 4.2219 ms {"UserId":"1","RemoteIP":"::1","SourceContext":"Serilog.AspNetCore.RequestLoggingMiddleware","RequestId":"0HNNCRDU5KVAS:00000008","ConnectionId":"0HNNCRDU5KVAS","Application":"PetHealth.API","AppEnv":"Development"}
2026-07-28 21:34:42.067 +02:00[INF] - HTTP GET /api/Appointment responded 200 in 4.8435 ms {"UserId":"1","RemoteIP":"::1","SourceContext":"Serilog.AspNetCore.RequestLoggingMiddleware","RequestId":"0HNNCRDU5KVAT:0000000B","ConnectionId":"0HNNCRDU5KVAT","Application":"PetHealth.API","AppEnv":"Development"}
2026-07-28 21:34:43.496 +02:00[INF] - HTTP GET /api/Medicine responded 200 in 4.1876 ms {"UserId":"1","RemoteIP":"::1","SourceContext":"Serilog.AspNetCore.RequestLoggingMiddleware","RequestId":"0HNNCRDU5KVAT:0000000C","ConnectionId":"0HNNCRDU5KVAT","Application":"PetHealth.API","AppEnv":"Development"}
2026-07-28 21:34:43.496 +02:00[INF] - HTTP GET /api/Prescription responded 200 in 4.1875 ms {"UserId":"1","RemoteIP":"::1","SourceContext":"Serilog.AspNetCore.RequestLoggingMiddleware","RequestId":"0HNNCRDU5KVAN:00000025","ConnectionId":"0HNNCRDU5KVAN","Application":"PetHealth.API","AppEnv":"Development"}
2026-07-28 21:34:43.527 +02:00[INF] - HTTP GET /api/Prescription/Item/1004 responded 404 in 27.5386 ms {"UserId":"1","RemoteIP":"::1","SourceContext":"Serilog.AspNetCore.RequestLoggingMiddleware","RequestId":"0HNNCRDU5KVAN:00000027","ConnectionId":"0HNNCRDU5KVAN","Application":"PetHealth.API","AppEnv":"Development"}
2026-07-28 21:34:45.775 +02:00[INF] - HTTP GET /api/Pet responded 200 in 3.5278 ms {"UserId":"1","RemoteIP":"::1","SourceContext":"Serilog.AspNetCore.RequestLoggingMiddleware","RequestId":"0HNNCRDU5KVAT:0000000D","ConnectionId":"0HNNCRDU5KVAT","Application":"PetHealth.API","AppEnv":"Development"}
2026-07-28 21:34:45.775 +02:00[INF] - HTTP GET /api/AppUser responded 200 in 3.5108 ms {"UserId":"1","RemoteIP":"::1","SourceContext":"Serilog.AspNetCore.RequestLoggingMiddleware","RequestId":"0HNNCRDU5KVAS:00000009","ConnectionId":"0HNNCRDU5KVAS","Application":"PetHealth.API","AppEnv":"Development"}
2026-07-28 21:34:45.776 +02:00[INF] - HTTP GET /api/Prescription responded 200 in 2.9480 ms {"UserId":"1","RemoteIP":"::1","SourceContext":"Serilog.AspNetCore.RequestLoggingMiddleware","RequestId":"0HNNCRDU5KVAO:0000002A","ConnectionId":"0HNNCRDU5KVAO","Application":"PetHealth.API","AppEnv":"Development"}
2026-07-28 21:34:45.777 +02:00[INF] - HTTP GET /api/Appointment responded 200 in 4.9910 ms {"UserId":"1","RemoteIP":"::1","SourceContext":"Serilog.AspNetCore.RequestLoggingMiddleware","RequestId":"0HNNCRDU5KVAN:00000028","ConnectionId":"0HNNCRDU5KVAN","Application":"PetHealth.API","AppEnv":"Development"}
2026-07-28 21:34:50.152 +02:00[INF] - HTTP GET /api/AppUser/me responded 200 in 2.3335 ms {"UserId":"1","RemoteIP":"::1","SourceContext":"Serilog.AspNetCore.RequestLoggingMiddleware","RequestId":"0HNNCRDU5KVAN:0000002A","ConnectionId":"0HNNCRDU5KVAN","Application":"PetHealth.API","AppEnv":"Development"}
2026-07-28 21:34:51.677 +02:00[INF] - HTTP GET /api/Pet/my-pets responded 404 in 2.3490 ms {"UserId":"1","RemoteIP":"::1","SourceContext":"Serilog.AspNetCore.RequestLoggingMiddleware","RequestId":"0HNNCRDU5KVAN:0000002C","ConnectionId":"0HNNCRDU5KVAN","Application":"PetHealth.API","AppEnv":"Development"}
2026-07-28 21:36:47.415 +02:00[INF] - HTTP GET /api/AppUserRole responded 200 in 5.5685 ms {"UserId":"1","RemoteIP":"::1","SourceContext":"Serilog.AspNetCore.RequestLoggingMiddleware","RequestId":"0HNNCRDU5KVAO:0000002C","ConnectionId":"0HNNCRDU5KVAO","Application":"PetHealth.API","AppEnv":"Development"}
2026-07-28 21:36:47.415 +02:00[INF] - HTTP GET /api/AppUser responded 200 in 5.5693 ms {"UserId":"1","RemoteIP":"::1","SourceContext":"Serilog.AspNetCore.RequestLoggingMiddleware","RequestId":"0HNNCRDU5KVAN:0000002E","ConnectionId":"0HNNCRDU5KVAN","Application":"PetHealth.API","AppEnv":"Development"}
2026-07-28 21:36:48.152 +02:00[INF] - HTTP GET /api/Medicine responded 200 in 3.3920 ms {"UserId":"1","RemoteIP":"::1","SourceContext":"Serilog.AspNetCore.RequestLoggingMiddleware","RequestId":"0HNNCRDU5KVAN:00000030","ConnectionId":"0HNNCRDU5KVAN","Application":"PetHealth.API","AppEnv":"Development"}
2026-07-28 21:36:48.152 +02:00[INF] - HTTP GET /api/Prescription responded 200 in 3.4068 ms {"UserId":"1","RemoteIP":"::1","SourceContext":"Serilog.AspNetCore.RequestLoggingMiddleware","RequestId":"0HNNCRDU5KVAO:0000002E","ConnectionId":"0HNNCRDU5KVAO","Application":"PetHealth.API","AppEnv":"Development"}
2026-07-28 21:36:49.195 +02:00[INF] - HTTP GET /api/AppUser responded 200 in 4.1116 ms {"UserId":"1","RemoteIP":"::1","SourceContext":"Serilog.AspNetCore.RequestLoggingMiddleware","RequestId":"0HNNCRDU5KVAT:0000000E","ConnectionId":"0HNNCRDU5KVAT","Application":"PetHealth.API","AppEnv":"Development"}
2026-07-28 21:36:49.195 +02:00[INF] - HTTP GET /api/Prescription responded 200 in 3.5645 ms {"UserId":"1","RemoteIP":"::1","SourceContext":"Serilog.AspNetCore.RequestLoggingMiddleware","RequestId":"0HNNCRDU5KVAS:0000000A","ConnectionId":"0HNNCRDU5KVAS","Application":"PetHealth.API","AppEnv":"Development"}
2026-07-28 21:36:49.195 +02:00[INF] - HTTP GET /api/Pet responded 200 in 3.1229 ms {"UserId":"1","RemoteIP":"::1","SourceContext":"Serilog.AspNetCore.RequestLoggingMiddleware","RequestId":"0HNNCRDU5KVAN:00000032","ConnectionId":"0HNNCRDU5KVAN","Application":"PetHealth.API","AppEnv":"Development"}
2026-07-28 21:36:49.198 +02:00[INF] - HTTP GET /api/Appointment responded 200 in 5.9258 ms {"UserId":"1","RemoteIP":"::1","SourceContext":"Serilog.AspNetCore.RequestLoggingMiddleware","RequestId":"0HNNCRDU5KVAO:00000030","ConnectionId":"0HNNCRDU5KVAO","Application":"PetHealth.API","AppEnv":"Development"}
2026-07-28 21:36:50.101 +02:00[INF] - HTTP GET /api/AppUser/me responded 200 in 2.9158 ms {"UserId":"1","RemoteIP":"::1","SourceContext":"Serilog.AspNetCore.RequestLoggingMiddleware","RequestId":"0HNNCRDU5KVAO:00000032","ConnectionId":"0HNNCRDU5KVAO","Application":"PetHealth.API","AppEnv":"Development"}
2026-07-28 21:36:51.585 +02:00[INF] - HTTP GET /api/Pet/my-pets responded 404 in 2.5899 ms {"UserId":"1","RemoteIP":"::1","SourceContext":"Serilog.AspNetCore.RequestLoggingMiddleware","RequestId":"0HNNCRDU5KVAO:00000034","ConnectionId":"0HNNCRDU5KVAO","Application":"PetHealth.API","AppEnv":"Development"}
2026-07-28 21:36:52.230 +02:00[INF] - HTTP GET /api/Pet responded 200 in 3.7106 ms {"UserId":"1","RemoteIP":"::1","SourceContext":"Serilog.AspNetCore.RequestLoggingMiddleware","RequestId":"0HNNCRDU5KVAN:00000033","ConnectionId":"0HNNCRDU5KVAN","Application":"PetHealth.API","AppEnv":"Development"}
2026-07-28 21:36:52.230 +02:00[INF] - HTTP GET /api/AppUser responded 200 in 3.6484 ms {"UserId":"1","RemoteIP":"::1","SourceContext":"Serilog.AspNetCore.RequestLoggingMiddleware","RequestId":"0HNNCRDU5KVAS:0000000B","ConnectionId":"0HNNCRDU5KVAS","Application":"PetHealth.API","AppEnv":"Development"}
2026-07-28 21:36:52.231 +02:00[INF] - HTTP GET /api/Prescription responded 200 in 4.5311 ms {"UserId":"1","RemoteIP":"::1","SourceContext":"Serilog.AspNetCore.RequestLoggingMiddleware","RequestId":"0HNNCRDU5KVAT:0000000F","ConnectionId":"0HNNCRDU5KVAT","Application":"PetHealth.API","AppEnv":"Development"}
2026-07-28 21:36:52.231 +02:00[INF] - HTTP GET /api/Appointment responded 200 in 4.8799 ms {"UserId":"1","RemoteIP":"::1","SourceContext":"Serilog.AspNetCore.RequestLoggingMiddleware","RequestId":"0HNNCRDU5KVAO:00000035","ConnectionId":"0HNNCRDU5KVAO","Application":"PetHealth.API","AppEnv":"Development"}
2026-07-28 21:36:52.825 +02:00[INF] - HTTP GET /api/Prescription responded 200 in 2.9600 ms {"UserId":"1","RemoteIP":"::1","SourceContext":"Serilog.AspNetCore.RequestLoggingMiddleware","RequestId":"0HNNCRDU5KVAT:00000010","ConnectionId":"0HNNCRDU5KVAT","Application":"PetHealth.API","AppEnv":"Development"}
2026-07-28 21:36:52.825 +02:00[INF] - HTTP GET /api/Medicine responded 200 in 3.0277 ms {"UserId":"1","RemoteIP":"::1","SourceContext":"Serilog.AspNetCore.RequestLoggingMiddleware","RequestId":"0HNNCRDU5KVAO:00000036","ConnectionId":"0HNNCRDU5KVAO","Application":"PetHealth.API","AppEnv":"Development"}
2026-07-28 21:36:53.645 +02:00[INF] - HTTP GET /api/AppUserRole responded 200 in 3.1625 ms {"UserId":"1","RemoteIP":"::1","SourceContext":"Serilog.AspNetCore.RequestLoggingMiddleware","RequestId":"0HNNCRDU5KVAO:00000038","ConnectionId":"0HNNCRDU5KVAO","Application":"PetHealth.API","AppEnv":"Development"}
2026-07-28 21:36:53.645 +02:00[INF] - HTTP GET /api/AppUser responded 200 in 3.2236 ms {"UserId":"1","RemoteIP":"::1","SourceContext":"Serilog.AspNetCore.RequestLoggingMiddleware","RequestId":"0HNNCRDU5KVAT:00000012","ConnectionId":"0HNNCRDU5KVAT","Application":"PetHealth.API","AppEnv":"Development"}
2026-07-28 21:37:05.588 +02:00[INF] - HTTP GET /api/Prescription responded 200 in 3.9897 ms {"UserId":"1","RemoteIP":"::1","SourceContext":"Serilog.AspNetCore.RequestLoggingMiddleware","RequestId":"0HNNCRDU5KVAO:0000003A","ConnectionId":"0HNNCRDU5KVAO","Application":"PetHealth.API","AppEnv":"Development"}
2026-07-28 21:37:05.588 +02:00[INF] - HTTP GET /api/Medicine responded 200 in 3.9097 ms {"UserId":"1","RemoteIP":"::1","SourceContext":"Serilog.AspNetCore.RequestLoggingMiddleware","RequestId":"0HNNCRDU5KVAT:00000014","ConnectionId":"0HNNCRDU5KVAT","Application":"PetHealth.API","AppEnv":"Development"}
2026-07-28 21:37:06.439 +02:00[INF] - HTTP GET /api/Prescription responded 200 in 4.0893 ms {"UserId":"1","RemoteIP":"::1","SourceContext":"Serilog.AspNetCore.RequestLoggingMiddleware","RequestId":"0HNNCRDU5KVAS:0000000C","ConnectionId":"0HNNCRDU5KVAS","Application":"PetHealth.API","AppEnv":"Development"}
2026-07-28 21:37:06.439 +02:00[INF] - HTTP GET /api/Pet responded 200 in 3.2102 ms {"UserId":"1","RemoteIP":"::1","SourceContext":"Serilog.AspNetCore.RequestLoggingMiddleware","RequestId":"0HNNCRDU5KVAT:00000016","ConnectionId":"0HNNCRDU5KVAT","Application":"PetHealth.API","AppEnv":"Development"}
2026-07-28 21:37:06.439 +02:00[INF] - HTTP GET /api/AppUser responded 200 in 3.2101 ms {"UserId":"1","RemoteIP":"::1","SourceContext":"Serilog.AspNetCore.RequestLoggingMiddleware","RequestId":"0HNNCRDU5KVAN:00000035","ConnectionId":"0HNNCRDU5KVAN","Application":"PetHealth.API","AppEnv":"Development"}
2026-07-28 21:37:06.441 +02:00[INF] - HTTP GET /api/Appointment responded 200 in 4.3643 ms {"UserId":"1","RemoteIP":"::1","SourceContext":"Serilog.AspNetCore.RequestLoggingMiddleware","RequestId":"0HNNCRDU5KVAO:0000003C","ConnectionId":"0HNNCRDU5KVAO","Application":"PetHealth.API","AppEnv":"Development"}
2026-07-28 21:37:15.335 +02:00[INF] - HTTP GET /api/Pet/my-pets responded 404 in 4.9928 ms {"UserId":"1","RemoteIP":"::1","SourceContext":"Serilog.AspNetCore.RequestLoggingMiddleware","RequestId":"0HNNCRDU5KVAO:0000003E","ConnectionId":"0HNNCRDU5KVAO","Application":"PetHealth.API","AppEnv":"Development"}
2026-07-28 21:37:16.248 +02:00[INF] - HTTP GET /api/AppUser/me responded 200 in 3.0324 ms {"UserId":"1","RemoteIP":"::1","SourceContext":"Serilog.AspNetCore.RequestLoggingMiddleware","RequestId":"0HNNCRDU5KVAO:00000040","ConnectionId":"0HNNCRDU5KVAO","Application":"PetHealth.API","AppEnv":"Development"}
2026-07-28 21:37:17.824 +02:00[INF] - HTTP GET /api/Pet/my-pets responded 404 in 2.9571 ms {"UserId":"1","RemoteIP":"::1","SourceContext":"Serilog.AspNetCore.RequestLoggingMiddleware","RequestId":"0HNNCRDU5KVAO:00000041","ConnectionId":"0HNNCRDU5KVAO","Application":"PetHealth.API","AppEnv":"Development"}
2026-07-28 21:37:18.758 +02:00[INF] - HTTP GET /api/Pet responded 200 in 3.6857 ms {"UserId":"1","RemoteIP":"::1","SourceContext":"Serilog.AspNetCore.RequestLoggingMiddleware","RequestId":"0HNNCRDU5KVAS:0000000E","ConnectionId":"0HNNCRDU5KVAS","Application":"PetHealth.API","AppEnv":"Development"}
2026-07-28 21:37:18.758 +02:00[INF] - HTTP GET /api/AppUser responded 200 in 3.6965 ms {"UserId":"1","RemoteIP":"::1","SourceContext":"Serilog.AspNetCore.RequestLoggingMiddleware","RequestId":"0HNNCRDU5KVAT:00000018","ConnectionId":"0HNNCRDU5KVAT","Application":"PetHealth.API","AppEnv":"Development"}
2026-07-28 21:37:18.758 +02:00[INF] - HTTP GET /api/Prescription responded 200 in 3.8951 ms {"UserId":"1","RemoteIP":"::1","SourceContext":"Serilog.AspNetCore.RequestLoggingMiddleware","RequestId":"0HNNCRDU5KVAN:00000037","ConnectionId":"0HNNCRDU5KVAN","Application":"PetHealth.API","AppEnv":"Development"}
2026-07-28 21:37:18.759 +02:00[INF] - HTTP GET /api/Appointment responded 200 in 6.2450 ms {"UserId":"1","RemoteIP":"::1","SourceContext":"Serilog.AspNetCore.RequestLoggingMiddleware","RequestId":"0HNNCRDU5KVAO:00000043","ConnectionId":"0HNNCRDU5KVAO","Application":"PetHealth.API","AppEnv":"Development"}
2026-07-28 21:37:19.339 +02:00[INF] - HTTP GET /api/Medicine responded 200 in 2.3946 ms {"UserId":"1","RemoteIP":"::1","SourceContext":"Serilog.AspNetCore.RequestLoggingMiddleware","RequestId":"0HNNCRDU5KVAN:00000039","ConnectionId":"0HNNCRDU5KVAN","Application":"PetHealth.API","AppEnv":"Development"}
2026-07-28 21:37:19.339 +02:00[INF] - HTTP GET /api/Prescription responded 200 in 3.2112 ms {"UserId":"1","RemoteIP":"::1","SourceContext":"Serilog.AspNetCore.RequestLoggingMiddleware","RequestId":"0HNNCRDU5KVAO:00000044","ConnectionId":"0HNNCRDU5KVAO","Application":"PetHealth.API","AppEnv":"Development"}
2026-07-28 21:37:20.038 +02:00[INF] - HTTP GET /api/AppUser responded 200 in 2.8356 ms {"UserId":"1","RemoteIP":"::1","SourceContext":"Serilog.AspNetCore.RequestLoggingMiddleware","RequestId":"0HNNCRDU5KVAT:00000019","ConnectionId":"0HNNCRDU5KVAT","Application":"PetHealth.API","AppEnv":"Development"}
2026-07-28 21:37:20.038 +02:00[INF] - HTTP GET /api/Pet responded 200 in 2.8295 ms {"UserId":"1","RemoteIP":"::1","SourceContext":"Serilog.AspNetCore.RequestLoggingMiddleware","RequestId":"0HNNCRDU5KVAN:0000003A","ConnectionId":"0HNNCRDU5KVAN","Application":"PetHealth.API","AppEnv":"Development"}
2026-07-28 21:37:20.038 +02:00[INF] - HTTP GET /api/Prescription responded 200 in 2.9125 ms {"UserId":"1","RemoteIP":"::1","SourceContext":"Serilog.AspNetCore.RequestLoggingMiddleware","RequestId":"0HNNCRDU5KVAS:0000000F","ConnectionId":"0HNNCRDU5KVAS","Application":"PetHealth.API","AppEnv":"Development"}
2026-07-28 21:37:20.039 +02:00[INF] - HTTP GET /api/Appointment responded 200 in 4.2207 ms {"UserId":"1","RemoteIP":"::1","SourceContext":"Serilog.AspNetCore.RequestLoggingMiddleware","RequestId":"0HNNCRDU5KVAO:00000045","ConnectionId":"0HNNCRDU5KVAO","Application":"PetHealth.API","AppEnv":"Development"}
2026-07-28 21:37:20.498 +02:00[INF] - HTTP GET /api/Pet/my-pets responded 404 in 2.7014 ms {"UserId":"1","RemoteIP":"::1","SourceContext":"Serilog.AspNetCore.RequestLoggingMiddleware","RequestId":"0HNNCRDU5KVAO:00000047","ConnectionId":"0HNNCRDU5KVAO","Application":"PetHealth.API","AppEnv":"Development"}
2026-07-28 21:40:09.030 +02:00[INF] - HTTP GET /api/AppUser responded 200 in 7.0317 ms {"UserId":"1","RemoteIP":"::1","SourceContext":"Serilog.AspNetCore.RequestLoggingMiddleware","RequestId":"0HNNCRDU5KVAV:00000002","ConnectionId":"0HNNCRDU5KVAV","Application":"PetHealth.API","AppEnv":"Development"}
2026-07-28 21:40:09.030 +02:00[INF] - HTTP GET /api/AppUserRole responded 200 in 7.0484 ms {"UserId":"1","RemoteIP":"::1","SourceContext":"Serilog.AspNetCore.RequestLoggingMiddleware","RequestId":"0HNNCRDU5KVB0:00000002","ConnectionId":"0HNNCRDU5KVB0","Application":"PetHealth.API","AppEnv":"Development"}
2026-07-28 21:40:11.445 +02:00[INF] - HTTP GET /api/AppUser/me responded 200 in 3.2222 ms {"UserId":"1","RemoteIP":"::1","SourceContext":"Serilog.AspNetCore.RequestLoggingMiddleware","RequestId":"0HNNCRDU5KVAV:00000004","ConnectionId":"0HNNCRDU5KVAV","Application":"PetHealth.API","AppEnv":"Development"}
2026-07-28 21:40:12.411 +02:00[INF] - HTTP GET /api/Pet/my-pets responded 404 in 3.3198 ms {"UserId":"1","RemoteIP":"::1","SourceContext":"Serilog.AspNetCore.RequestLoggingMiddleware","RequestId":"0HNNCRDU5KVAV:00000006","ConnectionId":"0HNNCRDU5KVAV","Application":"PetHealth.API","AppEnv":"Development"}
2026-07-28 21:40:13.908 +02:00[INF] - HTTP GET /api/Medicine responded 200 in 3.9192 ms {"UserId":"1","RemoteIP":"::1","SourceContext":"Serilog.AspNetCore.RequestLoggingMiddleware","RequestId":"0HNNCRDU5KVAV:00000008","ConnectionId":"0HNNCRDU5KVAV","Application":"PetHealth.API","AppEnv":"Development"}
2026-07-28 21:40:13.908 +02:00[INF] - HTTP GET /api/Prescription responded 200 in 3.9381 ms {"UserId":"1","RemoteIP":"::1","SourceContext":"Serilog.AspNetCore.RequestLoggingMiddleware","RequestId":"0HNNCRDU5KVB0:00000004","ConnectionId":"0HNNCRDU5KVB0","Application":"PetHealth.API","AppEnv":"Development"}
2026-07-28 21:40:14.949 +02:00[INF] - HTTP GET /api/AppUserRole responded 200 in 2.6430 ms {"UserId":"1","RemoteIP":"::1","SourceContext":"Serilog.AspNetCore.RequestLoggingMiddleware","RequestId":"0HNNCRDU5KVAV:0000000A","ConnectionId":"0HNNCRDU5KVAV","Application":"PetHealth.API","AppEnv":"Development"}
2026-07-28 21:40:14.949 +02:00[INF] - HTTP GET /api/AppUser responded 200 in 2.7001 ms {"UserId":"1","RemoteIP":"::1","SourceContext":"Serilog.AspNetCore.RequestLoggingMiddleware","RequestId":"0HNNCRDU5KVB0:00000006","ConnectionId":"0HNNCRDU5KVB0","Application":"PetHealth.API","AppEnv":"Development"}
2026-07-28 21:41:17.798 +02:00[INF] - Application started {"Application":"PetHealth.API","AppEnv":"Development"}
2026-07-28 21:41:20.077 +02:00[INF] - HTTP GET /api/AppUser responded 200 in 184.6453 ms {"UserId":"1","RemoteIP":"::1","SourceContext":"Serilog.AspNetCore.RequestLoggingMiddleware","RequestId":"0HNNCS0P8TLK7:00000002","ConnectionId":"0HNNCS0P8TLK7","Application":"PetHealth.API","AppEnv":"Development"}
2026-07-28 21:41:20.077 +02:00[INF] - HTTP GET /api/AppUserRole responded 200 in 183.4369 ms {"UserId":"1","RemoteIP":"::1","SourceContext":"Serilog.AspNetCore.RequestLoggingMiddleware","RequestId":"0HNNCS0P8TLK8:00000002","ConnectionId":"0HNNCS0P8TLK8","Application":"PetHealth.API","AppEnv":"Development"}
2026-07-28 21:42:21.174 +02:00[INF] - HTTP GET /api/Medicine responded 200 in 35.1230 ms {"UserId":"1","RemoteIP":"::1","SourceContext":"Serilog.AspNetCore.RequestLoggingMiddleware","RequestId":"0HNNCS0P8TLK7:00000004","ConnectionId":"0HNNCS0P8TLK7","Application":"PetHealth.API","AppEnv":"Development"}
2026-07-28 21:42:21.174 +02:00[INF] - HTTP GET /api/Prescription responded 200 in 35.3722 ms {"UserId":"1","RemoteIP":"::1","SourceContext":"Serilog.AspNetCore.RequestLoggingMiddleware","RequestId":"0HNNCS0P8TLK8:00000004","ConnectionId":"0HNNCS0P8TLK8","Application":"PetHealth.API","AppEnv":"Development"}
2026-07-28 21:42:26.405 +02:00[INF] - HTTP GET /api/Pet/my-pets responded 404 in 18.7780 ms {"UserId":"1","RemoteIP":"::1","SourceContext":"Serilog.AspNetCore.RequestLoggingMiddleware","RequestId":"0HNNCS0P8TLK8:00000006","ConnectionId":"0HNNCS0P8TLK8","Application":"PetHealth.API","AppEnv":"Development"}
2026-07-28 21:43:28.965 +02:00[INF] - HTTP POST /Login responded 200 in 81.2437 ms {"UserId":"Anonymous","RemoteIP":"::1","SourceContext":"Serilog.AspNetCore.RequestLoggingMiddleware","RequestId":"0HNNCS0P8TLK8:00000008","ConnectionId":"0HNNCS0P8TLK8","Application":"PetHealth.API","AppEnv":"Development"}
2026-07-28 21:43:33.842 +02:00[INF] - HTTP GET /api/Pet/my-pets responded 200 in 16.4862 ms {"UserId":"7","RemoteIP":"::1","SourceContext":"Serilog.AspNetCore.RequestLoggingMiddleware","RequestId":"0HNNCS0P8TLK8:0000000A","ConnectionId":"0HNNCS0P8TLK8","Application":"PetHealth.API","AppEnv":"Development"}
2026-07-28 21:43:34.778 +02:00[INF] - HTTP GET /api/Pet/1 responded 200 in 30.8562 ms {"UserId":"7","RemoteIP":"::1","SourceContext":"Serilog.AspNetCore.RequestLoggingMiddleware","RequestId":"0HNNCS0P8TLK8:0000000C","ConnectionId":"0HNNCS0P8TLK8","Application":"PetHealth.API","AppEnv":"Development"}
2026-07-28 21:44:11.548 +02:00[INF] - HTTP GET /api/Pet/my-pets responded 200 in 4.0991 ms {"UserId":"7","RemoteIP":"::1","SourceContext":"Serilog.AspNetCore.RequestLoggingMiddleware","RequestId":"0HNNCS0P8TLK8:0000000E","ConnectionId":"0HNNCS0P8TLK8","Application":"PetHealth.API","AppEnv":"Development"}
2026-07-28 21:44:11.612 +02:00[INF] - HTTP GET /api/Appointment/1 responded 200 in 61.2795 ms {"UserId":"7","RemoteIP":"::1","SourceContext":"Serilog.AspNetCore.RequestLoggingMiddleware","RequestId":"0HNNCS0P8TLK7:00000006","ConnectionId":"0HNNCS0P8TLK7","Application":"PetHealth.API","AppEnv":"Development"}
2026-07-28 21:44:11.612 +02:00[INF] - HTTP GET /api/Appointment/2 responded 200 in 61.2795 ms {"UserId":"7","RemoteIP":"::1","SourceContext":"Serilog.AspNetCore.RequestLoggingMiddleware","RequestId":"0HNNCS0P8TLK8:00000010","ConnectionId":"0HNNCS0P8TLK8","Application":"PetHealth.API","AppEnv":"Development"}
2026-07-28 21:44:19.573 +02:00[INF] - HTTP GET /api/Pet/my-pets responded 200 in 5.1763 ms {"UserId":"7","RemoteIP":"::1","SourceContext":"Serilog.AspNetCore.RequestLoggingMiddleware","RequestId":"0HNNCS0P8TLK7:00000008","ConnectionId":"0HNNCS0P8TLK7","Application":"PetHealth.API","AppEnv":"Development"}
2026-07-28 21:49:02.967 +02:00[INF] - HTTP GET /api/Pet/1 responded 200 in 61.5388 ms {"UserId":"7","RemoteIP":"::1","SourceContext":"Serilog.AspNetCore.RequestLoggingMiddleware","RequestId":"0HNNCS0P8TLK9:00000002","ConnectionId":"0HNNCS0P8TLK9","Application":"PetHealth.API","AppEnv":"Development"}
2026-07-28 21:51:36.719 +02:00[INF] - HTTP GET /api/Pet/1 responded 200 in 13.6205 ms {"UserId":"7","RemoteIP":"::1","SourceContext":"Serilog.AspNetCore.RequestLoggingMiddleware","RequestId":"0HNNCS0P8TLKA:00000002","ConnectionId":"0HNNCS0P8TLKA","Application":"PetHealth.API","AppEnv":"Development"}
2026-07-28 21:51:59.758 +02:00[INF] - HTTP GET /api/Pet/1 responded 200 in 4.6612 ms {"UserId":"7","RemoteIP":"::1","SourceContext":"Serilog.AspNetCore.RequestLoggingMiddleware","RequestId":"0HNNCS0P8TLKB:00000002","ConnectionId":"0HNNCS0P8TLKB","Application":"PetHealth.API","AppEnv":"Development"}
2026-07-28 21:51:59.848 +02:00[INF] - HTTP GET /api/Treatment/Pet/1 responded 200 in 93.5926 ms {"UserId":"7","RemoteIP":"::1","SourceContext":"Serilog.AspNetCore.RequestLoggingMiddleware","RequestId":"0HNNCS0P8TLKA:00000004","ConnectionId":"0HNNCS0P8TLKA","Application":"PetHealth.API","AppEnv":"Development"}
2026-07-28 21:52:38.420 +02:00[INF] - Application started {"Application":"PetHealth.API","AppEnv":"Development"}
2026-07-28 21:53:14.045 +02:00[INF] - Application started {"Application":"PetHealth.API","AppEnv":"Development"}
2026-07-28 21:53:23.017 +02:00[INF] - HTTP GET /api/Treatment/Pet/1 responded 200 in 202.2125 ms {"UserId":"7","RemoteIP":"::1","SourceContext":"Serilog.AspNetCore.RequestLoggingMiddleware","RequestId":"0HNNCS7GN6BK1:00000002","ConnectionId":"0HNNCS7GN6BK1","Application":"PetHealth.API","AppEnv":"Development"}
2026-07-28 21:53:23.017 +02:00[INF] - HTTP GET /api/Pet/1 responded 200 in 202.2210 ms {"UserId":"7","RemoteIP":"::1","SourceContext":"Serilog.AspNetCore.RequestLoggingMiddleware","RequestId":"0HNNCS7GN6BK2:00000002","ConnectionId":"0HNNCS7GN6BK2","Application":"PetHealth.API","AppEnv":"Development"}
2026-07-28 21:53:57.008 +02:00[INF] - HTTP GET /api/Treatment/Pet/1 responded 200 in 6.6561 ms {"UserId":"7","RemoteIP":"::1","SourceContext":"Serilog.AspNetCore.RequestLoggingMiddleware","RequestId":"0HNNCS7GN6BK1:00000004","ConnectionId":"0HNNCS7GN6BK1","Application":"PetHealth.API","AppEnv":"Development"}
2026-07-28 21:53:57.008 +02:00[INF] - HTTP GET /api/Pet/1 responded 200 in 6.6547 ms {"UserId":"7","RemoteIP":"::1","SourceContext":"Serilog.AspNetCore.RequestLoggingMiddleware","RequestId":"0HNNCS7GN6BK2:00000004","ConnectionId":"0HNNCS7GN6BK2","Application":"PetHealth.API","AppEnv":"Development"}
2026-07-28 21:54:35.339 +02:00[INF] - HTTP GET /api/Treatment/Pet/1 responded 200 in 5.7490 ms {"UserId":"7","RemoteIP":"::1","SourceContext":"Serilog.AspNetCore.RequestLoggingMiddleware","RequestId":"0HNNCS7GN6BK2:00000006","ConnectionId":"0HNNCS7GN6BK2","Application":"PetHealth.API","AppEnv":"Development"}
2026-07-28 21:54:35.339 +02:00[INF] - HTTP GET /api/Pet/1 responded 200 in 5.7313 ms {"UserId":"7","RemoteIP":"::1","SourceContext":"Serilog.AspNetCore.RequestLoggingMiddleware","RequestId":"0HNNCS7GN6BK1:00000006","ConnectionId":"0HNNCS7GN6BK1","Application":"PetHealth.API","AppEnv":"Development"}
2026-07-28 21:54:53.278 +02:00[INF] - HTTP GET /api/AppUser/me responded 200 in 19.7041 ms {"UserId":"7","RemoteIP":"::1","SourceContext":"Serilog.AspNetCore.RequestLoggingMiddleware","RequestId":"0HNNCS7GN6BK1:00000008","ConnectionId":"0HNNCS7GN6BK1","Application":"PetHealth.API","AppEnv":"Development"}
2026-07-28 21:54:54.959 +02:00[INF] - HTTP GET /api/Pet/my-pets responded 200 in 19.0221 ms {"UserId":"7","RemoteIP":"::1","SourceContext":"Serilog.AspNetCore.RequestLoggingMiddleware","RequestId":"0HNNCS7GN6BK1:0000000A","ConnectionId":"0HNNCS7GN6BK1","Application":"PetHealth.API","AppEnv":"Development"}
2026-07-28 21:54:56.150 +02:00[INF] - HTTP GET /api/Pet/2 responded 200 in 3.0313 ms {"UserId":"7","RemoteIP":"::1","SourceContext":"Serilog.AspNetCore.RequestLoggingMiddleware","RequestId":"0HNNCS7GN6BK1:0000000C","ConnectionId":"0HNNCS7GN6BK1","Application":"PetHealth.API","AppEnv":"Development"}
2026-07-28 21:54:57.140 +02:00[INF] - HTTP GET /api/Pet/2 responded 200 in 3.2689 ms {"UserId":"7","RemoteIP":"::1","SourceContext":"Serilog.AspNetCore.RequestLoggingMiddleware","RequestId":"0HNNCS7GN6BK1:0000000D","ConnectionId":"0HNNCS7GN6BK1","Application":"PetHealth.API","AppEnv":"Development"}
2026-07-28 21:54:57.140 +02:00[INF] - HTTP GET /api/Treatment/Pet/2 responded 200 in 2.8475 ms {"UserId":"7","RemoteIP":"::1","SourceContext":"Serilog.AspNetCore.RequestLoggingMiddleware","RequestId":"0HNNCS7GN6BK2:00000008","ConnectionId":"0HNNCS7GN6BK2","Application":"PetHealth.API","AppEnv":"Development"}
2026-07-28 21:56:12.494 +02:00[INF] - HTTP GET /api/AppUser/me responded 200 in 8.1413 ms {"UserId":"7","RemoteIP":"::1","SourceContext":"Serilog.AspNetCore.RequestLoggingMiddleware","RequestId":"0HNNCS7GN6BK2:0000000A","ConnectionId":"0HNNCS7GN6BK2","Application":"PetHealth.API","AppEnv":"Development"}
2026-07-28 21:56:13.239 +02:00[INF] - HTTP GET /api/Pet/my-pets responded 200 in 4.3667 ms {"UserId":"7","RemoteIP":"::1","SourceContext":"Serilog.AspNetCore.RequestLoggingMiddleware","RequestId":"0HNNCS7GN6BK2:0000000C","ConnectionId":"0HNNCS7GN6BK2","Application":"PetHealth.API","AppEnv":"Development"}
2026-07-28 21:56:20.755 +02:00[INF] - HTTP GET /api/Pet/1 responded 200 in 4.1206 ms {"UserId":"7","RemoteIP":"::1","SourceContext":"Serilog.AspNetCore.RequestLoggingMiddleware","RequestId":"0HNNCS7GN6BK2:0000000E","ConnectionId":"0HNNCS7GN6BK2","Application":"PetHealth.API","AppEnv":"Development"}
2026-07-28 21:56:23.300 +02:00[INF] - HTTP GET /api/Pet/1 responded 200 in 4.0492 ms {"UserId":"7","RemoteIP":"::1","SourceContext":"Serilog.AspNetCore.RequestLoggingMiddleware","RequestId":"0HNNCS7GN6BK2:0000000F","ConnectionId":"0HNNCS7GN6BK2","Application":"PetHealth.API","AppEnv":"Development"}
2026-07-28 21:56:23.341 +02:00[INF] - HTTP GET /api/WeightRecord/1 responded 200 in 44.3511 ms {"UserId":"7","RemoteIP":"::1","SourceContext":"Serilog.AspNetCore.RequestLoggingMiddleware","RequestId":"0HNNCS7GN6BK1:0000000F","ConnectionId":"0HNNCS7GN6BK1","Application":"PetHealth.API","AppEnv":"Development"}
2026-07-28 21:56:25.627 +02:00[INF] - HTTP GET /api/Pet/1 responded 200 in 4.0741 ms {"UserId":"7","RemoteIP":"::1","SourceContext":"Serilog.AspNetCore.RequestLoggingMiddleware","RequestId":"0HNNCS7GN6BK1:00000010","ConnectionId":"0HNNCS7GN6BK1","Application":"PetHealth.API","AppEnv":"Development"}
2026-07-28 21:56:26.396 +02:00[INF] - HTTP GET /api/Pet/1 responded 200 in 4.0614 ms {"UserId":"7","RemoteIP":"::1","SourceContext":"Serilog.AspNetCore.RequestLoggingMiddleware","RequestId":"0HNNCS7GN6BK2:00000011","ConnectionId":"0HNNCS7GN6BK2","Application":"PetHealth.API","AppEnv":"Development"}
2026-07-28 21:56:26.397 +02:00[INF] - HTTP GET /api/Treatment/Pet/1 responded 200 in 4.6829 ms {"UserId":"7","RemoteIP":"::1","SourceContext":"Serilog.AspNetCore.RequestLoggingMiddleware","RequestId":"0HNNCS7GN6BK1:00000012","ConnectionId":"0HNNCS7GN6BK1","Application":"PetHealth.API","AppEnv":"Development"}
2026-07-28 21:56:33.003 +02:00[INF] - HTTP GET /api/Pet/my-pets responded 200 in 2.2645 ms {"UserId":"7","RemoteIP":"::1","SourceContext":"Serilog.AspNetCore.RequestLoggingMiddleware","RequestId":"0HNNCS7GN6BK1:00000014","ConnectionId":"0HNNCS7GN6BK1","Application":"PetHealth.API","AppEnv":"Development"}
2026-07-28 21:56:33.048 +02:00[INF] - HTTP GET /api/Appointment/1 responded 200 in 44.0225 ms {"UserId":"7","RemoteIP":"::1","SourceContext":"Serilog.AspNetCore.RequestLoggingMiddleware","RequestId":"0HNNCS7GN6BK2:00000013","ConnectionId":"0HNNCS7GN6BK2","Application":"PetHealth.API","AppEnv":"Development"}
2026-07-28 21:56:33.048 +02:00[INF] - HTTP GET /api/Appointment/2 responded 200 in 44.0259 ms {"UserId":"7","RemoteIP":"::1","SourceContext":"Serilog.AspNetCore.RequestLoggingMiddleware","RequestId":"0HNNCS7GN6BK1:00000016","ConnectionId":"0HNNCS7GN6BK1","Application":"PetHealth.API","AppEnv":"Development"}
2026-07-28 21:56:35.560 +02:00[INF] - HTTP GET /api/AppUser/me responded 200 in 4.2670 ms {"UserId":"7","RemoteIP":"::1","SourceContext":"Serilog.AspNetCore.RequestLoggingMiddleware","RequestId":"0HNNCS7GN6BK1:00000018","ConnectionId":"0HNNCS7GN6BK1","Application":"PetHealth.API","AppEnv":"Development"}
2026-07-28 21:56:48.467 +02:00[INF] - HTTP GET /api/Pet/my-pets responded 200 in 3.4232 ms {"UserId":"7","RemoteIP":"::1","SourceContext":"Serilog.AspNetCore.RequestLoggingMiddleware","RequestId":"0HNNCS7GN6BK1:0000001A","ConnectionId":"0HNNCS7GN6BK1","Application":"PetHealth.API","AppEnv":"Development"}
2026-07-28 21:56:49.677 +02:00[INF] - HTTP GET /api/Pet/2 responded 200 in 2.6954 ms {"UserId":"7","RemoteIP":"::1","SourceContext":"Serilog.AspNetCore.RequestLoggingMiddleware","RequestId":"0HNNCS7GN6BK1:0000001C","ConnectionId":"0HNNCS7GN6BK1","Application":"PetHealth.API","AppEnv":"Development"}
2026-07-28 21:56:52.311 +02:00[INF] - HTTP GET /api/Pet/2 responded 200 in 3.2647 ms {"UserId":"7","RemoteIP":"::1","SourceContext":"Serilog.AspNetCore.RequestLoggingMiddleware","RequestId":"0HNNCS7GN6BK1:0000001D","ConnectionId":"0HNNCS7GN6BK1","Application":"PetHealth.API","AppEnv":"Development"}
2026-07-28 21:56:52.311 +02:00[INF] - HTTP GET /api/Treatment/Pet/2 responded 200 in 3.0415 ms {"UserId":"7","RemoteIP":"::1","SourceContext":"Serilog.AspNetCore.RequestLoggingMiddleware","RequestId":"0HNNCS7GN6BK2:00000015","ConnectionId":"0HNNCS7GN6BK2","Application":"PetHealth.API","AppEnv":"Development"}
2026-07-28 21:58:08.473 +02:00[INF] - HTTP GET /api/AppUser/me responded 200 in 6.1591 ms {"UserId":"7","RemoteIP":"::1","SourceContext":"Serilog.AspNetCore.RequestLoggingMiddleware","RequestId":"0HNNCS7GN6BK2:00000017","ConnectionId":"0HNNCS7GN6BK2","Application":"PetHealth.API","AppEnv":"Development"}
2026-07-28 21:58:09.457 +02:00[INF] - HTTP GET /api/Pet/my-pets responded 200 in 3.6187 ms {"UserId":"7","RemoteIP":"::1","SourceContext":"Serilog.AspNetCore.RequestLoggingMiddleware","RequestId":"0HNNCS7GN6BK2:00000019","ConnectionId":"0HNNCS7GN6BK2","Application":"PetHealth.API","AppEnv":"Development"}
2026-07-28 21:58:10.243 +02:00[INF] - HTTP GET /api/Pet/1 responded 200 in 3.7297 ms {"UserId":"7","RemoteIP":"::1","SourceContext":"Serilog.AspNetCore.RequestLoggingMiddleware","RequestId":"0HNNCS7GN6BK2:0000001B","ConnectionId":"0HNNCS7GN6BK2","Application":"PetHealth.API","AppEnv":"Development"}
2026-07-28 21:58:13.406 +02:00[INF] - HTTP GET /api/Pet/my-pets responded 200 in 3.6579 ms {"UserId":"7","RemoteIP":"::1","SourceContext":"Serilog.AspNetCore.RequestLoggingMiddleware","RequestId":"0HNNCS7GN6BK2:0000001C","ConnectionId":"0HNNCS7GN6BK2","Application":"PetHealth.API","AppEnv":"Development"}
2026-07-28 21:58:13.416 +02:00[INF] - HTTP GET /api/Appointment/2 responded 200 in 6.1738 ms {"UserId":"7","RemoteIP":"::1","SourceContext":"Serilog.AspNetCore.RequestLoggingMiddleware","RequestId":"0HNNCS7GN6BK2:0000001E","ConnectionId":"0HNNCS7GN6BK2","Application":"PetHealth.API","AppEnv":"Development"}
2026-07-28 21:58:13.416 +02:00[INF] - HTTP GET /api/Appointment/1 responded 200 in 6.1384 ms {"UserId":"7","RemoteIP":"::1","SourceContext":"Serilog.AspNetCore.RequestLoggingMiddleware","RequestId":"0HNNCS7GN6BK1:0000001F","ConnectionId":"0HNNCS7GN6BK1","Application":"PetHealth.API","AppEnv":"Development"}
2026-07-28 21:59:03.277 +02:00[INF] - HTTP POST /Login responded 200 in 68.8967 ms {"UserId":"Anonymous","RemoteIP":"::1","SourceContext":"Serilog.AspNetCore.RequestLoggingMiddleware","RequestId":"0HNNCS7GN6BK1:00000021","ConnectionId":"0HNNCS7GN6BK1","Application":"PetHealth.API","AppEnv":"Development"}
2026-07-28 21:59:08.586 +02:00[INF] - HTTP GET /api/Pet/my-pets responded 404 in 6.6125 ms {"UserId":"1","RemoteIP":"::1","SourceContext":"Serilog.AspNetCore.RequestLoggingMiddleware","RequestId":"0HNNCS7GN6BK1:00000023","ConnectionId":"0HNNCS7GN6BK1","Application":"PetHealth.API","AppEnv":"Development"}
2026-07-28 21:59:09.283 +02:00[INF] - HTTP GET /api/Pet responded 200 in 20.5940 ms {"UserId":"1","RemoteIP":"::1","SourceContext":"Serilog.AspNetCore.RequestLoggingMiddleware","RequestId":"0HNNCS7GN6BK5:00000001","ConnectionId":"0HNNCS7GN6BK5","Application":"PetHealth.API","AppEnv":"Development"}
2026-07-28 21:59:09.284 +02:00[INF] - HTTP GET /api/AppUser responded 200 in 21.2298 ms {"UserId":"1","RemoteIP":"::1","SourceContext":"Serilog.AspNetCore.RequestLoggingMiddleware","RequestId":"0HNNCS7GN6BK1:00000026","ConnectionId":"0HNNCS7GN6BK1","Application":"PetHealth.API","AppEnv":"Development"}
2026-07-28 21:59:09.295 +02:00[INF] - HTTP GET /api/Prescription responded 200 in 33.1206 ms {"UserId":"1","RemoteIP":"::1","SourceContext":"Serilog.AspNetCore.RequestLoggingMiddleware","RequestId":"0HNNCS7GN6BK2:00000021","ConnectionId":"0HNNCS7GN6BK2","Application":"PetHealth.API","AppEnv":"Development"}
2026-07-28 21:59:09.309 +02:00[INF] - HTTP GET /api/Appointment responded 200 in 46.7871 ms {"UserId":"1","RemoteIP":"::1","SourceContext":"Serilog.AspNetCore.RequestLoggingMiddleware","RequestId":"0HNNCS7GN6BK4:00000001","ConnectionId":"0HNNCS7GN6BK4","Application":"PetHealth.API","AppEnv":"Development"}
2026-07-28 21:59:18.142 +02:00[INF] - HTTP GET /api/Prescription responded 200 in 5.6470 ms {"UserId":"1","RemoteIP":"::1","SourceContext":"Serilog.AspNetCore.RequestLoggingMiddleware","RequestId":"0HNNCS7GN6BK2:00000023","ConnectionId":"0HNNCS7GN6BK2","Application":"PetHealth.API","AppEnv":"Development"}
2026-07-28 21:59:18.156 +02:00[INF] - HTTP GET /api/Medicine responded 200 in 18.6421 ms {"UserId":"1","RemoteIP":"::1","SourceContext":"Serilog.AspNetCore.RequestLoggingMiddleware","RequestId":"0HNNCS7GN6BK4:00000003","ConnectionId":"0HNNCS7GN6BK4","Application":"PetHealth.API","AppEnv":"Development"}
2026-07-28 21:59:24.253 +02:00[INF] - HTTP GET /api/AppUser responded 200 in 4.4800 ms {"UserId":"1","RemoteIP":"::1","SourceContext":"Serilog.AspNetCore.RequestLoggingMiddleware","RequestId":"0HNNCS7GN6BK4:00000005","ConnectionId":"0HNNCS7GN6BK4","Application":"PetHealth.API","AppEnv":"Development"}
2026-07-28 21:59:24.266 +02:00[INF] - HTTP GET /api/AppUserRole responded 200 in 17.6989 ms {"UserId":"1","RemoteIP":"::1","SourceContext":"Serilog.AspNetCore.RequestLoggingMiddleware","RequestId":"0HNNCS7GN6BK2:00000025","ConnectionId":"0HNNCS7GN6BK2","Application":"PetHealth.API","AppEnv":"Development"}
2026-07-28 21:59:29.585 +02:00[FTL] - Unhandled exception occurred {"SourceContext":"API_PetHealth.Middlewares.GlobalExceptionHandler","RequestId":"0HNNCS7GN6BK2:00000027","RequestPath":"/api/AppUserRole","ConnectionId":"0HNNCS7GN6BK2","Application":"PetHealth.API","AppEnv":"Development"}
Microsoft.Data.SqlClient.SqlException (0x80131904): This AppUser must keep at least one Role.
   at Microsoft.Data.SqlClient.SqlConnection.OnError(SqlException exception, Boolean breakConnection, Action`1 wrapCloseInAction)
   at Microsoft.Data.SqlClient.Connection.SqlConnectionInternal.OnError(SqlException exception, Boolean breakConnection, Action`1 wrapCloseInAction)
   at Microsoft.Data.SqlClient.TdsParser.ThrowExceptionAndWarning(TdsParserStateObject stateObj, SqlCommand command, Boolean callerHasConnectionLock, Boolean asyncClose)
   at Microsoft.Data.SqlClient.TdsParser.TryRun(RunBehavior runBehavior, SqlCommand cmdHandler, SqlDataReader dataStream, BulkCopySimpleResultSet bulkCopyHandler, TdsParserStateObject stateObj, Boolean& dataReady)
   at Microsoft.Data.SqlClient.SqlCommand.FinishExecuteReader(SqlDataReader ds, RunBehavior runBehavior, String resetOptionsString, Boolean isInternal, Boolean forDescribeParameterEncryption, Boolean shouldCacheForAlwaysEncrypted)
   at Microsoft.Data.SqlClient.SqlCommand.CompleteAsyncExecuteReader(Boolean isInternal, Boolean forDescribeParameterEncryption)
   at Microsoft.Data.SqlClient.SqlCommand.InternalEndExecuteNonQuery(IAsyncResult asyncResult, Boolean isInternal, String endMethod)
   at Microsoft.Data.SqlClient.SqlCommand.EndExecuteNonQueryInternal(IAsyncResult asyncResult)
   at Microsoft.Data.SqlClient.SqlCommand.EndExecuteNonQueryAsync(IAsyncResult asyncResult)
   at Microsoft.Data.SqlClient.SqlCommand.<>c.<InternalExecuteNonQueryAsync>b__251_1(IAsyncResult asyncResult)
   at System.Threading.Tasks.TaskFactory`1.FromAsyncCoreLogic(IAsyncResult iar, Func`2 endFunction, Action`1 endAction, Task`1 promise, Boolean requiresSynchronization)
--- End of stack trace from previous location ---
   at Dapper.SqlMapper.ExecuteImplAsync(IDbConnection cnn, CommandDefinition command, Object param) in /_/Dapper/SqlMapper.Async.cs:line 663
   at PetHealth.Infrastructure.Services.AppUserRoleService.Execute(RemoveUserRoleCommandAsync command) in /Users/jordanmal/Documents/Projet Développement /PetHealthApplication/API/API_PetHealth/PetHealth.Infrastructure/Services/AppUserRoleService.cs:line 54
   at API_PetHealth.Controllers.AppUserRoleController.DeleteAppUserRole(AppUserRoleDto dto) in /Users/jordanmal/Documents/Projet Développement /PetHealthApplication/API/API_PetHealth/PetHealth.API/Controllers/AppUserRoleController.cs:line 57
   at lambda_method117(Closure, Object)
   at Microsoft.AspNetCore.Mvc.Infrastructure.ActionMethodExecutor.AwaitableObjectResultExecutor.Execute(ActionContext actionContext, IActionResultTypeMapper mapper, ObjectMethodExecutor executor, Object controller, Object[] arguments)
   at Microsoft.AspNetCore.Mvc.Infrastructure.ControllerActionInvoker.<InvokeActionMethodAsync>g__Logged|12_1(ControllerActionInvoker invoker)
   at Microsoft.AspNetCore.Mvc.Infrastructure.ControllerActionInvoker.<InvokeNextActionFilterAsync>g__Awaited|10_0(ControllerActionInvoker invoker, Task lastTask, State next, Scope scope, Object state, Boolean isCompleted)
   at Microsoft.AspNetCore.Mvc.Infrastructure.ControllerActionInvoker.Rethrow(ActionExecutedContextSealed context)
   at Microsoft.AspNetCore.Mvc.Infrastructure.ControllerActionInvoker.Next(State& next, Scope& scope, Object& state, Boolean& isCompleted)
   at Microsoft.AspNetCore.Mvc.Infrastructure.ControllerActionInvoker.<InvokeInnerFilterAsync>g__Awaited|13_0(ControllerActionInvoker invoker, Task lastTask, State next, Scope scope, Object state, Boolean isCompleted)
   at Microsoft.AspNetCore.Mvc.Infrastructure.ResourceInvoker.<InvokeFilterPipelineAsync>g__Awaited|20_0(ResourceInvoker invoker, Task lastTask, State next, Scope scope, Object state, Boolean isCompleted)
   at Microsoft.AspNetCore.Mvc.Infrastructure.ResourceInvoker.<InvokeAsync>g__Logged|17_1(ResourceInvoker invoker)
   at Microsoft.AspNetCore.Mvc.Infrastructure.ResourceInvoker.<InvokeAsync>g__Logged|17_1(ResourceInvoker invoker)
   at Microsoft.AspNetCore.Authorization.AuthorizationMiddleware.Invoke(HttpContext context)
   at Microsoft.AspNetCore.Authentication.AuthenticationMiddleware.Invoke(HttpContext context)
   at Microsoft.AspNetCore.Diagnostics.ExceptionHandlerMiddlewareImpl.<Invoke>g__Awaited|10_0(ExceptionHandlerMiddlewareImpl middleware, HttpContext context, Task task)
ClientConnectionId :ea6dac1c-8a8f-4f20-b371-2877f07b0aff
Error Number :50003,State :1,Class :16
2026-07-28 21:59:29.621 +02:00[ERR] - HTTP DELETE /api/AppUserRole responded 500 in 88.2690 ms {"UserId":"1","RemoteIP":"::1","SourceContext":"Serilog.AspNetCore.RequestLoggingMiddleware","RequestId":"0HNNCS7GN6BK2:00000027","ConnectionId":"0HNNCS7GN6BK2","Application":"PetHealth.API","AppEnv":"Development"}
2026-07-28 21:59:32.359 +02:00[FTL] - Unhandled exception occurred {"SourceContext":"API_PetHealth.Middlewares.GlobalExceptionHandler","RequestId":"0HNNCS7GN6BK2:00000028","RequestPath":"/api/AppUserRole","ConnectionId":"0HNNCS7GN6BK2","Application":"PetHealth.API","AppEnv":"Development"}
Microsoft.Data.SqlClient.SqlException (0x80131904): This AppUser must keep at least one Role.
   at Microsoft.Data.SqlClient.SqlConnection.OnError(SqlException exception, Boolean breakConnection, Action`1 wrapCloseInAction)
   at Microsoft.Data.SqlClient.Connection.SqlConnectionInternal.OnError(SqlException exception, Boolean breakConnection, Action`1 wrapCloseInAction)
   at Microsoft.Data.SqlClient.TdsParser.ThrowExceptionAndWarning(TdsParserStateObject stateObj, SqlCommand command, Boolean callerHasConnectionLock, Boolean asyncClose)
   at Microsoft.Data.SqlClient.TdsParser.TryRun(RunBehavior runBehavior, SqlCommand cmdHandler, SqlDataReader dataStream, BulkCopySimpleResultSet bulkCopyHandler, TdsParserStateObject stateObj, Boolean& dataReady)
   at Microsoft.Data.SqlClient.SqlCommand.FinishExecuteReader(SqlDataReader ds, RunBehavior runBehavior, String resetOptionsString, Boolean isInternal, Boolean forDescribeParameterEncryption, Boolean shouldCacheForAlwaysEncrypted)
   at Microsoft.Data.SqlClient.SqlCommand.CompleteAsyncExecuteReader(Boolean isInternal, Boolean forDescribeParameterEncryption)
   at Microsoft.Data.SqlClient.SqlCommand.InternalEndExecuteNonQuery(IAsyncResult asyncResult, Boolean isInternal, String endMethod)
   at Microsoft.Data.SqlClient.SqlCommand.EndExecuteNonQueryInternal(IAsyncResult asyncResult)
   at Microsoft.Data.SqlClient.SqlCommand.EndExecuteNonQueryAsync(IAsyncResult asyncResult)
   at Microsoft.Data.SqlClient.SqlCommand.<>c.<InternalExecuteNonQueryAsync>b__251_1(IAsyncResult asyncResult)
   at System.Threading.Tasks.TaskFactory`1.FromAsyncCoreLogic(IAsyncResult iar, Func`2 endFunction, Action`1 endAction, Task`1 promise, Boolean requiresSynchronization)
--- End of stack trace from previous location ---
   at Dapper.SqlMapper.ExecuteImplAsync(IDbConnection cnn, CommandDefinition command, Object param) in /_/Dapper/SqlMapper.Async.cs:line 663
   at PetHealth.Infrastructure.Services.AppUserRoleService.Execute(RemoveUserRoleCommandAsync command) in /Users/jordanmal/Documents/Projet Développement /PetHealthApplication/API/API_PetHealth/PetHealth.Infrastructure/Services/AppUserRoleService.cs:line 54
   at API_PetHealth.Controllers.AppUserRoleController.DeleteAppUserRole(AppUserRoleDto dto) in /Users/jordanmal/Documents/Projet Développement /PetHealthApplication/API/API_PetHealth/PetHealth.API/Controllers/AppUserRoleController.cs:line 57
   at lambda_method117(Closure, Object)
   at Microsoft.AspNetCore.Mvc.Infrastructure.ActionMethodExecutor.AwaitableObjectResultExecutor.Execute(ActionContext actionContext, IActionResultTypeMapper mapper, ObjectMethodExecutor executor, Object controller, Object[] arguments)
   at Microsoft.AspNetCore.Mvc.Infrastructure.ControllerActionInvoker.<InvokeActionMethodAsync>g__Logged|12_1(ControllerActionInvoker invoker)
   at Microsoft.AspNetCore.Mvc.Infrastructure.ControllerActionInvoker.<InvokeNextActionFilterAsync>g__Awaited|10_0(ControllerActionInvoker invoker, Task lastTask, State next, Scope scope, Object state, Boolean isCompleted)
   at Microsoft.AspNetCore.Mvc.Infrastructure.ControllerActionInvoker.Rethrow(ActionExecutedContextSealed context)
   at Microsoft.AspNetCore.Mvc.Infrastructure.ControllerActionInvoker.Next(State& next, Scope& scope, Object& state, Boolean& isCompleted)
   at Microsoft.AspNetCore.Mvc.Infrastructure.ControllerActionInvoker.<InvokeInnerFilterAsync>g__Awaited|13_0(ControllerActionInvoker invoker, Task lastTask, State next, Scope scope, Object state, Boolean isCompleted)
   at Microsoft.AspNetCore.Mvc.Infrastructure.ResourceInvoker.<InvokeFilterPipelineAsync>g__Awaited|20_0(ResourceInvoker invoker, Task lastTask, State next, Scope scope, Object state, Boolean isCompleted)
   at Microsoft.AspNetCore.Mvc.Infrastructure.ResourceInvoker.<InvokeAsync>g__Logged|17_1(ResourceInvoker invoker)
   at Microsoft.AspNetCore.Mvc.Infrastructure.ResourceInvoker.<InvokeAsync>g__Logged|17_1(ResourceInvoker invoker)
   at Microsoft.AspNetCore.Authorization.AuthorizationMiddleware.Invoke(HttpContext context)
   at Microsoft.AspNetCore.Authentication.AuthenticationMiddleware.Invoke(HttpContext context)
   at Microsoft.AspNetCore.Diagnostics.ExceptionHandlerMiddlewareImpl.<Invoke>g__Awaited|10_0(ExceptionHandlerMiddlewareImpl middleware, HttpContext context, Task task)
ClientConnectionId :ea6dac1c-8a8f-4f20-b371-2877f07b0aff
Error Number :50003,State :1,Class :16
2026-07-28 21:59:32.363 +02:00[ERR] - HTTP DELETE /api/AppUserRole responded 500 in 9.1871 ms {"UserId":"1","RemoteIP":"::1","SourceContext":"Serilog.AspNetCore.RequestLoggingMiddleware","RequestId":"0HNNCS7GN6BK2:00000028","ConnectionId":"0HNNCS7GN6BK2","Application":"PetHealth.API","AppEnv":"Development"}
2026-07-28 21:59:34.415 +02:00[FTL] - Unhandled exception occurred {"SourceContext":"API_PetHealth.Middlewares.GlobalExceptionHandler","RequestId":"0HNNCS7GN6BK2:00000029","RequestPath":"/api/AppUserRole","ConnectionId":"0HNNCS7GN6BK2","Application":"PetHealth.API","AppEnv":"Development"}
Microsoft.Data.SqlClient.SqlException (0x80131904): This AppUser must keep at least one Role.
   at Microsoft.Data.SqlClient.SqlConnection.OnError(SqlException exception, Boolean breakConnection, Action`1 wrapCloseInAction)
   at Microsoft.Data.SqlClient.Connection.SqlConnectionInternal.OnError(SqlException exception, Boolean breakConnection, Action`1 wrapCloseInAction)
   at Microsoft.Data.SqlClient.TdsParser.ThrowExceptionAndWarning(TdsParserStateObject stateObj, SqlCommand command, Boolean callerHasConnectionLock, Boolean asyncClose)
   at Microsoft.Data.SqlClient.TdsParser.TryRun(RunBehavior runBehavior, SqlCommand cmdHandler, SqlDataReader dataStream, BulkCopySimpleResultSet bulkCopyHandler, TdsParserStateObject stateObj, Boolean& dataReady)
   at Microsoft.Data.SqlClient.SqlCommand.FinishExecuteReader(SqlDataReader ds, RunBehavior runBehavior, String resetOptionsString, Boolean isInternal, Boolean forDescribeParameterEncryption, Boolean shouldCacheForAlwaysEncrypted)
   at Microsoft.Data.SqlClient.SqlCommand.CompleteAsyncExecuteReader(Boolean isInternal, Boolean forDescribeParameterEncryption)
   at Microsoft.Data.SqlClient.SqlCommand.InternalEndExecuteNonQuery(IAsyncResult asyncResult, Boolean isInternal, String endMethod)
   at Microsoft.Data.SqlClient.SqlCommand.EndExecuteNonQueryInternal(IAsyncResult asyncResult)
   at Microsoft.Data.SqlClient.SqlCommand.EndExecuteNonQueryAsync(IAsyncResult asyncResult)
   at Microsoft.Data.SqlClient.SqlCommand.<>c.<InternalExecuteNonQueryAsync>b__251_1(IAsyncResult asyncResult)
   at System.Threading.Tasks.TaskFactory`1.FromAsyncCoreLogic(IAsyncResult iar, Func`2 endFunction, Action`1 endAction, Task`1 promise, Boolean requiresSynchronization)
--- End of stack trace from previous location ---
   at Dapper.SqlMapper.ExecuteImplAsync(IDbConnection cnn, CommandDefinition command, Object param) in /_/Dapper/SqlMapper.Async.cs:line 663
   at PetHealth.Infrastructure.Services.AppUserRoleService.Execute(RemoveUserRoleCommandAsync command) in /Users/jordanmal/Documents/Projet Développement /PetHealthApplication/API/API_PetHealth/PetHealth.Infrastructure/Services/AppUserRoleService.cs:line 54
   at API_PetHealth.Controllers.AppUserRoleController.DeleteAppUserRole(AppUserRoleDto dto) in /Users/jordanmal/Documents/Projet Développement /PetHealthApplication/API/API_PetHealth/PetHealth.API/Controllers/AppUserRoleController.cs:line 57
   at lambda_method117(Closure, Object)
   at Microsoft.AspNetCore.Mvc.Infrastructure.ActionMethodExecutor.AwaitableObjectResultExecutor.Execute(ActionContext actionContext, IActionResultTypeMapper mapper, ObjectMethodExecutor executor, Object controller, Object[] arguments)
   at Microsoft.AspNetCore.Mvc.Infrastructure.ControllerActionInvoker.<InvokeActionMethodAsync>g__Logged|12_1(ControllerActionInvoker invoker)
   at Microsoft.AspNetCore.Mvc.Infrastructure.ControllerActionInvoker.<InvokeNextActionFilterAsync>g__Awaited|10_0(ControllerActionInvoker invoker, Task lastTask, State next, Scope scope, Object state, Boolean isCompleted)
   at Microsoft.AspNetCore.Mvc.Infrastructure.ControllerActionInvoker.Rethrow(ActionExecutedContextSealed context)
   at Microsoft.AspNetCore.Mvc.Infrastructure.ControllerActionInvoker.Next(State& next, Scope& scope, Object& state, Boolean& isCompleted)
   at Microsoft.AspNetCore.Mvc.Infrastructure.ControllerActionInvoker.<InvokeInnerFilterAsync>g__Awaited|13_0(ControllerActionInvoker invoker, Task lastTask, State next, Scope scope, Object state, Boolean isCompleted)
   at Microsoft.AspNetCore.Mvc.Infrastructure.ResourceInvoker.<InvokeFilterPipelineAsync>g__Awaited|20_0(ResourceInvoker invoker, Task lastTask, State next, Scope scope, Object state, Boolean isCompleted)
   at Microsoft.AspNetCore.Mvc.Infrastructure.ResourceInvoker.<InvokeAsync>g__Logged|17_1(ResourceInvoker invoker)
   at Microsoft.AspNetCore.Mvc.Infrastructure.ResourceInvoker.<InvokeAsync>g__Logged|17_1(ResourceInvoker invoker)
   at Microsoft.AspNetCore.Authorization.AuthorizationMiddleware.Invoke(HttpContext context)
   at Microsoft.AspNetCore.Authentication.AuthenticationMiddleware.Invoke(HttpContext context)
   at Microsoft.AspNetCore.Diagnostics.ExceptionHandlerMiddlewareImpl.<Invoke>g__Awaited|10_0(ExceptionHandlerMiddlewareImpl middleware, HttpContext context, Task task)
ClientConnectionId :ea6dac1c-8a8f-4f20-b371-2877f07b0aff
Error Number :50003,State :1,Class :16
2026-07-28 21:59:34.420 +02:00[ERR] - HTTP DELETE /api/AppUserRole responded 500 in 9.3559 ms {"UserId":"1","RemoteIP":"::1","SourceContext":"Serilog.AspNetCore.RequestLoggingMiddleware","RequestId":"0HNNCS7GN6BK2:00000029","ConnectionId":"0HNNCS7GN6BK2","Application":"PetHealth.API","AppEnv":"Development"}
2026-07-28 21:59:38.081 +02:00[FTL] - Unhandled exception occurred {"SourceContext":"API_PetHealth.Middlewares.GlobalExceptionHandler","RequestId":"0HNNCS7GN6BK2:0000002B","RequestPath":"/api/AppUserRole","ConnectionId":"0HNNCS7GN6BK2","Application":"PetHealth.API","AppEnv":"Development"}
Microsoft.Data.SqlClient.SqlException (0x80131904): This AppUser still has Appointments and must keep the Vet role.
   at Microsoft.Data.SqlClient.SqlConnection.OnError(SqlException exception, Boolean breakConnection, Action`1 wrapCloseInAction)
   at Microsoft.Data.SqlClient.Connection.SqlConnectionInternal.OnError(SqlException exception, Boolean breakConnection, Action`1 wrapCloseInAction)
   at Microsoft.Data.SqlClient.TdsParser.ThrowExceptionAndWarning(TdsParserStateObject stateObj, SqlCommand command, Boolean callerHasConnectionLock, Boolean asyncClose)
   at Microsoft.Data.SqlClient.TdsParser.TryRun(RunBehavior runBehavior, SqlCommand cmdHandler, SqlDataReader dataStream, BulkCopySimpleResultSet bulkCopyHandler, TdsParserStateObject stateObj, Boolean& dataReady)
   at Microsoft.Data.SqlClient.SqlCommand.FinishExecuteReader(SqlDataReader ds, RunBehavior runBehavior, String resetOptionsString, Boolean isInternal, Boolean forDescribeParameterEncryption, Boolean shouldCacheForAlwaysEncrypted)
   at Microsoft.Data.SqlClient.SqlCommand.CompleteAsyncExecuteReader(Boolean isInternal, Boolean forDescribeParameterEncryption)
   at Microsoft.Data.SqlClient.SqlCommand.InternalEndExecuteNonQuery(IAsyncResult asyncResult, Boolean isInternal, String endMethod)
   at Microsoft.Data.SqlClient.SqlCommand.EndExecuteNonQueryInternal(IAsyncResult asyncResult)
   at Microsoft.Data.SqlClient.SqlCommand.EndExecuteNonQueryAsync(IAsyncResult asyncResult)
   at Microsoft.Data.SqlClient.SqlCommand.<>c.<InternalExecuteNonQueryAsync>b__251_1(IAsyncResult asyncResult)
   at System.Threading.Tasks.TaskFactory`1.FromAsyncCoreLogic(IAsyncResult iar, Func`2 endFunction, Action`1 endAction, Task`1 promise, Boolean requiresSynchronization)
--- End of stack trace from previous location ---
   at Dapper.SqlMapper.ExecuteImplAsync(IDbConnection cnn, CommandDefinition command, Object param) in /_/Dapper/SqlMapper.Async.cs:line 663
   at PetHealth.Infrastructure.Services.AppUserRoleService.Execute(RemoveUserRoleCommandAsync command) in /Users/jordanmal/Documents/Projet Développement /PetHealthApplication/API/API_PetHealth/PetHealth.Infrastructure/Services/AppUserRoleService.cs:line 54
   at API_PetHealth.Controllers.AppUserRoleController.DeleteAppUserRole(AppUserRoleDto dto) in /Users/jordanmal/Documents/Projet Développement /PetHealthApplication/API/API_PetHealth/PetHealth.API/Controllers/AppUserRoleController.cs:line 57
   at lambda_method117(Closure, Object)
   at Microsoft.AspNetCore.Mvc.Infrastructure.ActionMethodExecutor.AwaitableObjectResultExecutor.Execute(ActionContext actionContext, IActionResultTypeMapper mapper, ObjectMethodExecutor executor, Object controller, Object[] arguments)
   at Microsoft.AspNetCore.Mvc.Infrastructure.ControllerActionInvoker.<InvokeActionMethodAsync>g__Logged|12_1(ControllerActionInvoker invoker)
   at Microsoft.AspNetCore.Mvc.Infrastructure.ControllerActionInvoker.<InvokeNextActionFilterAsync>g__Awaited|10_0(ControllerActionInvoker invoker, Task lastTask, State next, Scope scope, Object state, Boolean isCompleted)
   at Microsoft.AspNetCore.Mvc.Infrastructure.ControllerActionInvoker.Rethrow(ActionExecutedContextSealed context)
   at Microsoft.AspNetCore.Mvc.Infrastructure.ControllerActionInvoker.Next(State& next, Scope& scope, Object& state, Boolean& isCompleted)
   at Microsoft.AspNetCore.Mvc.Infrastructure.ControllerActionInvoker.<InvokeInnerFilterAsync>g__Awaited|13_0(ControllerActionInvoker invoker, Task lastTask, State next, Scope scope, Object state, Boolean isCompleted)
   at Microsoft.AspNetCore.Mvc.Infrastructure.ResourceInvoker.<InvokeFilterPipelineAsync>g__Awaited|20_0(ResourceInvoker invoker, Task lastTask, State next, Scope scope, Object state, Boolean isCompleted)
   at Microsoft.AspNetCore.Mvc.Infrastructure.ResourceInvoker.<InvokeAsync>g__Logged|17_1(ResourceInvoker invoker)
   at Microsoft.AspNetCore.Mvc.Infrastructure.ResourceInvoker.<InvokeAsync>g__Logged|17_1(ResourceInvoker invoker)
   at Microsoft.AspNetCore.Authorization.AuthorizationMiddleware.Invoke(HttpContext context)
   at Microsoft.AspNetCore.Authentication.AuthenticationMiddleware.Invoke(HttpContext context)
   at Microsoft.AspNetCore.Diagnostics.ExceptionHandlerMiddlewareImpl.<Invoke>g__Awaited|10_0(ExceptionHandlerMiddlewareImpl middleware, HttpContext context, Task task)
ClientConnectionId :ea6dac1c-8a8f-4f20-b371-2877f07b0aff
Error Number :50003,State :1,Class :16
2026-07-28 21:59:38.084 +02:00[ERR] - HTTP DELETE /api/AppUserRole responded 500 in 8.7371 ms {"UserId":"1","RemoteIP":"::1","SourceContext":"Serilog.AspNetCore.RequestLoggingMiddleware","RequestId":"0HNNCS7GN6BK2:0000002B","ConnectionId":"0HNNCS7GN6BK2","Application":"PetHealth.API","AppEnv":"Development"}
2026-07-28 21:59:45.044 +02:00[FTL] - Unhandled exception occurred {"SourceContext":"API_PetHealth.Middlewares.GlobalExceptionHandler","RequestId":"0HNNCS7GN6BK2:0000002D","RequestPath":"/api/AppUserRole","ConnectionId":"0HNNCS7GN6BK2","Application":"PetHealth.API","AppEnv":"Development"}
Microsoft.Data.SqlClient.SqlException (0x80131904): This AppUser must keep at least one Role.
   at Microsoft.Data.SqlClient.SqlConnection.OnError(SqlException exception, Boolean breakConnection, Action`1 wrapCloseInAction)
   at Microsoft.Data.SqlClient.Connection.SqlConnectionInternal.OnError(SqlException exception, Boolean breakConnection, Action`1 wrapCloseInAction)
   at Microsoft.Data.SqlClient.TdsParser.ThrowExceptionAndWarning(TdsParserStateObject stateObj, SqlCommand command, Boolean callerHasConnectionLock, Boolean asyncClose)
   at Microsoft.Data.SqlClient.TdsParser.TryRun(RunBehavior runBehavior, SqlCommand cmdHandler, SqlDataReader dataStream, BulkCopySimpleResultSet bulkCopyHandler, TdsParserStateObject stateObj, Boolean& dataReady)
   at Microsoft.Data.SqlClient.SqlCommand.FinishExecuteReader(SqlDataReader ds, RunBehavior runBehavior, String resetOptionsString, Boolean isInternal, Boolean forDescribeParameterEncryption, Boolean shouldCacheForAlwaysEncrypted)
   at Microsoft.Data.SqlClient.SqlCommand.CompleteAsyncExecuteReader(Boolean isInternal, Boolean forDescribeParameterEncryption)
   at Microsoft.Data.SqlClient.SqlCommand.InternalEndExecuteNonQuery(IAsyncResult asyncResult, Boolean isInternal, String endMethod)
   at Microsoft.Data.SqlClient.SqlCommand.EndExecuteNonQueryInternal(IAsyncResult asyncResult)
   at Microsoft.Data.SqlClient.SqlCommand.EndExecuteNonQueryAsync(IAsyncResult asyncResult)
   at Microsoft.Data.SqlClient.SqlCommand.<>c.<InternalExecuteNonQueryAsync>b__251_1(IAsyncResult asyncResult)
   at System.Threading.Tasks.TaskFactory`1.FromAsyncCoreLogic(IAsyncResult iar, Func`2 endFunction, Action`1 endAction, Task`1 promise, Boolean requiresSynchronization)
--- End of stack trace from previous location ---
   at Dapper.SqlMapper.ExecuteImplAsync(IDbConnection cnn, CommandDefinition command, Object param) in /_/Dapper/SqlMapper.Async.cs:line 663
   at PetHealth.Infrastructure.Services.AppUserRoleService.Execute(RemoveUserRoleCommandAsync command) in /Users/jordanmal/Documents/Projet Développement /PetHealthApplication/API/API_PetHealth/PetHealth.Infrastructure/Services/AppUserRoleService.cs:line 54
   at API_PetHealth.Controllers.AppUserRoleController.DeleteAppUserRole(AppUserRoleDto dto) in /Users/jordanmal/Documents/Projet Développement /PetHealthApplication/API/API_PetHealth/PetHealth.API/Controllers/AppUserRoleController.cs:line 57
   at lambda_method117(Closure, Object)
   at Microsoft.AspNetCore.Mvc.Infrastructure.ActionMethodExecutor.AwaitableObjectResultExecutor.Execute(ActionContext actionContext, IActionResultTypeMapper mapper, ObjectMethodExecutor executor, Object controller, Object[] arguments)
   at Microsoft.AspNetCore.Mvc.Infrastructure.ControllerActionInvoker.<InvokeActionMethodAsync>g__Logged|12_1(ControllerActionInvoker invoker)
   at Microsoft.AspNetCore.Mvc.Infrastructure.ControllerActionInvoker.<InvokeNextActionFilterAsync>g__Awaited|10_0(ControllerActionInvoker invoker, Task lastTask, State next, Scope scope, Object state, Boolean isCompleted)
   at Microsoft.AspNetCore.Mvc.Infrastructure.ControllerActionInvoker.Rethrow(ActionExecutedContextSealed context)
   at Microsoft.AspNetCore.Mvc.Infrastructure.ControllerActionInvoker.Next(State& next, Scope& scope, Object& state, Boolean& isCompleted)
   at Microsoft.AspNetCore.Mvc.Infrastructure.ControllerActionInvoker.<InvokeInnerFilterAsync>g__Awaited|13_0(ControllerActionInvoker invoker, Task lastTask, State next, Scope scope, Object state, Boolean isCompleted)
   at Microsoft.AspNetCore.Mvc.Infrastructure.ResourceInvoker.<InvokeFilterPipelineAsync>g__Awaited|20_0(ResourceInvoker invoker, Task lastTask, State next, Scope scope, Object state, Boolean isCompleted)
   at Microsoft.AspNetCore.Mvc.Infrastructure.ResourceInvoker.<InvokeAsync>g__Logged|17_1(ResourceInvoker invoker)
   at Microsoft.AspNetCore.Mvc.Infrastructure.ResourceInvoker.<InvokeAsync>g__Logged|17_1(ResourceInvoker invoker)
   at Microsoft.AspNetCore.Authorization.AuthorizationMiddleware.Invoke(HttpContext context)
   at Microsoft.AspNetCore.Authentication.AuthenticationMiddleware.Invoke(HttpContext context)
   at Microsoft.AspNetCore.Diagnostics.ExceptionHandlerMiddlewareImpl.<Invoke>g__Awaited|10_0(ExceptionHandlerMiddlewareImpl middleware, HttpContext context, Task task)
ClientConnectionId :35a3a7e7-76a0-4323-b24a-df68c6d69d97
Error Number :50003,State :1,Class :16
2026-07-28 21:59:45.048 +02:00[ERR] - HTTP DELETE /api/AppUserRole responded 500 in 10.5665 ms {"UserId":"1","RemoteIP":"::1","SourceContext":"Serilog.AspNetCore.RequestLoggingMiddleware","RequestId":"0HNNCS7GN6BK2:0000002D","ConnectionId":"0HNNCS7GN6BK2","Application":"PetHealth.API","AppEnv":"Development"}
2026-07-28 21:59:49.263 +02:00[FTL] - Unhandled exception occurred {"SourceContext":"API_PetHealth.Middlewares.GlobalExceptionHandler","RequestId":"0HNNCS7GN6BK2:0000002E","RequestPath":"/api/AppUserRole","ConnectionId":"0HNNCS7GN6BK2","Application":"PetHealth.API","AppEnv":"Development"}
Microsoft.Data.SqlClient.SqlException (0x80131904): This AppUser must keep at least one Role.
   at Microsoft.Data.SqlClient.SqlConnection.OnError(SqlException exception, Boolean breakConnection, Action`1 wrapCloseInAction)
   at Microsoft.Data.SqlClient.Connection.SqlConnectionInternal.OnError(SqlException exception, Boolean breakConnection, Action`1 wrapCloseInAction)
   at Microsoft.Data.SqlClient.TdsParser.ThrowExceptionAndWarning(TdsParserStateObject stateObj, SqlCommand command, Boolean callerHasConnectionLock, Boolean asyncClose)
   at Microsoft.Data.SqlClient.TdsParser.TryRun(RunBehavior runBehavior, SqlCommand cmdHandler, SqlDataReader dataStream, BulkCopySimpleResultSet bulkCopyHandler, TdsParserStateObject stateObj, Boolean& dataReady)
   at Microsoft.Data.SqlClient.SqlCommand.FinishExecuteReader(SqlDataReader ds, RunBehavior runBehavior, String resetOptionsString, Boolean isInternal, Boolean forDescribeParameterEncryption, Boolean shouldCacheForAlwaysEncrypted)
   at Microsoft.Data.SqlClient.SqlCommand.CompleteAsyncExecuteReader(Boolean isInternal, Boolean forDescribeParameterEncryption)
   at Microsoft.Data.SqlClient.SqlCommand.InternalEndExecuteNonQuery(IAsyncResult asyncResult, Boolean isInternal, String endMethod)
   at Microsoft.Data.SqlClient.SqlCommand.EndExecuteNonQueryInternal(IAsyncResult asyncResult)
   at Microsoft.Data.SqlClient.SqlCommand.EndExecuteNonQueryAsync(IAsyncResult asyncResult)
   at Microsoft.Data.SqlClient.SqlCommand.<>c.<InternalExecuteNonQueryAsync>b__251_1(IAsyncResult asyncResult)
   at System.Threading.Tasks.TaskFactory`1.FromAsyncCoreLogic(IAsyncResult iar, Func`2 endFunction, Action`1 endAction, Task`1 promise, Boolean requiresSynchronization)
--- End of stack trace from previous location ---
   at Dapper.SqlMapper.ExecuteImplAsync(IDbConnection cnn, CommandDefinition command, Object param) in /_/Dapper/SqlMapper.Async.cs:line 663
   at PetHealth.Infrastructure.Services.AppUserRoleService.Execute(RemoveUserRoleCommandAsync command) in /Users/jordanmal/Documents/Projet Développement /PetHealthApplication/API/API_PetHealth/PetHealth.Infrastructure/Services/AppUserRoleService.cs:line 54
   at API_PetHealth.Controllers.AppUserRoleController.DeleteAppUserRole(AppUserRoleDto dto) in /Users/jordanmal/Documents/Projet Développement /PetHealthApplication/API/API_PetHealth/PetHealth.API/Controllers/AppUserRoleController.cs:line 57
   at lambda_method117(Closure, Object)
   at Microsoft.AspNetCore.Mvc.Infrastructure.ActionMethodExecutor.AwaitableObjectResultExecutor.Execute(ActionContext actionContext, IActionResultTypeMapper mapper, ObjectMethodExecutor executor, Object controller, Object[] arguments)
   at Microsoft.AspNetCore.Mvc.Infrastructure.ControllerActionInvoker.<InvokeActionMethodAsync>g__Logged|12_1(ControllerActionInvoker invoker)
   at Microsoft.AspNetCore.Mvc.Infrastructure.ControllerActionInvoker.<InvokeNextActionFilterAsync>g__Awaited|10_0(ControllerActionInvoker invoker, Task lastTask, State next, Scope scope, Object state, Boolean isCompleted)
   at Microsoft.AspNetCore.Mvc.Infrastructure.ControllerActionInvoker.Rethrow(ActionExecutedContextSealed context)
   at Microsoft.AspNetCore.Mvc.Infrastructure.ControllerActionInvoker.Next(State& next, Scope& scope, Object& state, Boolean& isCompleted)
   at Microsoft.AspNetCore.Mvc.Infrastructure.ControllerActionInvoker.<InvokeInnerFilterAsync>g__Awaited|13_0(ControllerActionInvoker invoker, Task lastTask, State next, Scope scope, Object state, Boolean isCompleted)
   at Microsoft.AspNetCore.Mvc.Infrastructure.ResourceInvoker.<InvokeFilterPipelineAsync>g__Awaited|20_0(ResourceInvoker invoker, Task lastTask, State next, Scope scope, Object state, Boolean isCompleted)
   at Microsoft.AspNetCore.Mvc.Infrastructure.ResourceInvoker.<InvokeAsync>g__Logged|17_1(ResourceInvoker invoker)
   at Microsoft.AspNetCore.Mvc.Infrastructure.ResourceInvoker.<InvokeAsync>g__Logged|17_1(ResourceInvoker invoker)
   at Microsoft.AspNetCore.Authorization.AuthorizationMiddleware.Invoke(HttpContext context)
   at Microsoft.AspNetCore.Authentication.AuthenticationMiddleware.Invoke(HttpContext context)
   at Microsoft.AspNetCore.Diagnostics.ExceptionHandlerMiddlewareImpl.<Invoke>g__Awaited|10_0(ExceptionHandlerMiddlewareImpl middleware, HttpContext context, Task task)
ClientConnectionId :35a3a7e7-76a0-4323-b24a-df68c6d69d97
Error Number :50003,State :1,Class :16
2026-07-28 21:59:49.266 +02:00[ERR] - HTTP DELETE /api/AppUserRole responded 500 in 9.3394 ms {"UserId":"1","RemoteIP":"::1","SourceContext":"Serilog.AspNetCore.RequestLoggingMiddleware","RequestId":"0HNNCS7GN6BK2:0000002E","ConnectionId":"0HNNCS7GN6BK2","Application":"PetHealth.API","AppEnv":"Development"}
2026-07-28 21:59:59.066 +02:00[INF] - HTTP POST /api/AppUserRole responded 200 in 32.4320 ms {"UserId":"1","RemoteIP":"::1","SourceContext":"Serilog.AspNetCore.RequestLoggingMiddleware","RequestId":"0HNNCS7GN6BK2:00000030","ConnectionId":"0HNNCS7GN6BK2","Application":"PetHealth.API","AppEnv":"Development"}
2026-07-28 21:59:59.072 +02:00[INF] - HTTP GET /api/AppUserRole responded 200 in 2.4890 ms {"UserId":"1","RemoteIP":"::1","SourceContext":"Serilog.AspNetCore.RequestLoggingMiddleware","RequestId":"0HNNCS7GN6BK2:00000031","ConnectionId":"0HNNCS7GN6BK2","Application":"PetHealth.API","AppEnv":"Development"}
2026-07-28 21:59:59.072 +02:00[INF] - HTTP GET /api/AppUser responded 200 in 1.9109 ms {"UserId":"1","RemoteIP":"::1","SourceContext":"Serilog.AspNetCore.RequestLoggingMiddleware","RequestId":"0HNNCS7GN6BK4:00000007","ConnectionId":"0HNNCS7GN6BK4","Application":"PetHealth.API","AppEnv":"Development"}
2026-07-28 22:00:01.211 +02:00[INF] - HTTP DELETE /api/AppUserRole responded 200 in 21.1772 ms {"UserId":"1","RemoteIP":"::1","SourceContext":"Serilog.AspNetCore.RequestLoggingMiddleware","RequestId":"0HNNCS7GN6BK4:00000009","ConnectionId":"0HNNCS7GN6BK4","Application":"PetHealth.API","AppEnv":"Development"}
2026-07-28 22:00:01.215 +02:00[INF] - HTTP GET /api/AppUserRole responded 200 in 1.7015 ms {"UserId":"1","RemoteIP":"::1","SourceContext":"Serilog.AspNetCore.RequestLoggingMiddleware","RequestId":"0HNNCS7GN6BK4:0000000A","ConnectionId":"0HNNCS7GN6BK4","Application":"PetHealth.API","AppEnv":"Development"}
2026-07-28 22:00:01.215 +02:00[INF] - HTTP GET /api/AppUser responded 200 in 1.7553 ms {"UserId":"1","RemoteIP":"::1","SourceContext":"Serilog.AspNetCore.RequestLoggingMiddleware","RequestId":"0HNNCS7GN6BK2:00000032","ConnectionId":"0HNNCS7GN6BK2","Application":"PetHealth.API","AppEnv":"Development"}
2026-07-28 22:01:06.487 +02:00[INF] - HTTP GET /api/Prescription responded 200 in 5.9363 ms {"UserId":"1","RemoteIP":"::1","SourceContext":"Serilog.AspNetCore.RequestLoggingMiddleware","RequestId":"0HNNCS7GN6BK4:0000000C","ConnectionId":"0HNNCS7GN6BK4","Application":"PetHealth.API","AppEnv":"Development"}
2026-07-28 22:01:06.487 +02:00[INF] - HTTP GET /api/Medicine responded 200 in 5.9626 ms {"UserId":"1","RemoteIP":"::1","SourceContext":"Serilog.AspNetCore.RequestLoggingMiddleware","RequestId":"0HNNCS7GN6BK2:00000034","ConnectionId":"0HNNCS7GN6BK2","Application":"PetHealth.API","AppEnv":"Development"}
2026-07-28 22:01:07.337 +02:00[INF] - HTTP GET /api/AppUserRole responded 200 in 3.9597 ms {"UserId":"1","RemoteIP":"::1","SourceContext":"Serilog.AspNetCore.RequestLoggingMiddleware","RequestId":"0HNNCS7GN6BK2:00000036","ConnectionId":"0HNNCS7GN6BK2","Application":"PetHealth.API","AppEnv":"Development"}
2026-07-28 22:01:07.337 +02:00[INF] - HTTP GET /api/AppUser responded 200 in 4.1034 ms {"UserId":"1","RemoteIP":"::1","SourceContext":"Serilog.AspNetCore.RequestLoggingMiddleware","RequestId":"0HNNCS7GN6BK4:0000000E","ConnectionId":"0HNNCS7GN6BK4","Application":"PetHealth.API","AppEnv":"Development"}
2026-07-28 22:01:10.200 +02:00[FTL] - Unhandled exception occurred {"SourceContext":"API_PetHealth.Middlewares.GlobalExceptionHandler","RequestId":"0HNNCS7GN6BK4:00000010","RequestPath":"/api/AppUserRole","ConnectionId":"0HNNCS7GN6BK4","Application":"PetHealth.API","AppEnv":"Development"}
Microsoft.Data.SqlClient.SqlException (0x80131904): This AppUser must keep at least one Role.
   at Microsoft.Data.SqlClient.SqlConnection.OnError(SqlException exception, Boolean breakConnection, Action`1 wrapCloseInAction)
   at Microsoft.Data.SqlClient.Connection.SqlConnectionInternal.OnError(SqlException exception, Boolean breakConnection, Action`1 wrapCloseInAction)
   at Microsoft.Data.SqlClient.TdsParser.ThrowExceptionAndWarning(TdsParserStateObject stateObj, SqlCommand command, Boolean callerHasConnectionLock, Boolean asyncClose)
   at Microsoft.Data.SqlClient.TdsParser.TryRun(RunBehavior runBehavior, SqlCommand cmdHandler, SqlDataReader dataStream, BulkCopySimpleResultSet bulkCopyHandler, TdsParserStateObject stateObj, Boolean& dataReady)
   at Microsoft.Data.SqlClient.SqlCommand.FinishExecuteReader(SqlDataReader ds, RunBehavior runBehavior, String resetOptionsString, Boolean isInternal, Boolean forDescribeParameterEncryption, Boolean shouldCacheForAlwaysEncrypted)
   at Microsoft.Data.SqlClient.SqlCommand.CompleteAsyncExecuteReader(Boolean isInternal, Boolean forDescribeParameterEncryption)
   at Microsoft.Data.SqlClient.SqlCommand.InternalEndExecuteNonQuery(IAsyncResult asyncResult, Boolean isInternal, String endMethod)
   at Microsoft.Data.SqlClient.SqlCommand.EndExecuteNonQueryInternal(IAsyncResult asyncResult)
   at Microsoft.Data.SqlClient.SqlCommand.EndExecuteNonQueryAsync(IAsyncResult asyncResult)
   at Microsoft.Data.SqlClient.SqlCommand.<>c.<InternalExecuteNonQueryAsync>b__251_1(IAsyncResult asyncResult)
   at System.Threading.Tasks.TaskFactory`1.FromAsyncCoreLogic(IAsyncResult iar, Func`2 endFunction, Action`1 endAction, Task`1 promise, Boolean requiresSynchronization)
--- End of stack trace from previous location ---
   at Dapper.SqlMapper.ExecuteImplAsync(IDbConnection cnn, CommandDefinition command, Object param) in /_/Dapper/SqlMapper.Async.cs:line 663
   at PetHealth.Infrastructure.Services.AppUserRoleService.Execute(RemoveUserRoleCommandAsync command) in /Users/jordanmal/Documents/Projet Développement /PetHealthApplication/API/API_PetHealth/PetHealth.Infrastructure/Services/AppUserRoleService.cs:line 54
   at API_PetHealth.Controllers.AppUserRoleController.DeleteAppUserRole(AppUserRoleDto dto) in /Users/jordanmal/Documents/Projet Développement /PetHealthApplication/API/API_PetHealth/PetHealth.API/Controllers/AppUserRoleController.cs:line 57
   at lambda_method117(Closure, Object)
   at Microsoft.AspNetCore.Mvc.Infrastructure.ActionMethodExecutor.AwaitableObjectResultExecutor.Execute(ActionContext actionContext, IActionResultTypeMapper mapper, ObjectMethodExecutor executor, Object controller, Object[] arguments)
   at Microsoft.AspNetCore.Mvc.Infrastructure.ControllerActionInvoker.<InvokeActionMethodAsync>g__Logged|12_1(ControllerActionInvoker invoker)
   at Microsoft.AspNetCore.Mvc.Infrastructure.ControllerActionInvoker.<InvokeNextActionFilterAsync>g__Awaited|10_0(ControllerActionInvoker invoker, Task lastTask, State next, Scope scope, Object state, Boolean isCompleted)
   at Microsoft.AspNetCore.Mvc.Infrastructure.ControllerActionInvoker.Rethrow(ActionExecutedContextSealed context)
   at Microsoft.AspNetCore.Mvc.Infrastructure.ControllerActionInvoker.Next(State& next, Scope& scope, Object& state, Boolean& isCompleted)
   at Microsoft.AspNetCore.Mvc.Infrastructure.ControllerActionInvoker.<InvokeInnerFilterAsync>g__Awaited|13_0(ControllerActionInvoker invoker, Task lastTask, State next, Scope scope, Object state, Boolean isCompleted)
   at Microsoft.AspNetCore.Mvc.Infrastructure.ResourceInvoker.<InvokeFilterPipelineAsync>g__Awaited|20_0(ResourceInvoker invoker, Task lastTask, State next, Scope scope, Object state, Boolean isCompleted)
   at Microsoft.AspNetCore.Mvc.Infrastructure.ResourceInvoker.<InvokeAsync>g__Logged|17_1(ResourceInvoker invoker)
   at Microsoft.AspNetCore.Mvc.Infrastructure.ResourceInvoker.<InvokeAsync>g__Logged|17_1(ResourceInvoker invoker)
   at Microsoft.AspNetCore.Authorization.AuthorizationMiddleware.Invoke(HttpContext context)
   at Microsoft.AspNetCore.Authentication.AuthenticationMiddleware.Invoke(HttpContext context)
   at Microsoft.AspNetCore.Diagnostics.ExceptionHandlerMiddlewareImpl.<Invoke>g__Awaited|10_0(ExceptionHandlerMiddlewareImpl middleware, HttpContext context, Task task)
ClientConnectionId :9cbbf222-de3b-4229-91ff-4b18c48efec1
Error Number :50003,State :1,Class :16
2026-07-28 22:01:10.209 +02:00[ERR] - HTTP DELETE /api/AppUserRole responded 500 in 14.4978 ms {"UserId":"1","RemoteIP":"::1","SourceContext":"Serilog.AspNetCore.RequestLoggingMiddleware","RequestId":"0HNNCS7GN6BK4:00000010","ConnectionId":"0HNNCS7GN6BK4","Application":"PetHealth.API","AppEnv":"Development"}
2026-07-28 22:01:13.057 +02:00[INF] - HTTP GET /api/Prescription responded 200 in 5.0632 ms {"UserId":"1","RemoteIP":"::1","SourceContext":"Serilog.AspNetCore.RequestLoggingMiddleware","RequestId":"0HNNCS7GN6BK2:00000038","ConnectionId":"0HNNCS7GN6BK2","Application":"PetHealth.API","AppEnv":"Development"}
2026-07-28 22:01:13.057 +02:00[INF] - HTTP GET /api/Medicine responded 200 in 5.0633 ms {"UserId":"1","RemoteIP":"::1","SourceContext":"Serilog.AspNetCore.RequestLoggingMiddleware","RequestId":"0HNNCS7GN6BK4:00000012","ConnectionId":"0HNNCS7GN6BK4","Application":"PetHealth.API","AppEnv":"Development"}
2026-07-28 22:01:13.902 +02:00[INF] - HTTP GET /api/AppUserRole responded 200 in 3.3233 ms {"UserId":"1","RemoteIP":"::1","SourceContext":"Serilog.AspNetCore.RequestLoggingMiddleware","RequestId":"0HNNCS7GN6BK2:00000039","ConnectionId":"0HNNCS7GN6BK2","Application":"PetHealth.API","AppEnv":"Development"}
2026-07-28 22:01:13.903 +02:00[INF] - HTTP GET /api/AppUser responded 200 in 2.4956 ms {"UserId":"1","RemoteIP":"::1","SourceContext":"Serilog.AspNetCore.RequestLoggingMiddleware","RequestId":"0HNNCS7GN6BK4:00000014","ConnectionId":"0HNNCS7GN6BK4","Application":"PetHealth.API","AppEnv":"Development"}
2026-07-28 22:01:15.163 +02:00[INF] - HTTP GET /api/AppUser responded 200 in 4.4956 ms {"UserId":"1","RemoteIP":"::1","SourceContext":"Serilog.AspNetCore.RequestLoggingMiddleware","RequestId":"0HNNCS7GN6BK1:00000027","ConnectionId":"0HNNCS7GN6BK1","Application":"PetHealth.API","AppEnv":"Development"}
2026-07-28 22:01:15.163 +02:00[INF] - HTTP GET /api/Prescription responded 200 in 5.1565 ms {"UserId":"1","RemoteIP":"::1","SourceContext":"Serilog.AspNetCore.RequestLoggingMiddleware","RequestId":"0HNNCS7GN6BK5:00000002","ConnectionId":"0HNNCS7GN6BK5","Application":"PetHealth.API","AppEnv":"Development"}
2026-07-28 22:01:15.164 +02:00[INF] - HTTP GET /api/Pet responded 200 in 5.1048 ms {"UserId":"1","RemoteIP":"::1","SourceContext":"Serilog.AspNetCore.RequestLoggingMiddleware","RequestId":"0HNNCS7GN6BK4:00000016","ConnectionId":"0HNNCS7GN6BK4","Application":"PetHealth.API","AppEnv":"Development"}
2026-07-28 22:01:15.190 +02:00[INF] - HTTP GET /api/Appointment responded 200 in 29.9098 ms {"UserId":"1","RemoteIP":"::1","SourceContext":"Serilog.AspNetCore.RequestLoggingMiddleware","RequestId":"0HNNCS7GN6BK2:0000003B","ConnectionId":"0HNNCS7GN6BK2","Application":"PetHealth.API","AppEnv":"Development"}
2026-07-28 22:02:30.798 +02:00[INF] - HTTP GET /api/AppUser responded 200 in 16.2634 ms {"UserId":"1","RemoteIP":"::1","SourceContext":"Serilog.AspNetCore.RequestLoggingMiddleware","RequestId":"0HNNCS7GN6BK2:0000003D","ConnectionId":"0HNNCS7GN6BK2","Application":"PetHealth.API","AppEnv":"Development"}
2026-07-28 22:02:30.798 +02:00[INF] - HTTP GET /api/AppUserRole responded 200 in 16.2163 ms {"UserId":"1","RemoteIP":"::1","SourceContext":"Serilog.AspNetCore.RequestLoggingMiddleware","RequestId":"0HNNCS7GN6BK4:00000018","ConnectionId":"0HNNCS7GN6BK4","Application":"PetHealth.API","AppEnv":"Development"}
2026-07-28 22:02:32.347 +02:00[FTL] - Unhandled exception occurred {"SourceContext":"API_PetHealth.Middlewares.GlobalExceptionHandler","RequestId":"0HNNCS7GN6BK4:0000001A","RequestPath":"/api/AppUserRole","ConnectionId":"0HNNCS7GN6BK4","Application":"PetHealth.API","AppEnv":"Development"}
Microsoft.Data.SqlClient.SqlException (0x80131904): This AppUser must keep at least one Role.
   at Microsoft.Data.SqlClient.SqlConnection.OnError(SqlException exception, Boolean breakConnection, Action`1 wrapCloseInAction)
   at Microsoft.Data.SqlClient.Connection.SqlConnectionInternal.OnError(SqlException exception, Boolean breakConnection, Action`1 wrapCloseInAction)
   at Microsoft.Data.SqlClient.TdsParser.ThrowExceptionAndWarning(TdsParserStateObject stateObj, SqlCommand command, Boolean callerHasConnectionLock, Boolean asyncClose)
   at Microsoft.Data.SqlClient.TdsParser.TryRun(RunBehavior runBehavior, SqlCommand cmdHandler, SqlDataReader dataStream, BulkCopySimpleResultSet bulkCopyHandler, TdsParserStateObject stateObj, Boolean& dataReady)
   at Microsoft.Data.SqlClient.SqlCommand.FinishExecuteReader(SqlDataReader ds, RunBehavior runBehavior, String resetOptionsString, Boolean isInternal, Boolean forDescribeParameterEncryption, Boolean shouldCacheForAlwaysEncrypted)
   at Microsoft.Data.SqlClient.SqlCommand.CompleteAsyncExecuteReader(Boolean isInternal, Boolean forDescribeParameterEncryption)
   at Microsoft.Data.SqlClient.SqlCommand.InternalEndExecuteNonQuery(IAsyncResult asyncResult, Boolean isInternal, String endMethod)
   at Microsoft.Data.SqlClient.SqlCommand.EndExecuteNonQueryInternal(IAsyncResult asyncResult)
   at Microsoft.Data.SqlClient.SqlCommand.EndExecuteNonQueryAsync(IAsyncResult asyncResult)
   at Microsoft.Data.SqlClient.SqlCommand.<>c.<InternalExecuteNonQueryAsync>b__251_1(IAsyncResult asyncResult)
   at System.Threading.Tasks.TaskFactory`1.FromAsyncCoreLogic(IAsyncResult iar, Func`2 endFunction, Action`1 endAction, Task`1 promise, Boolean requiresSynchronization)
--- End of stack trace from previous location ---
   at Dapper.SqlMapper.ExecuteImplAsync(IDbConnection cnn, CommandDefinition command, Object param) in /_/Dapper/SqlMapper.Async.cs:line 663
   at PetHealth.Infrastructure.Services.AppUserRoleService.Execute(RemoveUserRoleCommandAsync command) in /Users/jordanmal/Documents/Projet Développement /PetHealthApplication/API/API_PetHealth/PetHealth.Infrastructure/Services/AppUserRoleService.cs:line 54
   at API_PetHealth.Controllers.AppUserRoleController.DeleteAppUserRole(AppUserRoleDto dto) in /Users/jordanmal/Documents/Projet Développement /PetHealthApplication/API/API_PetHealth/PetHealth.API/Controllers/AppUserRoleController.cs:line 57
   at lambda_method117(Closure, Object)
   at Microsoft.AspNetCore.Mvc.Infrastructure.ActionMethodExecutor.AwaitableObjectResultExecutor.Execute(ActionContext actionContext, IActionResultTypeMapper mapper, ObjectMethodExecutor executor, Object controller, Object[] arguments)
   at Microsoft.AspNetCore.Mvc.Infrastructure.ControllerActionInvoker.<InvokeActionMethodAsync>g__Logged|12_1(ControllerActionInvoker invoker)
   at Microsoft.AspNetCore.Mvc.Infrastructure.ControllerActionInvoker.<InvokeNextActionFilterAsync>g__Awaited|10_0(ControllerActionInvoker invoker, Task lastTask, State next, Scope scope, Object state, Boolean isCompleted)
   at Microsoft.AspNetCore.Mvc.Infrastructure.ControllerActionInvoker.Rethrow(ActionExecutedContextSealed context)
   at Microsoft.AspNetCore.Mvc.Infrastructure.ControllerActionInvoker.Next(State& next, Scope& scope, Object& state, Boolean& isCompleted)
   at Microsoft.AspNetCore.Mvc.Infrastructure.ControllerActionInvoker.<InvokeInnerFilterAsync>g__Awaited|13_0(ControllerActionInvoker invoker, Task lastTask, State next, Scope scope, Object state, Boolean isCompleted)
   at Microsoft.AspNetCore.Mvc.Infrastructure.ResourceInvoker.<InvokeFilterPipelineAsync>g__Awaited|20_0(ResourceInvoker invoker, Task lastTask, State next, Scope scope, Object state, Boolean isCompleted)
   at Microsoft.AspNetCore.Mvc.Infrastructure.ResourceInvoker.<InvokeAsync>g__Logged|17_1(ResourceInvoker invoker)
   at Microsoft.AspNetCore.Mvc.Infrastructure.ResourceInvoker.<InvokeAsync>g__Logged|17_1(ResourceInvoker invoker)
   at Microsoft.AspNetCore.Authorization.AuthorizationMiddleware.Invoke(HttpContext context)
   at Microsoft.AspNetCore.Authentication.AuthenticationMiddleware.Invoke(HttpContext context)
   at Microsoft.AspNetCore.Diagnostics.ExceptionHandlerMiddlewareImpl.<Invoke>g__Awaited|10_0(ExceptionHandlerMiddlewareImpl middleware, HttpContext context, Task task)
ClientConnectionId :60457928-ec39-42f6-9fbf-76cacb59b6c5
Error Number :50003,State :1,Class :16
2026-07-28 22:02:32.352 +02:00[ERR] - HTTP DELETE /api/AppUserRole responded 500 in 30.4543 ms {"UserId":"1","RemoteIP":"::1","SourceContext":"Serilog.AspNetCore.RequestLoggingMiddleware","RequestId":"0HNNCS7GN6BK4:0000001A","ConnectionId":"0HNNCS7GN6BK4","Application":"PetHealth.API","AppEnv":"Development"}
2026-07-28 22:02:44.552 +02:00[FTL] - Unhandled exception occurred {"SourceContext":"API_PetHealth.Middlewares.GlobalExceptionHandler","RequestId":"0HNNCS7GN6BK4:0000001C","RequestPath":"/api/AppUserRole","ConnectionId":"0HNNCS7GN6BK4","Application":"PetHealth.API","AppEnv":"Development"}
Microsoft.Data.SqlClient.SqlException (0x80131904): You cannot assign the Admin role.
   at Microsoft.Data.SqlClient.SqlConnection.OnError(SqlException exception, Boolean breakConnection, Action`1 wrapCloseInAction)
   at Microsoft.Data.SqlClient.Connection.SqlConnectionInternal.OnError(SqlException exception, Boolean breakConnection, Action`1 wrapCloseInAction)
   at Microsoft.Data.SqlClient.TdsParser.ThrowExceptionAndWarning(TdsParserStateObject stateObj, SqlCommand command, Boolean callerHasConnectionLock, Boolean asyncClose)
   at Microsoft.Data.SqlClient.TdsParser.TryRun(RunBehavior runBehavior, SqlCommand cmdHandler, SqlDataReader dataStream, BulkCopySimpleResultSet bulkCopyHandler, TdsParserStateObject stateObj, Boolean& dataReady)
   at Microsoft.Data.SqlClient.SqlCommand.FinishExecuteReader(SqlDataReader ds, RunBehavior runBehavior, String resetOptionsString, Boolean isInternal, Boolean forDescribeParameterEncryption, Boolean shouldCacheForAlwaysEncrypted)
   at Microsoft.Data.SqlClient.SqlCommand.CompleteAsyncExecuteReader(Boolean isInternal, Boolean forDescribeParameterEncryption)
   at Microsoft.Data.SqlClient.SqlCommand.InternalEndExecuteNonQuery(IAsyncResult asyncResult, Boolean isInternal, String endMethod)
   at Microsoft.Data.SqlClient.SqlCommand.EndExecuteNonQueryInternal(IAsyncResult asyncResult)
   at Microsoft.Data.SqlClient.SqlCommand.EndExecuteNonQueryAsync(IAsyncResult asyncResult)
   at Microsoft.Data.SqlClient.SqlCommand.<>c.<InternalExecuteNonQueryAsync>b__251_1(IAsyncResult asyncResult)
   at System.Threading.Tasks.TaskFactory`1.FromAsyncCoreLogic(IAsyncResult iar, Func`2 endFunction, Action`1 endAction, Task`1 promise, Boolean requiresSynchronization)
--- End of stack trace from previous location ---
   at Dapper.SqlMapper.ExecuteImplAsync(IDbConnection cnn, CommandDefinition command, Object param) in /_/Dapper/SqlMapper.Async.cs:line 663
   at PetHealth.Infrastructure.Services.AppUserRoleService.Execute(AssignUserRoleCommandAsync command) in /Users/jordanmal/Documents/Projet Développement /PetHealthApplication/API/API_PetHealth/PetHealth.Infrastructure/Services/AppUserRoleService.cs:line 43
   at API_PetHealth.Controllers.AppUserRoleController.AssignAppUserRole(AppUserRoleDto dto) in /Users/jordanmal/Documents/Projet Développement /PetHealthApplication/API/API_PetHealth/PetHealth.API/Controllers/AppUserRoleController.cs:line 44
   at lambda_method125(Closure, Object)
   at Microsoft.AspNetCore.Mvc.Infrastructure.ActionMethodExecutor.AwaitableObjectResultExecutor.Execute(ActionContext actionContext, IActionResultTypeMapper mapper, ObjectMethodExecutor executor, Object controller, Object[] arguments)
   at Microsoft.AspNetCore.Mvc.Infrastructure.ControllerActionInvoker.<InvokeActionMethodAsync>g__Logged|12_1(ControllerActionInvoker invoker)
   at Microsoft.AspNetCore.Mvc.Infrastructure.ControllerActionInvoker.<InvokeNextActionFilterAsync>g__Awaited|10_0(ControllerActionInvoker invoker, Task lastTask, State next, Scope scope, Object state, Boolean isCompleted)
   at Microsoft.AspNetCore.Mvc.Infrastructure.ControllerActionInvoker.Rethrow(ActionExecutedContextSealed context)
   at Microsoft.AspNetCore.Mvc.Infrastructure.ControllerActionInvoker.Next(State& next, Scope& scope, Object& state, Boolean& isCompleted)
   at Microsoft.AspNetCore.Mvc.Infrastructure.ControllerActionInvoker.<InvokeInnerFilterAsync>g__Awaited|13_0(ControllerActionInvoker invoker, Task lastTask, State next, Scope scope, Object state, Boolean isCompleted)
   at Microsoft.AspNetCore.Mvc.Infrastructure.ResourceInvoker.<InvokeFilterPipelineAsync>g__Awaited|20_0(ResourceInvoker invoker, Task lastTask, State next, Scope scope, Object state, Boolean isCompleted)
   at Microsoft.AspNetCore.Mvc.Infrastructure.ResourceInvoker.<InvokeAsync>g__Logged|17_1(ResourceInvoker invoker)
   at Microsoft.AspNetCore.Mvc.Infrastructure.ResourceInvoker.<InvokeAsync>g__Logged|17_1(ResourceInvoker invoker)
   at Microsoft.AspNetCore.Authorization.AuthorizationMiddleware.Invoke(HttpContext context)
   at Microsoft.AspNetCore.Authentication.AuthenticationMiddleware.Invoke(HttpContext context)
   at Microsoft.AspNetCore.Diagnostics.ExceptionHandlerMiddlewareImpl.<Invoke>g__Awaited|10_0(ExceptionHandlerMiddlewareImpl middleware, HttpContext context, Task task)
ClientConnectionId :60457928-ec39-42f6-9fbf-76cacb59b6c5
Error Number :50002,State :1,Class :16
2026-07-28 22:02:44.556 +02:00[ERR] - HTTP POST /api/AppUserRole responded 500 in 25.4616 ms {"UserId":"1","RemoteIP":"::1","SourceContext":"Serilog.AspNetCore.RequestLoggingMiddleware","RequestId":"0HNNCS7GN6BK4:0000001C","ConnectionId":"0HNNCS7GN6BK4","Application":"PetHealth.API","AppEnv":"Development"}
2026-07-28 22:03:00.095 +02:00[FTL] - Unhandled exception occurred {"SourceContext":"API_PetHealth.Middlewares.GlobalExceptionHandler","RequestId":"0HNNCS7GN6BK4:0000001E","RequestPath":"/api/AppUserRole","ConnectionId":"0HNNCS7GN6BK4","Application":"PetHealth.API","AppEnv":"Development"}
Microsoft.Data.SqlClient.SqlException (0x80131904): This AppUser must keep at least one Role.
   at Microsoft.Data.SqlClient.SqlConnection.OnError(SqlException exception, Boolean breakConnection, Action`1 wrapCloseInAction)
   at Microsoft.Data.SqlClient.Connection.SqlConnectionInternal.OnError(SqlException exception, Boolean breakConnection, Action`1 wrapCloseInAction)
   at Microsoft.Data.SqlClient.TdsParser.ThrowExceptionAndWarning(TdsParserStateObject stateObj, SqlCommand command, Boolean callerHasConnectionLock, Boolean asyncClose)
   at Microsoft.Data.SqlClient.TdsParser.TryRun(RunBehavior runBehavior, SqlCommand cmdHandler, SqlDataReader dataStream, BulkCopySimpleResultSet bulkCopyHandler, TdsParserStateObject stateObj, Boolean& dataReady)
   at Microsoft.Data.SqlClient.SqlCommand.FinishExecuteReader(SqlDataReader ds, RunBehavior runBehavior, String resetOptionsString, Boolean isInternal, Boolean forDescribeParameterEncryption, Boolean shouldCacheForAlwaysEncrypted)
   at Microsoft.Data.SqlClient.SqlCommand.CompleteAsyncExecuteReader(Boolean isInternal, Boolean forDescribeParameterEncryption)
   at Microsoft.Data.SqlClient.SqlCommand.InternalEndExecuteNonQuery(IAsyncResult asyncResult, Boolean isInternal, String endMethod)
   at Microsoft.Data.SqlClient.SqlCommand.EndExecuteNonQueryInternal(IAsyncResult asyncResult)
   at Microsoft.Data.SqlClient.SqlCommand.EndExecuteNonQueryAsync(IAsyncResult asyncResult)
   at Microsoft.Data.SqlClient.SqlCommand.<>c.<InternalExecuteNonQueryAsync>b__251_1(IAsyncResult asyncResult)
   at System.Threading.Tasks.TaskFactory`1.FromAsyncCoreLogic(IAsyncResult iar, Func`2 endFunction, Action`1 endAction, Task`1 promise, Boolean requiresSynchronization)
--- End of stack trace from previous location ---
   at Dapper.SqlMapper.ExecuteImplAsync(IDbConnection cnn, CommandDefinition command, Object param) in /_/Dapper/SqlMapper.Async.cs:line 663
   at PetHealth.Infrastructure.Services.AppUserRoleService.Execute(RemoveUserRoleCommandAsync command) in /Users/jordanmal/Documents/Projet Développement /PetHealthApplication/API/API_PetHealth/PetHealth.Infrastructure/Services/AppUserRoleService.cs:line 54
   at API_PetHealth.Controllers.AppUserRoleController.DeleteAppUserRole(AppUserRoleDto dto) in /Users/jordanmal/Documents/Projet Développement /PetHealthApplication/API/API_PetHealth/PetHealth.API/Controllers/AppUserRoleController.cs:line 57
   at lambda_method117(Closure, Object)
   at Microsoft.AspNetCore.Mvc.Infrastructure.ActionMethodExecutor.AwaitableObjectResultExecutor.Execute(ActionContext actionContext, IActionResultTypeMapper mapper, ObjectMethodExecutor executor, Object controller, Object[] arguments)
   at Microsoft.AspNetCore.Mvc.Infrastructure.ControllerActionInvoker.<InvokeActionMethodAsync>g__Logged|12_1(ControllerActionInvoker invoker)
   at Microsoft.AspNetCore.Mvc.Infrastructure.ControllerActionInvoker.<InvokeNextActionFilterAsync>g__Awaited|10_0(ControllerActionInvoker invoker, Task lastTask, State next, Scope scope, Object state, Boolean isCompleted)
   at Microsoft.AspNetCore.Mvc.Infrastructure.ControllerActionInvoker.Rethrow(ActionExecutedContextSealed context)
   at Microsoft.AspNetCore.Mvc.Infrastructure.ControllerActionInvoker.Next(State& next, Scope& scope, Object& state, Boolean& isCompleted)
   at Microsoft.AspNetCore.Mvc.Infrastructure.ControllerActionInvoker.<InvokeInnerFilterAsync>g__Awaited|13_0(ControllerActionInvoker invoker, Task lastTask, State next, Scope scope, Object state, Boolean isCompleted)
   at Microsoft.AspNetCore.Mvc.Infrastructure.ResourceInvoker.<InvokeFilterPipelineAsync>g__Awaited|20_0(ResourceInvoker invoker, Task lastTask, State next, Scope scope, Object state, Boolean isCompleted)
   at Microsoft.AspNetCore.Mvc.Infrastructure.ResourceInvoker.<InvokeAsync>g__Logged|17_1(ResourceInvoker invoker)
   at Microsoft.AspNetCore.Mvc.Infrastructure.ResourceInvoker.<InvokeAsync>g__Logged|17_1(ResourceInvoker invoker)
   at Microsoft.AspNetCore.Authorization.AuthorizationMiddleware.Invoke(HttpContext context)
   at Microsoft.AspNetCore.Authentication.AuthenticationMiddleware.Invoke(HttpContext context)
   at Microsoft.AspNetCore.Diagnostics.ExceptionHandlerMiddlewareImpl.<Invoke>g__Awaited|10_0(ExceptionHandlerMiddlewareImpl middleware, HttpContext context, Task task)
ClientConnectionId :9cbbf222-de3b-4229-91ff-4b18c48efec1
Error Number :50003,State :1,Class :16
2026-07-28 22:03:00.098 +02:00[ERR] - HTTP DELETE /api/AppUserRole responded 500 in 10.1641 ms {"UserId":"1","RemoteIP":"::1","SourceContext":"Serilog.AspNetCore.RequestLoggingMiddleware","RequestId":"0HNNCS7GN6BK4:0000001E","ConnectionId":"0HNNCS7GN6BK4","Application":"PetHealth.API","AppEnv":"Development"}
2026-07-28 22:03:45.507 +02:00[INF] - HTTP GET /api/Medicine responded 200 in 16.5156 ms {"UserId":"1","RemoteIP":"::1","SourceContext":"Serilog.AspNetCore.RequestLoggingMiddleware","RequestId":"0HNNCS7GN6BK4:00000020","ConnectionId":"0HNNCS7GN6BK4","Application":"PetHealth.API","AppEnv":"Development"}
2026-07-28 22:03:45.507 +02:00[INF] - HTTP GET /api/Prescription responded 200 in 16.5156 ms {"UserId":"1","RemoteIP":"::1","SourceContext":"Serilog.AspNetCore.RequestLoggingMiddleware","RequestId":"0HNNCS7GN6BK2:0000003F","ConnectionId":"0HNNCS7GN6BK2","Application":"PetHealth.API","AppEnv":"Development"}
2026-07-28 22:03:46.083 +02:00[INF] - HTTP GET /api/Prescription responded 200 in 3.5402 ms {"UserId":"1","RemoteIP":"::1","SourceContext":"Serilog.AspNetCore.RequestLoggingMiddleware","RequestId":"0HNNCS7GN6BK7:00000001","ConnectionId":"0HNNCS7GN6BK7","Application":"PetHealth.API","AppEnv":"Development"}
2026-07-28 22:03:46.082 +02:00[INF] - HTTP GET /api/AppUser responded 200 in 3.2450 ms {"UserId":"1","RemoteIP":"::1","SourceContext":"Serilog.AspNetCore.RequestLoggingMiddleware","RequestId":"0HNNCS7GN6BK2:00000042","ConnectionId":"0HNNCS7GN6BK2","Application":"PetHealth.API","AppEnv":"Development"}
2026-07-28 22:03:46.092 +02:00[INF] - HTTP GET /api/Pet responded 200 in 12.9021 ms {"UserId":"1","RemoteIP":"::1","SourceContext":"Serilog.AspNetCore.RequestLoggingMiddleware","RequestId":"0HNNCS7GN6BK8:00000001","ConnectionId":"0HNNCS7GN6BK8","Application":"PetHealth.API","AppEnv":"Development"}
2026-07-28 22:03:46.095 +02:00[INF] - HTTP GET /api/Appointment responded 200 in 16.0070 ms {"UserId":"1","RemoteIP":"::1","SourceContext":"Serilog.AspNetCore.RequestLoggingMiddleware","RequestId":"0HNNCS7GN6BK4:00000022","ConnectionId":"0HNNCS7GN6BK4","Application":"PetHealth.API","AppEnv":"Development"}
2026-07-28 22:03:46.779 +02:00[INF] - HTTP GET /api/Pet/my-pets responded 404 in 8.8612 ms {"UserId":"1","RemoteIP":"::1","SourceContext":"Serilog.AspNetCore.RequestLoggingMiddleware","RequestId":"0HNNCS7GN6BK4:00000024","ConnectionId":"0HNNCS7GN6BK4","Application":"PetHealth.API","AppEnv":"Development"}
2026-07-28 22:03:48.870 +02:00[INF] - HTTP GET /api/AppUser/me responded 200 in 6.6323 ms {"UserId":"1","RemoteIP":"::1","SourceContext":"Serilog.AspNetCore.RequestLoggingMiddleware","RequestId":"0HNNCS7GN6BK4:00000026","ConnectionId":"0HNNCS7GN6BK4","Application":"PetHealth.API","AppEnv":"Development"}
2026-07-28 22:03:51.599 +02:00[INF] - HTTP GET /api/Pet/my-pets responded 404 in 2.7508 ms {"UserId":"1","RemoteIP":"::1","SourceContext":"Serilog.AspNetCore.RequestLoggingMiddleware","RequestId":"0HNNCS7GN6BK4:00000027","ConnectionId":"0HNNCS7GN6BK4","Application":"PetHealth.API","AppEnv":"Development"}
