2026-07-24 10:28:09.350 +02:00[INF] - HTTP POST /Login responded 200 in 40.4787 ms {"UserId":"Anonymous","RemoteIP":"::1","SourceContext":"Serilog.AspNetCore.RequestLoggingMiddleware","RequestId":"0HNN8VC55L1CO:00000002","ConnectionId":"0HNN8VC55L1CO","Application":"PetHealth.API","AppEnv":"Development"}
2026-07-24 10:52:14.760 +02:00[INF] - HTTP POST /Login responded 200 in 48.3616 ms {"UserId":"Anonymous","RemoteIP":"::1","SourceContext":"Serilog.AspNetCore.RequestLoggingMiddleware","RequestId":"0HNN8VC55L1CR:00000002","ConnectionId":"0HNN8VC55L1CR","Application":"PetHealth.API","AppEnv":"Development"}
2026-07-24 10:52:16.280 +02:00[INF] - HTTP GET /api/Pet/my-pets responded 200 in 4.3543 ms {"UserId":"7","RemoteIP":"::1","SourceContext":"Serilog.AspNetCore.RequestLoggingMiddleware","RequestId":"0HNN8VC55L1CR:00000004","ConnectionId":"0HNN8VC55L1CR","Application":"PetHealth.API","AppEnv":"Development"}
2026-07-24 10:52:43.094 +02:00[INF] - HTTP GET /api/AppUser/me responded 200 in 3.2674 ms {"UserId":"7","RemoteIP":"::1","SourceContext":"Serilog.AspNetCore.RequestLoggingMiddleware","RequestId":"0HNN8VC55L1CR:00000006","ConnectionId":"0HNN8VC55L1CR","Application":"PetHealth.API","AppEnv":"Development"}
2026-07-24 10:52:43.950 +02:00[INF] - HTTP GET /api/Pet/my-pets responded 200 in 4.1600 ms {"UserId":"7","RemoteIP":"::1","SourceContext":"Serilog.AspNetCore.RequestLoggingMiddleware","RequestId":"0HNN8VC55L1CS:00000002","ConnectionId":"0HNN8VC55L1CS","Application":"PetHealth.API","AppEnv":"Development"}
2026-07-24 10:52:46.053 +02:00[INF] - HTTP GET /api/AppUser/me responded 200 in 2.8634 ms {"UserId":"7","RemoteIP":"::1","SourceContext":"Serilog.AspNetCore.RequestLoggingMiddleware","RequestId":"0HNN8VC55L1CS:00000003","ConnectionId":"0HNN8VC55L1CS","Application":"PetHealth.API","AppEnv":"Development"}
2026-07-24 10:52:46.731 +02:00[INF] - HTTP GET /api/Pet/my-pets responded 200 in 3.2293 ms {"UserId":"7","RemoteIP":"::1","SourceContext":"Serilog.AspNetCore.RequestLoggingMiddleware","RequestId":"0HNN8VC55L1CS:00000004","ConnectionId":"0HNN8VC55L1CS","Application":"PetHealth.API","AppEnv":"Development"}
2026-07-24 10:53:55.101 +02:00[INF] - HTTP GET /api/AppUser/me responded 200 in 3.2717 ms {"UserId":"7","RemoteIP":"::1","SourceContext":"Serilog.AspNetCore.RequestLoggingMiddleware","RequestId":"0HNN8VC55L1CS:00000006","ConnectionId":"0HNN8VC55L1CS","Application":"PetHealth.API","AppEnv":"Development"}
2026-07-24 10:53:55.905 +02:00[INF] - HTTP GET /api/Pet/my-pets responded 200 in 9.0215 ms {"UserId":"7","RemoteIP":"::1","SourceContext":"Serilog.AspNetCore.RequestLoggingMiddleware","RequestId":"0HNN8VC55L1CS:00000008","ConnectionId":"0HNN8VC55L1CS","Application":"PetHealth.API","AppEnv":"Development"}
2026-07-24 10:57:30.163 +02:00[INF] - HTTP GET /api/Pet/my-pets responded 200 in 38.0169 ms {"UserId":"7","RemoteIP":"::1","SourceContext":"Serilog.AspNetCore.RequestLoggingMiddleware","RequestId":"0HNN8VC55L1CT:00000002","ConnectionId":"0HNN8VC55L1CT","Application":"PetHealth.API","AppEnv":"Development"}
2026-07-24 10:57:35.394 +02:00[INF] - HTTP GET /api/Pet/my-pets responded 200 in 2.6245 ms {"UserId":"7","RemoteIP":"::1","SourceContext":"Serilog.AspNetCore.RequestLoggingMiddleware","RequestId":"0HNN8VC55L1CT:00000004","ConnectionId":"0HNN8VC55L1CT","Application":"PetHealth.API","AppEnv":"Development"}
2026-07-24 11:39:18.992 +02:00[INF] - HTTP POST /Login responded 200 in 48.5032 ms {"UserId":"Anonymous","RemoteIP":"::1","SourceContext":"Serilog.AspNetCore.RequestLoggingMiddleware","RequestId":"0HNN8VC55L1D0:00000010","ConnectionId":"0HNN8VC55L1D0","Application":"PetHealth.API","AppEnv":"Development"}
2026-07-24 11:39:24.558 +02:00[INF] - HTTP GET /api/Pet/my-pets responded 200 in 4.2557 ms {"UserId":"7","RemoteIP":"::1","SourceContext":"Serilog.AspNetCore.RequestLoggingMiddleware","RequestId":"0HNN8VC55L1D0:00000012","ConnectionId":"0HNN8VC55L1D0","Application":"PetHealth.API","AppEnv":"Development"}
2026-07-24 11:39:25.998 +02:00[INF] - HTTP GET /api/Pet/1 responded 200 in 38.1015 ms {"UserId":"7","RemoteIP":"::1","SourceContext":"Serilog.AspNetCore.RequestLoggingMiddleware","RequestId":"0HNN8VC55L1D0:00000014","ConnectionId":"0HNN8VC55L1D0","Application":"PetHealth.API","AppEnv":"Development"}
2026-07-24 11:39:27.445 +02:00[INF] - HTTP GET /api/Pet/1 responded 200 in 3.4478 ms {"UserId":"7","RemoteIP":"::1","SourceContext":"Serilog.AspNetCore.RequestLoggingMiddleware","RequestId":"0HNN8VC55L1D0:00000015","ConnectionId":"0HNN8VC55L1D0","Application":"PetHealth.API","AppEnv":"Development"}
2026-07-24 11:39:27.489 +02:00[FTL] - Unhandled exception occurred {"SourceContext":"API_PetHealth.Middlewares.GlobalExceptionHandler","RequestId":"0HNN8VC55L1D3:00000002","RequestPath":"/api/WeightRecord/1","ConnectionId":"0HNN8VC55L1D3","Application":"PetHealth.API","AppEnv":"Development"}
System.Data.DataException: Error parsing column 2 (MeasurementDate=18/05/2026 09:13:04 +02:00 - DateTimeOffset)
 ---> System.InvalidCastException: Unable to cast object of type 'System.DateTimeOffset' to type 'System.IConvertible'.
   at System.Convert.ToDateTime(Object value)
   at PetHealth.Infrastructure.TypeHandlers.DateOnlyTypeHandler.Parse(Object value) in /Users/jordanmal/Documents/Projet Développement /PetHealthApplication/API/API_PetHealth/PetHealth.Infrastructure/TypeHandlers/DateOnlyTypeHandler.cs:line 16
   at Dapper.SqlMapper.TypeHandler`1.Dapper.SqlMapper.ITypeHandler.Parse(Type destinationType, Object value) in /_/Dapper/SqlMapper.TypeHandler.cs:line 42
   at Dapper.SqlMapper.TypeHandlerCache`1.Parse(Object value) in /_/Dapper/SqlMapper.TypeHandlerCache.cs:line 23
   at Deserializec8497d4b-d6f2-4cc9-b323-1d65f5a5548b(DbDataReader)
   --- End of inner exception stack trace ---
   at Dapper.SqlMapper.ThrowDataException(Exception ex, Int32 index, IDataReader reader, Object value) in /_/Dapper/SqlMapper.cs:line 4001
   at Deserializec8497d4b-d6f2-4cc9-b323-1d65f5a5548b(DbDataReader)
   at Dapper.SqlMapper.QueryAsync[T](IDbConnection cnn, Type effectiveType, CommandDefinition command) in /_/Dapper/SqlMapper.Async.cs:line 454
   at PetHealth.Infrastructure.Services.WeightRecordService.Execute(GetWeightRecordByPetIdQueryAsync query) in /Users/jordanmal/Documents/Projet Développement /PetHealthApplication/API/API_PetHealth/PetHealth.Infrastructure/Services/WeightRecordService.cs:line 30
   at API_PetHealth.Controllers.WeightRecordController.GetWeightRecordByPetId(Int32 petId) in /Users/jordanmal/Documents/Projet Développement /PetHealthApplication/API/API_PetHealth/PetHealth.API/Controllers/WeightRecordController.cs:line 29
   at lambda_method38(Closure, Object)
   at Microsoft.AspNetCore.Mvc.Infrastructure.ActionMethodExecutor.AwaitableObjectResultExecutor.Execute(ActionContext actionContext, IActionResultTypeMapper mapper, ObjectMethodExecutor executor, Object controller, Object[] arguments)
   at Microsoft.AspNetCore.Mvc.Infrastructure.ControllerActionInvoker.<InvokeActionMethodAsync>g__Logged|12_1(ControllerActionInvoker invoker)
   at Microsoft.AspNetCore.Mvc.Infrastructure.ControllerActionInvoker.<InvokeNextActionFilterAsync>g__Awaited|10_0(ControllerActionInvoker invoker, Task lastTask, State next, Scope scope, Object state, Boolean isCompleted)
   at Microsoft.AspNetCore.Mvc.Infrastructure.ControllerActionInvoker.Rethrow(ActionExecutedContextSealed context)
   at Microsoft.AspNetCore.Mvc.Infrastructure.ControllerActionInvoker.Next(State& next, Scope& scope, Object& state, Boolean& isCompleted)
   at Microsoft.AspNetCore.Mvc.Infrastructure.ControllerActionInvoker.<InvokeInnerFilterAsync>g__Awaited|13_0(ControllerActionInvoker invoker, Task lastTask, State next, Scope scope, Object state, Boolean isCompleted)
   at Microsoft.AspNetCore.Mvc.Infrastructure.ResourceInvoker.<InvokeFilterPipelineAsync>g__Awaited|20_0(ResourceInvoker invoker, Task lastTask, State next, Scope scope, Object state, Boolean isCompleted)
   at Microsoft.AspNetCore.Mvc.Infrastructure.ResourceInvoker.<InvokeAsync>g__Logged|17_1(ResourceInvoker invoker)
   at Microsoft.AspNetCore.Mvc.Infrastructure.ResourceInvoker.<InvokeAsync>g__Logged|17_1(ResourceInvoker invoker)
   at Microsoft.AspNetCore.Authorization.AuthorizationMiddleware.Invoke(HttpContext context)
   at Microsoft.AspNetCore.Authentication.AuthenticationMiddleware.Invoke(HttpContext context)
   at Microsoft.AspNetCore.Diagnostics.ExceptionHandlerMiddlewareImpl.<Invoke>g__Awaited|10_0(ExceptionHandlerMiddlewareImpl middleware, HttpContext context, Task task)
2026-07-24 11:39:27.524 +02:00[ERR] - HTTP GET /api/WeightRecord/1 responded 500 in 81.8281 ms {"UserId":"7","RemoteIP":"::1","SourceContext":"Serilog.AspNetCore.RequestLoggingMiddleware","RequestId":"0HNN8VC55L1D3:00000002","ConnectionId":"0HNN8VC55L1D3","Application":"PetHealth.API","AppEnv":"Development"}
2026-07-24 11:40:19.691 +02:00[INF] - HTTP GET /api/AppUser/me responded 200 in 6.6110 ms {"UserId":"7","RemoteIP":"::1","SourceContext":"Serilog.AspNetCore.RequestLoggingMiddleware","RequestId":"0HNN8VC55L1D3:00000004","ConnectionId":"0HNN8VC55L1D3","Application":"PetHealth.API","AppEnv":"Development"}
2026-07-24 11:40:20.234 +02:00[INF] - HTTP GET /api/Pet/my-pets responded 200 in 5.6609 ms {"UserId":"7","RemoteIP":"::1","SourceContext":"Serilog.AspNetCore.RequestLoggingMiddleware","RequestId":"0HNN8VC55L1D3:00000006","ConnectionId":"0HNN8VC55L1D3","Application":"PetHealth.API","AppEnv":"Development"}
2026-07-24 11:40:21.011 +02:00[INF] - HTTP GET /api/Pet/1 responded 200 in 3.7148 ms {"UserId":"7","RemoteIP":"::1","SourceContext":"Serilog.AspNetCore.RequestLoggingMiddleware","RequestId":"0HNN8VC55L1D3:00000008","ConnectionId":"0HNN8VC55L1D3","Application":"PetHealth.API","AppEnv":"Development"}
2026-07-24 11:40:22.100 +02:00[INF] - HTTP GET /api/Pet/1 responded 200 in 5.0490 ms {"UserId":"7","RemoteIP":"::1","SourceContext":"Serilog.AspNetCore.RequestLoggingMiddleware","RequestId":"0HNN8VC55L1D3:00000009","ConnectionId":"0HNN8VC55L1D3","Application":"PetHealth.API","AppEnv":"Development"}
2026-07-24 11:40:22.127 +02:00[FTL] - Unhandled exception occurred {"SourceContext":"API_PetHealth.Middlewares.GlobalExceptionHandler","RequestId":"0HNN8VC55L1D0:00000017","RequestPath":"/api/WeightRecord/1","ConnectionId":"0HNN8VC55L1D0","Application":"PetHealth.API","AppEnv":"Development"}
System.Data.DataException: Error parsing column 2 (MeasurementDate=18/05/2026 09:13:04 +02:00 - DateTimeOffset)
 ---> System.InvalidCastException: Unable to cast object of type 'System.DateTimeOffset' to type 'System.IConvertible'.
   at System.Convert.ToDateTime(Object value)
   at PetHealth.Infrastructure.TypeHandlers.DateOnlyTypeHandler.Parse(Object value) in /Users/jordanmal/Documents/Projet Développement /PetHealthApplication/API/API_PetHealth/PetHealth.Infrastructure/TypeHandlers/DateOnlyTypeHandler.cs:line 16
   at Dapper.SqlMapper.TypeHandler`1.Dapper.SqlMapper.ITypeHandler.Parse(Type destinationType, Object value) in /_/Dapper/SqlMapper.TypeHandler.cs:line 42
   at Dapper.SqlMapper.TypeHandlerCache`1.Parse(Object value) in /_/Dapper/SqlMapper.TypeHandlerCache.cs:line 23
   at Deserializec8497d4b-d6f2-4cc9-b323-1d65f5a5548b(DbDataReader)
   --- End of inner exception stack trace ---
   at Dapper.SqlMapper.ThrowDataException(Exception ex, Int32 index, IDataReader reader, Object value) in /_/Dapper/SqlMapper.cs:line 4001
   at Deserializec8497d4b-d6f2-4cc9-b323-1d65f5a5548b(DbDataReader)
   at Dapper.SqlMapper.QueryAsync[T](IDbConnection cnn, Type effectiveType, CommandDefinition command) in /_/Dapper/SqlMapper.Async.cs:line 454
   at PetHealth.Infrastructure.Services.WeightRecordService.Execute(GetWeightRecordByPetIdQueryAsync query) in /Users/jordanmal/Documents/Projet Développement /PetHealthApplication/API/API_PetHealth/PetHealth.Infrastructure/Services/WeightRecordService.cs:line 30
   at API_PetHealth.Controllers.WeightRecordController.GetWeightRecordByPetId(Int32 petId) in /Users/jordanmal/Documents/Projet Développement /PetHealthApplication/API/API_PetHealth/PetHealth.API/Controllers/WeightRecordController.cs:line 29
   at lambda_method38(Closure, Object)
   at Microsoft.AspNetCore.Mvc.Infrastructure.ActionMethodExecutor.AwaitableObjectResultExecutor.Execute(ActionContext actionContext, IActionResultTypeMapper mapper, ObjectMethodExecutor executor, Object controller, Object[] arguments)
   at Microsoft.AspNetCore.Mvc.Infrastructure.ControllerActionInvoker.<InvokeActionMethodAsync>g__Logged|12_1(ControllerActionInvoker invoker)
   at Microsoft.AspNetCore.Mvc.Infrastructure.ControllerActionInvoker.<InvokeNextActionFilterAsync>g__Awaited|10_0(ControllerActionInvoker invoker, Task lastTask, State next, Scope scope, Object state, Boolean isCompleted)
   at Microsoft.AspNetCore.Mvc.Infrastructure.ControllerActionInvoker.Rethrow(ActionExecutedContextSealed context)
   at Microsoft.AspNetCore.Mvc.Infrastructure.ControllerActionInvoker.Next(State& next, Scope& scope, Object& state, Boolean& isCompleted)
   at Microsoft.AspNetCore.Mvc.Infrastructure.ControllerActionInvoker.<InvokeInnerFilterAsync>g__Awaited|13_0(ControllerActionInvoker invoker, Task lastTask, State next, Scope scope, Object state, Boolean isCompleted)
   at Microsoft.AspNetCore.Mvc.Infrastructure.ResourceInvoker.<InvokeFilterPipelineAsync>g__Awaited|20_0(ResourceInvoker invoker, Task lastTask, State next, Scope scope, Object state, Boolean isCompleted)
   at Microsoft.AspNetCore.Mvc.Infrastructure.ResourceInvoker.<InvokeAsync>g__Logged|17_1(ResourceInvoker invoker)
   at Microsoft.AspNetCore.Mvc.Infrastructure.ResourceInvoker.<InvokeAsync>g__Logged|17_1(ResourceInvoker invoker)
   at Microsoft.AspNetCore.Authorization.AuthorizationMiddleware.Invoke(HttpContext context)
   at Microsoft.AspNetCore.Authentication.AuthenticationMiddleware.Invoke(HttpContext context)
   at Microsoft.AspNetCore.Diagnostics.ExceptionHandlerMiddlewareImpl.<Invoke>g__Awaited|10_0(ExceptionHandlerMiddlewareImpl middleware, HttpContext context, Task task)
2026-07-24 11:40:22.130 +02:00[ERR] - HTTP GET /api/WeightRecord/1 responded 500 in 33.6780 ms {"UserId":"7","RemoteIP":"::1","SourceContext":"Serilog.AspNetCore.RequestLoggingMiddleware","RequestId":"0HNN8VC55L1D0:00000017","ConnectionId":"0HNN8VC55L1D0","Application":"PetHealth.API","AppEnv":"Development"}
2026-07-24 11:40:54.101 +02:00[INF] - HTTP GET /api/Pet/my-pets responded 200 in 4.4824 ms {"UserId":"7","RemoteIP":"::1","SourceContext":"Serilog.AspNetCore.RequestLoggingMiddleware","RequestId":"0HNN8VC55L1D0:00000019","ConnectionId":"0HNN8VC55L1D0","Application":"PetHealth.API","AppEnv":"Development"}
2026-07-24 11:40:54.966 +02:00[INF] - HTTP GET /api/Pet/2 responded 200 in 5.2020 ms {"UserId":"7","RemoteIP":"::1","SourceContext":"Serilog.AspNetCore.RequestLoggingMiddleware","RequestId":"0HNN8VC55L1D0:0000001B","ConnectionId":"0HNN8VC55L1D0","Application":"PetHealth.API","AppEnv":"Development"}
2026-07-24 11:40:55.833 +02:00[INF] - HTTP GET /api/Pet/2 responded 200 in 4.7793 ms {"UserId":"7","RemoteIP":"::1","SourceContext":"Serilog.AspNetCore.RequestLoggingMiddleware","RequestId":"0HNN8VC55L1D0:0000001C","ConnectionId":"0HNN8VC55L1D0","Application":"PetHealth.API","AppEnv":"Development"}
2026-07-24 11:40:55.835 +02:00[FTL] - Unhandled exception occurred {"SourceContext":"API_PetHealth.Middlewares.GlobalExceptionHandler","RequestId":"0HNN8VC55L1D3:0000000B","RequestPath":"/api/WeightRecord/2","ConnectionId":"0HNN8VC55L1D3","Application":"PetHealth.API","AppEnv":"Development"}
System.Data.DataException: Error parsing column 2 (MeasurementDate=18/05/2026 09:13:04 +02:00 - DateTimeOffset)
 ---> System.InvalidCastException: Unable to cast object of type 'System.DateTimeOffset' to type 'System.IConvertible'.
   at System.Convert.ToDateTime(Object value)
   at PetHealth.Infrastructure.TypeHandlers.DateOnlyTypeHandler.Parse(Object value) in /Users/jordanmal/Documents/Projet Développement /PetHealthApplication/API/API_PetHealth/PetHealth.Infrastructure/TypeHandlers/DateOnlyTypeHandler.cs:line 16
   at Dapper.SqlMapper.TypeHandler`1.Dapper.SqlMapper.ITypeHandler.Parse(Type destinationType, Object value) in /_/Dapper/SqlMapper.TypeHandler.cs:line 42
   at Dapper.SqlMapper.TypeHandlerCache`1.Parse(Object value) in /_/Dapper/SqlMapper.TypeHandlerCache.cs:line 23
   at Deserializec8497d4b-d6f2-4cc9-b323-1d65f5a5548b(DbDataReader)
   --- End of inner exception stack trace ---
   at Dapper.SqlMapper.ThrowDataException(Exception ex, Int32 index, IDataReader reader, Object value) in /_/Dapper/SqlMapper.cs:line 4001
   at Deserializec8497d4b-d6f2-4cc9-b323-1d65f5a5548b(DbDataReader)
   at Dapper.SqlMapper.QueryAsync[T](IDbConnection cnn, Type effectiveType, CommandDefinition command) in /_/Dapper/SqlMapper.Async.cs:line 454
   at PetHealth.Infrastructure.Services.WeightRecordService.Execute(GetWeightRecordByPetIdQueryAsync query) in /Users/jordanmal/Documents/Projet Développement /PetHealthApplication/API/API_PetHealth/PetHealth.Infrastructure/Services/WeightRecordService.cs:line 30
   at API_PetHealth.Controllers.WeightRecordController.GetWeightRecordByPetId(Int32 petId) in /Users/jordanmal/Documents/Projet Développement /PetHealthApplication/API/API_PetHealth/PetHealth.API/Controllers/WeightRecordController.cs:line 29
   at lambda_method38(Closure, Object)
   at Microsoft.AspNetCore.Mvc.Infrastructure.ActionMethodExecutor.AwaitableObjectResultExecutor.Execute(ActionContext actionContext, IActionResultTypeMapper mapper, ObjectMethodExecutor executor, Object controller, Object[] arguments)
   at Microsoft.AspNetCore.Mvc.Infrastructure.ControllerActionInvoker.<InvokeActionMethodAsync>g__Logged|12_1(ControllerActionInvoker invoker)
   at Microsoft.AspNetCore.Mvc.Infrastructure.ControllerActionInvoker.<InvokeNextActionFilterAsync>g__Awaited|10_0(ControllerActionInvoker invoker, Task lastTask, State next, Scope scope, Object state, Boolean isCompleted)
   at Microsoft.AspNetCore.Mvc.Infrastructure.ControllerActionInvoker.Rethrow(ActionExecutedContextSealed context)
   at Microsoft.AspNetCore.Mvc.Infrastructure.ControllerActionInvoker.Next(State& next, Scope& scope, Object& state, Boolean& isCompleted)
   at Microsoft.AspNetCore.Mvc.Infrastructure.ControllerActionInvoker.<InvokeInnerFilterAsync>g__Awaited|13_0(ControllerActionInvoker invoker, Task lastTask, State next, Scope scope, Object state, Boolean isCompleted)
   at Microsoft.AspNetCore.Mvc.Infrastructure.ResourceInvoker.<InvokeFilterPipelineAsync>g__Awaited|20_0(ResourceInvoker invoker, Task lastTask, State next, Scope scope, Object state, Boolean isCompleted)
   at Microsoft.AspNetCore.Mvc.Infrastructure.ResourceInvoker.<InvokeAsync>g__Logged|17_1(ResourceInvoker invoker)
   at Microsoft.AspNetCore.Mvc.Infrastructure.ResourceInvoker.<InvokeAsync>g__Logged|17_1(ResourceInvoker invoker)
   at Microsoft.AspNetCore.Authorization.AuthorizationMiddleware.Invoke(HttpContext context)
   at Microsoft.AspNetCore.Authentication.AuthenticationMiddleware.Invoke(HttpContext context)
   at Microsoft.AspNetCore.Diagnostics.ExceptionHandlerMiddlewareImpl.<Invoke>g__Awaited|10_0(ExceptionHandlerMiddlewareImpl middleware, HttpContext context, Task task)
2026-07-24 11:40:55.838 +02:00[ERR] - HTTP GET /api/WeightRecord/2 responded 500 in 8.5308 ms {"UserId":"7","RemoteIP":"::1","SourceContext":"Serilog.AspNetCore.RequestLoggingMiddleware","RequestId":"0HNN8VC55L1D3:0000000B","ConnectionId":"0HNN8VC55L1D3","Application":"PetHealth.API","AppEnv":"Development"}
2026-07-24 11:40:57.862 +02:00[INF] - HTTP GET /api/Pet/my-pets responded 200 in 2.8769 ms {"UserId":"7","RemoteIP":"::1","SourceContext":"Serilog.AspNetCore.RequestLoggingMiddleware","RequestId":"0HNN8VC55L1D3:0000000C","ConnectionId":"0HNN8VC55L1D3","Application":"PetHealth.API","AppEnv":"Development"}
2026-07-24 11:40:58.801 +02:00[INF] - HTTP GET /api/Pet/1 responded 200 in 4.3657 ms {"UserId":"7","RemoteIP":"::1","SourceContext":"Serilog.AspNetCore.RequestLoggingMiddleware","RequestId":"0HNN8VC55L1D3:0000000E","ConnectionId":"0HNN8VC55L1D3","Application":"PetHealth.API","AppEnv":"Development"}
2026-07-24 11:45:07.841 +02:00[INF] - HTTP GET /api/Pet/1 responded 200 in 15.0717 ms {"UserId":"7","RemoteIP":"::1","SourceContext":"Serilog.AspNetCore.RequestLoggingMiddleware","RequestId":"0HNN8VC55L1D4:00000002","ConnectionId":"0HNN8VC55L1D4","Application":"PetHealth.API","AppEnv":"Development"}
2026-07-24 11:45:07.841 +02:00[FTL] - Unhandled exception occurred {"SourceContext":"API_PetHealth.Middlewares.GlobalExceptionHandler","RequestId":"0HNN8VC55L1D5:00000002","RequestPath":"/api/WeightRecord/1","ConnectionId":"0HNN8VC55L1D5","Application":"PetHealth.API","AppEnv":"Development"}
System.Data.DataException: Error parsing column 2 (MeasurementDate=18/05/2026 09:13:04 +02:00 - DateTimeOffset)
 ---> System.InvalidCastException: Unable to cast object of type 'System.DateTimeOffset' to type 'System.IConvertible'.
   at System.Convert.ToDateTime(Object value)
   at PetHealth.Infrastructure.TypeHandlers.DateOnlyTypeHandler.Parse(Object value) in /Users/jordanmal/Documents/Projet Développement /PetHealthApplication/API/API_PetHealth/PetHealth.Infrastructure/TypeHandlers/DateOnlyTypeHandler.cs:line 16
   at Dapper.SqlMapper.TypeHandler`1.Dapper.SqlMapper.ITypeHandler.Parse(Type destinationType, Object value) in /_/Dapper/SqlMapper.TypeHandler.cs:line 42
   at Dapper.SqlMapper.TypeHandlerCache`1.Parse(Object value) in /_/Dapper/SqlMapper.TypeHandlerCache.cs:line 23
   at Deserializec8497d4b-d6f2-4cc9-b323-1d65f5a5548b(DbDataReader)
   --- End of inner exception stack trace ---
   at Dapper.SqlMapper.ThrowDataException(Exception ex, Int32 index, IDataReader reader, Object value) in /_/Dapper/SqlMapper.cs:line 4001
   at Deserializec8497d4b-d6f2-4cc9-b323-1d65f5a5548b(DbDataReader)
   at Dapper.SqlMapper.QueryAsync[T](IDbConnection cnn, Type effectiveType, CommandDefinition command) in /_/Dapper/SqlMapper.Async.cs:line 454
   at PetHealth.Infrastructure.Services.WeightRecordService.Execute(GetWeightRecordByPetIdQueryAsync query) in /Users/jordanmal/Documents/Projet Développement /PetHealthApplication/API/API_PetHealth/PetHealth.Infrastructure/Services/WeightRecordService.cs:line 30
   at API_PetHealth.Controllers.WeightRecordController.GetWeightRecordByPetId(Int32 petId) in /Users/jordanmal/Documents/Projet Développement /PetHealthApplication/API/API_PetHealth/PetHealth.API/Controllers/WeightRecordController.cs:line 29
   at lambda_method38(Closure, Object)
   at Microsoft.AspNetCore.Mvc.Infrastructure.ActionMethodExecutor.AwaitableObjectResultExecutor.Execute(ActionContext actionContext, IActionResultTypeMapper mapper, ObjectMethodExecutor executor, Object controller, Object[] arguments)
   at Microsoft.AspNetCore.Mvc.Infrastructure.ControllerActionInvoker.<InvokeActionMethodAsync>g__Logged|12_1(ControllerActionInvoker invoker)
   at Microsoft.AspNetCore.Mvc.Infrastructure.ControllerActionInvoker.<InvokeNextActionFilterAsync>g__Awaited|10_0(ControllerActionInvoker invoker, Task lastTask, State next, Scope scope, Object state, Boolean isCompleted)
   at Microsoft.AspNetCore.Mvc.Infrastructure.ControllerActionInvoker.Rethrow(ActionExecutedContextSealed context)
   at Microsoft.AspNetCore.Mvc.Infrastructure.ControllerActionInvoker.Next(State& next, Scope& scope, Object& state, Boolean& isCompleted)
   at Microsoft.AspNetCore.Mvc.Infrastructure.ControllerActionInvoker.<InvokeInnerFilterAsync>g__Awaited|13_0(ControllerActionInvoker invoker, Task lastTask, State next, Scope scope, Object state, Boolean isCompleted)
   at Microsoft.AspNetCore.Mvc.Infrastructure.ResourceInvoker.<InvokeFilterPipelineAsync>g__Awaited|20_0(ResourceInvoker invoker, Task lastTask, State next, Scope scope, Object state, Boolean isCompleted)
   at Microsoft.AspNetCore.Mvc.Infrastructure.ResourceInvoker.<InvokeAsync>g__Logged|17_1(ResourceInvoker invoker)
   at Microsoft.AspNetCore.Mvc.Infrastructure.ResourceInvoker.<InvokeAsync>g__Logged|17_1(ResourceInvoker invoker)
   at Microsoft.AspNetCore.Authorization.AuthorizationMiddleware.Invoke(HttpContext context)
   at Microsoft.AspNetCore.Authentication.AuthenticationMiddleware.Invoke(HttpContext context)
   at Microsoft.AspNetCore.Diagnostics.ExceptionHandlerMiddlewareImpl.<Invoke>g__Awaited|10_0(ExceptionHandlerMiddlewareImpl middleware, HttpContext context, Task task)
2026-07-24 11:45:07.845 +02:00[ERR] - HTTP GET /api/WeightRecord/1 responded 500 in 19.7533 ms {"UserId":"7","RemoteIP":"::1","SourceContext":"Serilog.AspNetCore.RequestLoggingMiddleware","RequestId":"0HNN8VC55L1D5:00000002","ConnectionId":"0HNN8VC55L1D5","Application":"PetHealth.API","AppEnv":"Development"}
2026-07-24 11:47:33.335 +02:00[INF] - HTTP GET /api/AppUser/me responded 200 in 9.1498 ms {"UserId":"7","RemoteIP":"::1","SourceContext":"Serilog.AspNetCore.RequestLoggingMiddleware","RequestId":"0HNN8VC55L1D6:00000002","ConnectionId":"0HNN8VC55L1D6","Application":"PetHealth.API","AppEnv":"Development"}
2026-07-24 11:47:34.455 +02:00[INF] - HTTP GET /api/Pet/my-pets responded 200 in 4.7975 ms {"UserId":"7","RemoteIP":"::1","SourceContext":"Serilog.AspNetCore.RequestLoggingMiddleware","RequestId":"0HNN8VC55L1D6:00000004","ConnectionId":"0HNN8VC55L1D6","Application":"PetHealth.API","AppEnv":"Development"}
2026-07-24 11:47:36.871 +02:00[INF] - HTTP GET /api/Pet/1 responded 200 in 4.7379 ms {"UserId":"7","RemoteIP":"::1","SourceContext":"Serilog.AspNetCore.RequestLoggingMiddleware","RequestId":"0HNN8VC55L1D6:00000006","ConnectionId":"0HNN8VC55L1D6","Application":"PetHealth.API","AppEnv":"Development"}
2026-07-24 11:47:40.888 +02:00[INF] - HTTP GET /api/Pet/1 responded 200 in 4.9222 ms {"UserId":"7","RemoteIP":"::1","SourceContext":"Serilog.AspNetCore.RequestLoggingMiddleware","RequestId":"0HNN8VC55L1D6:00000007","ConnectionId":"0HNN8VC55L1D6","Application":"PetHealth.API","AppEnv":"Development"}
2026-07-24 11:47:40.892 +02:00[FTL] - Unhandled exception occurred {"SourceContext":"API_PetHealth.Middlewares.GlobalExceptionHandler","RequestId":"0HNN8VC55L1D7:00000002","RequestPath":"/api/WeightRecord/1","ConnectionId":"0HNN8VC55L1D7","Application":"PetHealth.API","AppEnv":"Development"}
System.Data.DataException: Error parsing column 2 (MeasurementDate=18/05/2026 09:13:04 +02:00 - DateTimeOffset)
 ---> System.InvalidCastException: Unable to cast object of type 'System.DateTimeOffset' to type 'System.IConvertible'.
   at System.Convert.ToDateTime(Object value)
   at PetHealth.Infrastructure.TypeHandlers.DateOnlyTypeHandler.Parse(Object value) in /Users/jordanmal/Documents/Projet Développement /PetHealthApplication/API/API_PetHealth/PetHealth.Infrastructure/TypeHandlers/DateOnlyTypeHandler.cs:line 16
   at Dapper.SqlMapper.TypeHandlerCache`1.Parse(Object value) in /_/Dapper/SqlMapper.TypeHandlerCache.cs:line 23
   at Deserializec8497d4b-d6f2-4cc9-b323-1d65f5a5548b(DbDataReader)
   --- End of inner exception stack trace ---
   at Dapper.SqlMapper.ThrowDataException(Exception ex, Int32 index, IDataReader reader, Object value) in /_/Dapper/SqlMapper.cs:line 4001
   at Deserializec8497d4b-d6f2-4cc9-b323-1d65f5a5548b(DbDataReader)
   at Dapper.SqlMapper.QueryAsync[T](IDbConnection cnn, Type effectiveType, CommandDefinition command) in /_/Dapper/SqlMapper.Async.cs:line 454
   at PetHealth.Infrastructure.Services.WeightRecordService.Execute(GetWeightRecordByPetIdQueryAsync query) in /Users/jordanmal/Documents/Projet Développement /PetHealthApplication/API/API_PetHealth/PetHealth.Infrastructure/Services/WeightRecordService.cs:line 30
   at API_PetHealth.Controllers.WeightRecordController.GetWeightRecordByPetId(Int32 petId) in /Users/jordanmal/Documents/Projet Développement /PetHealthApplication/API/API_PetHealth/PetHealth.API/Controllers/WeightRecordController.cs:line 29
   at lambda_method38(Closure, Object)
   at Microsoft.AspNetCore.Mvc.Infrastructure.ActionMethodExecutor.AwaitableObjectResultExecutor.Execute(ActionContext actionContext, IActionResultTypeMapper mapper, ObjectMethodExecutor executor, Object controller, Object[] arguments)
   at Microsoft.AspNetCore.Mvc.Infrastructure.ControllerActionInvoker.<InvokeActionMethodAsync>g__Logged|12_1(ControllerActionInvoker invoker)
   at Microsoft.AspNetCore.Mvc.Infrastructure.ControllerActionInvoker.<InvokeNextActionFilterAsync>g__Awaited|10_0(ControllerActionInvoker invoker, Task lastTask, State next, Scope scope, Object state, Boolean isCompleted)
   at Microsoft.AspNetCore.Mvc.Infrastructure.ControllerActionInvoker.Rethrow(ActionExecutedContextSealed context)
   at Microsoft.AspNetCore.Mvc.Infrastructure.ControllerActionInvoker.Next(State& next, Scope& scope, Object& state, Boolean& isCompleted)
   at Microsoft.AspNetCore.Mvc.Infrastructure.ControllerActionInvoker.<InvokeInnerFilterAsync>g__Awaited|13_0(ControllerActionInvoker invoker, Task lastTask, State next, Scope scope, Object state, Boolean isCompleted)
   at Microsoft.AspNetCore.Mvc.Infrastructure.ResourceInvoker.<InvokeFilterPipelineAsync>g__Awaited|20_0(ResourceInvoker invoker, Task lastTask, State next, Scope scope, Object state, Boolean isCompleted)
   at Microsoft.AspNetCore.Mvc.Infrastructure.ResourceInvoker.<InvokeAsync>g__Logged|17_1(ResourceInvoker invoker)
   at Microsoft.AspNetCore.Mvc.Infrastructure.ResourceInvoker.<InvokeAsync>g__Logged|17_1(ResourceInvoker invoker)
   at Microsoft.AspNetCore.Authorization.AuthorizationMiddleware.Invoke(HttpContext context)
   at Microsoft.AspNetCore.Authentication.AuthenticationMiddleware.Invoke(HttpContext context)
   at Microsoft.AspNetCore.Diagnostics.ExceptionHandlerMiddlewareImpl.<Invoke>g__Awaited|10_0(ExceptionHandlerMiddlewareImpl middleware, HttpContext context, Task task)
2026-07-24 11:47:40.896 +02:00[ERR] - HTTP GET /api/WeightRecord/1 responded 500 in 11.2127 ms {"UserId":"7","RemoteIP":"::1","SourceContext":"Serilog.AspNetCore.RequestLoggingMiddleware","RequestId":"0HNN8VC55L1D7:00000002","ConnectionId":"0HNN8VC55L1D7","Application":"PetHealth.API","AppEnv":"Development"}
2026-07-24 11:49:06.271 +02:00[INF] - HTTP POST /Login responded 200 in 15.9668 ms {"UserId":"Anonymous","RemoteIP":"::1","SourceContext":"Serilog.AspNetCore.RequestLoggingMiddleware","RequestId":"0HNN8VC55L1D8:00000001","ConnectionId":"0HNN8VC55L1D8","Application":"PetHealth.API","AppEnv":"Development"}
2026-07-24 11:50:34.760 +02:00[FTL] - Unhandled exception occurred {"SourceContext":"API_PetHealth.Middlewares.GlobalExceptionHandler","RequestId":"0HNN8VC55L1D8:00000002","RequestPath":"/api/WeightRecord/1","ConnectionId":"0HNN8VC55L1D8","Application":"PetHealth.API","AppEnv":"Development"}
System.Data.DataException: Error parsing column 2 (MeasurementDate=18/05/2026 09:13:04 +02:00 - DateTimeOffset)
 ---> System.InvalidCastException: Unable to cast object of type 'System.DateTimeOffset' to type 'System.IConvertible'.
   at System.Convert.ToDateTime(Object value)
   at PetHealth.Infrastructure.TypeHandlers.DateOnlyTypeHandler.Parse(Object value) in /Users/jordanmal/Documents/Projet Développement /PetHealthApplication/API/API_PetHealth/PetHealth.Infrastructure/TypeHandlers/DateOnlyTypeHandler.cs:line 16
   at Dapper.SqlMapper.TypeHandlerCache`1.Parse(Object value) in /_/Dapper/SqlMapper.TypeHandlerCache.cs:line 23
   at Deserializec8497d4b-d6f2-4cc9-b323-1d65f5a5548b(DbDataReader)
   --- End of inner exception stack trace ---
   at Dapper.SqlMapper.ThrowDataException(Exception ex, Int32 index, IDataReader reader, Object value) in /_/Dapper/SqlMapper.cs:line 4001
   at Deserializec8497d4b-d6f2-4cc9-b323-1d65f5a5548b(DbDataReader)
   at Dapper.SqlMapper.QueryAsync[T](IDbConnection cnn, Type effectiveType, CommandDefinition command) in /_/Dapper/SqlMapper.Async.cs:line 454
   at PetHealth.Infrastructure.Services.WeightRecordService.Execute(GetWeightRecordByPetIdQueryAsync query) in /Users/jordanmal/Documents/Projet Développement /PetHealthApplication/API/API_PetHealth/PetHealth.Infrastructure/Services/WeightRecordService.cs:line 30
   at API_PetHealth.Controllers.WeightRecordController.GetWeightRecordByPetId(Int32 petId) in /Users/jordanmal/Documents/Projet Développement /PetHealthApplication/API/API_PetHealth/PetHealth.API/Controllers/WeightRecordController.cs:line 29
   at lambda_method38(Closure, Object)
   at Microsoft.AspNetCore.Mvc.Infrastructure.ActionMethodExecutor.AwaitableObjectResultExecutor.Execute(ActionContext actionContext, IActionResultTypeMapper mapper, ObjectMethodExecutor executor, Object controller, Object[] arguments)
   at Microsoft.AspNetCore.Mvc.Infrastructure.ControllerActionInvoker.<InvokeActionMethodAsync>g__Logged|12_1(ControllerActionInvoker invoker)
   at Microsoft.AspNetCore.Mvc.Infrastructure.ControllerActionInvoker.<InvokeNextActionFilterAsync>g__Awaited|10_0(ControllerActionInvoker invoker, Task lastTask, State next, Scope scope, Object state, Boolean isCompleted)
   at Microsoft.AspNetCore.Mvc.Infrastructure.ControllerActionInvoker.Rethrow(ActionExecutedContextSealed context)
   at Microsoft.AspNetCore.Mvc.Infrastructure.ControllerActionInvoker.Next(State& next, Scope& scope, Object& state, Boolean& isCompleted)
   at Microsoft.AspNetCore.Mvc.Infrastructure.ControllerActionInvoker.<InvokeInnerFilterAsync>g__Awaited|13_0(ControllerActionInvoker invoker, Task lastTask, State next, Scope scope, Object state, Boolean isCompleted)
   at Microsoft.AspNetCore.Mvc.Infrastructure.ResourceInvoker.<InvokeFilterPipelineAsync>g__Awaited|20_0(ResourceInvoker invoker, Task lastTask, State next, Scope scope, Object state, Boolean isCompleted)
   at Microsoft.AspNetCore.Mvc.Infrastructure.ResourceInvoker.<InvokeAsync>g__Logged|17_1(ResourceInvoker invoker)
   at Microsoft.AspNetCore.Mvc.Infrastructure.ResourceInvoker.<InvokeAsync>g__Logged|17_1(ResourceInvoker invoker)
   at Microsoft.AspNetCore.Authorization.AuthorizationMiddleware.Invoke(HttpContext context)
   at Microsoft.AspNetCore.Authentication.AuthenticationMiddleware.Invoke(HttpContext context)
   at Microsoft.AspNetCore.Diagnostics.ExceptionHandlerMiddlewareImpl.<Invoke>g__Awaited|10_0(ExceptionHandlerMiddlewareImpl middleware, HttpContext context, Task task)
2026-07-24 11:50:34.766 +02:00[ERR] - HTTP GET /api/WeightRecord/1 responded 500 in 14.3980 ms {"UserId":"7","RemoteIP":"::1","SourceContext":"Serilog.AspNetCore.RequestLoggingMiddleware","RequestId":"0HNN8VC55L1D8:00000002","ConnectionId":"0HNN8VC55L1D8","Application":"PetHealth.API","AppEnv":"Development"}
2026-07-24 11:51:41.499 +02:00[FTL] - Unhandled exception occurred {"SourceContext":"API_PetHealth.Middlewares.GlobalExceptionHandler","RequestId":"0HNN8VC55L1D8:00000003","RequestPath":"/api/WeightRecord/1","ConnectionId":"0HNN8VC55L1D8","Application":"PetHealth.API","AppEnv":"Development"}
System.Data.DataException: Error parsing column 2 (MeasurementDate=18/05/2026 09:13:04 +02:00 - DateTimeOffset)
 ---> System.InvalidCastException: Unable to cast object of type 'System.DateTimeOffset' to type 'System.IConvertible'.
   at System.Convert.ToDateTime(Object value)
   at PetHealth.Infrastructure.TypeHandlers.DateOnlyTypeHandler.Parse(Object value) in /Users/jordanmal/Documents/Projet Développement /PetHealthApplication/API/API_PetHealth/PetHealth.Infrastructure/TypeHandlers/DateOnlyTypeHandler.cs:line 16
   at Dapper.SqlMapper.TypeHandlerCache`1.Parse(Object value) in /_/Dapper/SqlMapper.TypeHandlerCache.cs:line 23
   at Deserializec8497d4b-d6f2-4cc9-b323-1d65f5a5548b(DbDataReader)
   --- End of inner exception stack trace ---
   at Dapper.SqlMapper.ThrowDataException(Exception ex, Int32 index, IDataReader reader, Object value) in /_/Dapper/SqlMapper.cs:line 4001
   at Deserializec8497d4b-d6f2-4cc9-b323-1d65f5a5548b(DbDataReader)
   at Dapper.SqlMapper.QueryAsync[T](IDbConnection cnn, Type effectiveType, CommandDefinition command) in /_/Dapper/SqlMapper.Async.cs:line 454
   at PetHealth.Infrastructure.Services.WeightRecordService.Execute(GetWeightRecordByPetIdQueryAsync query) in /Users/jordanmal/Documents/Projet Développement /PetHealthApplication/API/API_PetHealth/PetHealth.Infrastructure/Services/WeightRecordService.cs:line 30
   at API_PetHealth.Controllers.WeightRecordController.GetWeightRecordByPetId(Int32 petId) in /Users/jordanmal/Documents/Projet Développement /PetHealthApplication/API/API_PetHealth/PetHealth.API/Controllers/WeightRecordController.cs:line 29
   at lambda_method38(Closure, Object)
   at Microsoft.AspNetCore.Mvc.Infrastructure.ActionMethodExecutor.AwaitableObjectResultExecutor.Execute(ActionContext actionContext, IActionResultTypeMapper mapper, ObjectMethodExecutor executor, Object controller, Object[] arguments)
   at Microsoft.AspNetCore.Mvc.Infrastructure.ControllerActionInvoker.<InvokeActionMethodAsync>g__Logged|12_1(ControllerActionInvoker invoker)
   at Microsoft.AspNetCore.Mvc.Infrastructure.ControllerActionInvoker.<InvokeNextActionFilterAsync>g__Awaited|10_0(ControllerActionInvoker invoker, Task lastTask, State next, Scope scope, Object state, Boolean isCompleted)
   at Microsoft.AspNetCore.Mvc.Infrastructure.ControllerActionInvoker.Rethrow(ActionExecutedContextSealed context)
   at Microsoft.AspNetCore.Mvc.Infrastructure.ControllerActionInvoker.Next(State& next, Scope& scope, Object& state, Boolean& isCompleted)
   at Microsoft.AspNetCore.Mvc.Infrastructure.ControllerActionInvoker.<InvokeInnerFilterAsync>g__Awaited|13_0(ControllerActionInvoker invoker, Task lastTask, State next, Scope scope, Object state, Boolean isCompleted)
   at Microsoft.AspNetCore.Mvc.Infrastructure.ResourceInvoker.<InvokeFilterPipelineAsync>g__Awaited|20_0(ResourceInvoker invoker, Task lastTask, State next, Scope scope, Object state, Boolean isCompleted)
   at Microsoft.AspNetCore.Mvc.Infrastructure.ResourceInvoker.<InvokeAsync>g__Logged|17_1(ResourceInvoker invoker)
   at Microsoft.AspNetCore.Mvc.Infrastructure.ResourceInvoker.<InvokeAsync>g__Logged|17_1(ResourceInvoker invoker)
   at Microsoft.AspNetCore.Authorization.AuthorizationMiddleware.Invoke(HttpContext context)
   at Microsoft.AspNetCore.Authentication.AuthenticationMiddleware.Invoke(HttpContext context)
   at Microsoft.AspNetCore.Diagnostics.ExceptionHandlerMiddlewareImpl.<Invoke>g__Awaited|10_0(ExceptionHandlerMiddlewareImpl middleware, HttpContext context, Task task)
2026-07-24 11:51:41.502 +02:00[ERR] - HTTP GET /api/WeightRecord/1 responded 500 in 26.9638 ms {"UserId":"7","RemoteIP":"::1","SourceContext":"Serilog.AspNetCore.RequestLoggingMiddleware","RequestId":"0HNN8VC55L1D8:00000003","ConnectionId":"0HNN8VC55L1D8","Application":"PetHealth.API","AppEnv":"Development"}
2026-07-24 11:51:47.691 +02:00[FTL] - Unhandled exception occurred {"SourceContext":"API_PetHealth.Middlewares.GlobalExceptionHandler","RequestId":"0HNN8VC55L1D8:00000004","RequestPath":"/api/WeightRecord/1","ConnectionId":"0HNN8VC55L1D8","Application":"PetHealth.API","AppEnv":"Development"}
System.Data.DataException: Error parsing column 2 (MeasurementDate=18/05/2026 09:13:04 +02:00 - DateTimeOffset)
 ---> System.InvalidCastException: Unable to cast object of type 'System.DateTimeOffset' to type 'System.IConvertible'.
   at System.Convert.ToDateTime(Object value)
   at PetHealth.Infrastructure.TypeHandlers.DateOnlyTypeHandler.Parse(Object value) in /Users/jordanmal/Documents/Projet Développement /PetHealthApplication/API/API_PetHealth/PetHealth.Infrastructure/TypeHandlers/DateOnlyTypeHandler.cs:line 16
   at Dapper.SqlMapper.TypeHandlerCache`1.Parse(Object value) in /_/Dapper/SqlMapper.TypeHandlerCache.cs:line 23
   at Deserializec8497d4b-d6f2-4cc9-b323-1d65f5a5548b(DbDataReader)
   --- End of inner exception stack trace ---
   at Dapper.SqlMapper.ThrowDataException(Exception ex, Int32 index, IDataReader reader, Object value) in /_/Dapper/SqlMapper.cs:line 4001
   at Deserializec8497d4b-d6f2-4cc9-b323-1d65f5a5548b(DbDataReader)
   at Dapper.SqlMapper.QueryAsync[T](IDbConnection cnn, Type effectiveType, CommandDefinition command) in /_/Dapper/SqlMapper.Async.cs:line 454
   at PetHealth.Infrastructure.Services.WeightRecordService.Execute(GetWeightRecordByPetIdQueryAsync query) in /Users/jordanmal/Documents/Projet Développement /PetHealthApplication/API/API_PetHealth/PetHealth.Infrastructure/Services/WeightRecordService.cs:line 30
   at API_PetHealth.Controllers.WeightRecordController.GetWeightRecordByPetId(Int32 petId) in /Users/jordanmal/Documents/Projet Développement /PetHealthApplication/API/API_PetHealth/PetHealth.API/Controllers/WeightRecordController.cs:line 29
   at lambda_method38(Closure, Object)
   at Microsoft.AspNetCore.Mvc.Infrastructure.ActionMethodExecutor.AwaitableObjectResultExecutor.Execute(ActionContext actionContext, IActionResultTypeMapper mapper, ObjectMethodExecutor executor, Object controller, Object[] arguments)
   at Microsoft.AspNetCore.Mvc.Infrastructure.ControllerActionInvoker.<InvokeActionMethodAsync>g__Logged|12_1(ControllerActionInvoker invoker)
   at Microsoft.AspNetCore.Mvc.Infrastructure.ControllerActionInvoker.<InvokeNextActionFilterAsync>g__Awaited|10_0(ControllerActionInvoker invoker, Task lastTask, State next, Scope scope, Object state, Boolean isCompleted)
   at Microsoft.AspNetCore.Mvc.Infrastructure.ControllerActionInvoker.Rethrow(ActionExecutedContextSealed context)
   at Microsoft.AspNetCore.Mvc.Infrastructure.ControllerActionInvoker.Next(State& next, Scope& scope, Object& state, Boolean& isCompleted)
   at Microsoft.AspNetCore.Mvc.Infrastructure.ControllerActionInvoker.<InvokeInnerFilterAsync>g__Awaited|13_0(ControllerActionInvoker invoker, Task lastTask, State next, Scope scope, Object state, Boolean isCompleted)
   at Microsoft.AspNetCore.Mvc.Infrastructure.ResourceInvoker.<InvokeFilterPipelineAsync>g__Awaited|20_0(ResourceInvoker invoker, Task lastTask, State next, Scope scope, Object state, Boolean isCompleted)
   at Microsoft.AspNetCore.Mvc.Infrastructure.ResourceInvoker.<InvokeAsync>g__Logged|17_1(ResourceInvoker invoker)
   at Microsoft.AspNetCore.Mvc.Infrastructure.ResourceInvoker.<InvokeAsync>g__Logged|17_1(ResourceInvoker invoker)
   at Microsoft.AspNetCore.Authorization.AuthorizationMiddleware.Invoke(HttpContext context)
   at Microsoft.AspNetCore.Authentication.AuthenticationMiddleware.Invoke(HttpContext context)
   at Microsoft.AspNetCore.Diagnostics.ExceptionHandlerMiddlewareImpl.<Invoke>g__Awaited|10_0(ExceptionHandlerMiddlewareImpl middleware, HttpContext context, Task task)
2026-07-24 11:51:47.694 +02:00[ERR] - HTTP GET /api/WeightRecord/1 responded 500 in 6.5748 ms {"UserId":"7","RemoteIP":"::1","SourceContext":"Serilog.AspNetCore.RequestLoggingMiddleware","RequestId":"0HNN8VC55L1D8:00000004","ConnectionId":"0HNN8VC55L1D8","Application":"PetHealth.API","AppEnv":"Development"}
2026-07-24 11:52:25.803 +02:00[FTL] - Unhandled exception occurred {"SourceContext":"API_PetHealth.Middlewares.GlobalExceptionHandler","RequestId":"0HNN8VC55L1D8:00000005","RequestPath":"/api/WeightRecord/1","ConnectionId":"0HNN8VC55L1D8","Application":"PetHealth.API","AppEnv":"Development"}
System.Data.DataException: Error parsing column 2 (MeasurementDate=18/05/2026 09:13:04 +02:00 - DateTimeOffset)
 ---> System.InvalidCastException: Unable to cast object of type 'System.DateTimeOffset' to type 'System.IConvertible'.
   at System.Convert.ToDateTime(Object value)
   at PetHealth.Infrastructure.TypeHandlers.DateOnlyTypeHandler.Parse(Object value) in /Users/jordanmal/Documents/Projet Développement /PetHealthApplication/API/API_PetHealth/PetHealth.Infrastructure/TypeHandlers/DateOnlyTypeHandler.cs:line 16
   at Dapper.SqlMapper.TypeHandlerCache`1.Parse(Object value) in /_/Dapper/SqlMapper.TypeHandlerCache.cs:line 23
   at Deserializec8497d4b-d6f2-4cc9-b323-1d65f5a5548b(DbDataReader)
   --- End of inner exception stack trace ---
   at Dapper.SqlMapper.ThrowDataException(Exception ex, Int32 index, IDataReader reader, Object value) in /_/Dapper/SqlMapper.cs:line 4001
   at Deserializec8497d4b-d6f2-4cc9-b323-1d65f5a5548b(DbDataReader)
   at Dapper.SqlMapper.QueryAsync[T](IDbConnection cnn, Type effectiveType, CommandDefinition command) in /_/Dapper/SqlMapper.Async.cs:line 454
   at PetHealth.Infrastructure.Services.WeightRecordService.Execute(GetWeightRecordByPetIdQueryAsync query) in /Users/jordanmal/Documents/Projet Développement /PetHealthApplication/API/API_PetHealth/PetHealth.Infrastructure/Services/WeightRecordService.cs:line 30
   at API_PetHealth.Controllers.WeightRecordController.GetWeightRecordByPetId(Int32 petId) in /Users/jordanmal/Documents/Projet Développement /PetHealthApplication/API/API_PetHealth/PetHealth.API/Controllers/WeightRecordController.cs:line 29
   at lambda_method38(Closure, Object)
   at Microsoft.AspNetCore.Mvc.Infrastructure.ActionMethodExecutor.AwaitableObjectResultExecutor.Execute(ActionContext actionContext, IActionResultTypeMapper mapper, ObjectMethodExecutor executor, Object controller, Object[] arguments)
   at Microsoft.AspNetCore.Mvc.Infrastructure.ControllerActionInvoker.<InvokeActionMethodAsync>g__Logged|12_1(ControllerActionInvoker invoker)
   at Microsoft.AspNetCore.Mvc.Infrastructure.ControllerActionInvoker.<InvokeNextActionFilterAsync>g__Awaited|10_0(ControllerActionInvoker invoker, Task lastTask, State next, Scope scope, Object state, Boolean isCompleted)
   at Microsoft.AspNetCore.Mvc.Infrastructure.ControllerActionInvoker.Rethrow(ActionExecutedContextSealed context)
   at Microsoft.AspNetCore.Mvc.Infrastructure.ControllerActionInvoker.Next(State& next, Scope& scope, Object& state, Boolean& isCompleted)
   at Microsoft.AspNetCore.Mvc.Infrastructure.ControllerActionInvoker.<InvokeInnerFilterAsync>g__Awaited|13_0(ControllerActionInvoker invoker, Task lastTask, State next, Scope scope, Object state, Boolean isCompleted)
   at Microsoft.AspNetCore.Mvc.Infrastructure.ResourceInvoker.<InvokeFilterPipelineAsync>g__Awaited|20_0(ResourceInvoker invoker, Task lastTask, State next, Scope scope, Object state, Boolean isCompleted)
   at Microsoft.AspNetCore.Mvc.Infrastructure.ResourceInvoker.<InvokeAsync>g__Logged|17_1(ResourceInvoker invoker)
   at Microsoft.AspNetCore.Mvc.Infrastructure.ResourceInvoker.<InvokeAsync>g__Logged|17_1(ResourceInvoker invoker)
   at Microsoft.AspNetCore.Authorization.AuthorizationMiddleware.Invoke(HttpContext context)
   at Microsoft.AspNetCore.Authentication.AuthenticationMiddleware.Invoke(HttpContext context)
   at Microsoft.AspNetCore.Diagnostics.ExceptionHandlerMiddlewareImpl.<Invoke>g__Awaited|10_0(ExceptionHandlerMiddlewareImpl middleware, HttpContext context, Task task)
2026-07-24 11:52:25.811 +02:00[ERR] - HTTP GET /api/WeightRecord/1 responded 500 in 23.8156 ms {"UserId":"7","RemoteIP":"::1","SourceContext":"Serilog.AspNetCore.RequestLoggingMiddleware","RequestId":"0HNN8VC55L1D8:00000005","ConnectionId":"0HNN8VC55L1D8","Application":"PetHealth.API","AppEnv":"Development"}
2026-07-24 11:56:11.322 +02:00[INF] - Application started {"Application":"PetHealth.API","AppEnv":"Development"}
2026-07-24 11:56:14.660 +02:00[FTL] - Unhandled exception occurred {"SourceContext":"API_PetHealth.Middlewares.GlobalExceptionHandler","RequestId":"0HNN9D766VLKL:00000001","RequestPath":"/api/WeightRecord/1","ConnectionId":"0HNN9D766VLKL","Application":"PetHealth.API","AppEnv":"Development"}
System.Data.DataException: Error parsing column 2 (MeasurementDate=18/05/2026 09:13:04 +02:00 - DateTimeOffset)
 ---> System.InvalidCastException: Unable to cast object of type 'System.DateTimeOffset' to type 'System.IConvertible'.
   at System.Convert.ToDateTime(Object value)
   at PetHealth.Infrastructure.TypeHandlers.DateOnlyTypeHandler.Parse(Object value) in /Users/jordanmal/Documents/Projet Développement /PetHealthApplication/API/API_PetHealth/PetHealth.Infrastructure/TypeHandlers/DateOnlyTypeHandler.cs:line 16
   at Dapper.SqlMapper.TypeHandler`1.Dapper.SqlMapper.ITypeHandler.Parse(Type destinationType, Object value) in /_/Dapper/SqlMapper.TypeHandler.cs:line 42
   at Dapper.SqlMapper.TypeHandlerCache`1.Parse(Object value) in /_/Dapper/SqlMapper.TypeHandlerCache.cs:line 23
   at Deserializea3f032ab-889e-4e59-a9b8-c7ffdc9812d2(DbDataReader)
   --- End of inner exception stack trace ---
   at Dapper.SqlMapper.ThrowDataException(Exception ex, Int32 index, IDataReader reader, Object value) in /_/Dapper/SqlMapper.cs:line 4001
   at Deserializea3f032ab-889e-4e59-a9b8-c7ffdc9812d2(DbDataReader)
   at Dapper.SqlMapper.QueryAsync[T](IDbConnection cnn, Type effectiveType, CommandDefinition command) in /_/Dapper/SqlMapper.Async.cs:line 454
   at PetHealth.Infrastructure.Services.WeightRecordService.Execute(GetWeightRecordByPetIdQueryAsync query) in /Users/jordanmal/Documents/Projet Développement /PetHealthApplication/API/API_PetHealth/PetHealth.Infrastructure/Services/WeightRecordService.cs:line 30
   at API_PetHealth.Controllers.WeightRecordController.GetWeightRecordByPetId(Int32 petId) in /Users/jordanmal/Documents/Projet Développement /PetHealthApplication/API/API_PetHealth/PetHealth.API/Controllers/WeightRecordController.cs:line 29
   at lambda_method5(Closure, Object)
   at Microsoft.AspNetCore.Mvc.Infrastructure.ActionMethodExecutor.AwaitableObjectResultExecutor.Execute(ActionContext actionContext, IActionResultTypeMapper mapper, ObjectMethodExecutor executor, Object controller, Object[] arguments)
   at Microsoft.AspNetCore.Mvc.Infrastructure.ControllerActionInvoker.<InvokeActionMethodAsync>g__Logged|12_1(ControllerActionInvoker invoker)
   at Microsoft.AspNetCore.Mvc.Infrastructure.ControllerActionInvoker.<InvokeNextActionFilterAsync>g__Awaited|10_0(ControllerActionInvoker invoker, Task lastTask, State next, Scope scope, Object state, Boolean isCompleted)
   at Microsoft.AspNetCore.Mvc.Infrastructure.ControllerActionInvoker.Rethrow(ActionExecutedContextSealed context)
   at Microsoft.AspNetCore.Mvc.Infrastructure.ControllerActionInvoker.Next(State& next, Scope& scope, Object& state, Boolean& isCompleted)
   at Microsoft.AspNetCore.Mvc.Infrastructure.ControllerActionInvoker.<InvokeInnerFilterAsync>g__Awaited|13_0(ControllerActionInvoker invoker, Task lastTask, State next, Scope scope, Object state, Boolean isCompleted)
   at Microsoft.AspNetCore.Mvc.Infrastructure.ResourceInvoker.<InvokeFilterPipelineAsync>g__Awaited|20_0(ResourceInvoker invoker, Task lastTask, State next, Scope scope, Object state, Boolean isCompleted)
   at Microsoft.AspNetCore.Mvc.Infrastructure.ResourceInvoker.<InvokeAsync>g__Logged|17_1(ResourceInvoker invoker)
   at Microsoft.AspNetCore.Mvc.Infrastructure.ResourceInvoker.<InvokeAsync>g__Logged|17_1(ResourceInvoker invoker)
   at Microsoft.AspNetCore.Authorization.AuthorizationMiddleware.Invoke(HttpContext context)
   at Microsoft.AspNetCore.Authentication.AuthenticationMiddleware.Invoke(HttpContext context)
   at Microsoft.AspNetCore.Diagnostics.ExceptionHandlerMiddlewareImpl.<Invoke>g__Awaited|10_0(ExceptionHandlerMiddlewareImpl middleware, HttpContext context, Task task)
2026-07-24 11:56:14.688 +02:00[ERR] - HTTP GET /api/WeightRecord/1 responded 500 in 220.7822 ms {"UserId":"7","RemoteIP":"::1","SourceContext":"Serilog.AspNetCore.RequestLoggingMiddleware","RequestId":"0HNN9D766VLKL:00000001","ConnectionId":"0HNN9D766VLKL","Application":"PetHealth.API","AppEnv":"Development"}
2026-07-24 11:58:36.622 +02:00[INF] - Application started {"Application":"PetHealth.API","AppEnv":"Development"}
2026-07-24 11:58:48.905 +02:00[INF] - HTTP GET /api/WeightRecord/1 responded 200 in 198.5208 ms {"UserId":"7","RemoteIP":"::1","SourceContext":"Serilog.AspNetCore.RequestLoggingMiddleware","RequestId":"0HNN9D8K5GPKT:00000001","ConnectionId":"0HNN9D8K5GPKT","Application":"PetHealth.API","AppEnv":"Development"}
2026-07-24 11:58:59.231 +02:00[INF] - HTTP GET /api/AppUser/me responded 200 in 31.4519 ms {"UserId":"7","RemoteIP":"::1","SourceContext":"Serilog.AspNetCore.RequestLoggingMiddleware","RequestId":"0HNN9D8K5GPKU:00000002","ConnectionId":"0HNN9D8K5GPKU","Application":"PetHealth.API","AppEnv":"Development"}
2026-07-24 11:58:59.850 +02:00[INF] - HTTP GET /api/Pet/my-pets responded 200 in 26.1537 ms {"UserId":"7","RemoteIP":"::1","SourceContext":"Serilog.AspNetCore.RequestLoggingMiddleware","RequestId":"0HNN9D8K5GPKU:00000004","ConnectionId":"0HNN9D8K5GPKU","Application":"PetHealth.API","AppEnv":"Development"}
2026-07-24 11:59:00.701 +02:00[INF] - HTTP GET /api/Pet/1 responded 200 in 11.5556 ms {"UserId":"7","RemoteIP":"::1","SourceContext":"Serilog.AspNetCore.RequestLoggingMiddleware","RequestId":"0HNN9D8K5GPKU:00000006","ConnectionId":"0HNN9D8K5GPKU","Application":"PetHealth.API","AppEnv":"Development"}
2026-07-24 11:59:01.320 +02:00[INF] - HTTP GET /api/WeightRecord/1 responded 200 in 4.7321 ms {"UserId":"7","RemoteIP":"::1","SourceContext":"Serilog.AspNetCore.RequestLoggingMiddleware","RequestId":"0HNN9D8K5GPKV:00000002","ConnectionId":"0HNN9D8K5GPKV","Application":"PetHealth.API","AppEnv":"Development"}
2026-07-24 11:59:01.345 +02:00[INF] - HTTP GET /api/Pet/1 responded 200 in 30.3828 ms {"UserId":"7","RemoteIP":"::1","SourceContext":"Serilog.AspNetCore.RequestLoggingMiddleware","RequestId":"0HNN9D8K5GPKU:00000007","ConnectionId":"0HNN9D8K5GPKU","Application":"PetHealth.API","AppEnv":"Development"}
2026-07-24 11:59:10.527 +02:00[INF] - HTTP POST /api/WeightRecord responded 200 in 80.4390 ms {"UserId":"7","RemoteIP":"::1","SourceContext":"Serilog.AspNetCore.RequestLoggingMiddleware","RequestId":"0HNN9D8K5GPKU:00000009","ConnectionId":"0HNN9D8K5GPKU","Application":"PetHealth.API","AppEnv":"Development"}
2026-07-24 11:59:10.534 +02:00[INF] - HTTP GET /api/WeightRecord/1 responded 200 in 2.5719 ms {"UserId":"7","RemoteIP":"::1","SourceContext":"Serilog.AspNetCore.RequestLoggingMiddleware","RequestId":"0HNN9D8K5GPKU:0000000B","ConnectionId":"0HNN9D8K5GPKU","Application":"PetHealth.API","AppEnv":"Development"}
2026-07-24 11:59:13.592 +02:00[INF] - HTTP GET /api/AppUser/me responded 200 in 4.0583 ms {"UserId":"7","RemoteIP":"::1","SourceContext":"Serilog.AspNetCore.RequestLoggingMiddleware","RequestId":"0HNN9D8K5GPKU:0000000D","ConnectionId":"0HNN9D8K5GPKU","Application":"PetHealth.API","AppEnv":"Development"}
2026-07-24 11:59:14.126 +02:00[INF] - HTTP GET /api/Pet/my-pets responded 200 in 3.9570 ms {"UserId":"7","RemoteIP":"::1","SourceContext":"Serilog.AspNetCore.RequestLoggingMiddleware","RequestId":"0HNN9D8K5GPKU:0000000F","ConnectionId":"0HNN9D8K5GPKU","Application":"PetHealth.API","AppEnv":"Development"}
2026-07-24 11:59:14.857 +02:00[INF] - HTTP GET /api/Pet/1 responded 200 in 4.3380 ms {"UserId":"7","RemoteIP":"::1","SourceContext":"Serilog.AspNetCore.RequestLoggingMiddleware","RequestId":"0HNN9D8K5GPKU:00000011","ConnectionId":"0HNN9D8K5GPKU","Application":"PetHealth.API","AppEnv":"Development"}
2026-07-24 11:59:15.506 +02:00[INF] - HTTP GET /api/Pet/1 responded 200 in 5.5073 ms {"UserId":"7","RemoteIP":"::1","SourceContext":"Serilog.AspNetCore.RequestLoggingMiddleware","RequestId":"0HNN9D8K5GPKU:00000012","ConnectionId":"0HNN9D8K5GPKU","Application":"PetHealth.API","AppEnv":"Development"}
2026-07-24 11:59:15.506 +02:00[INF] - HTTP GET /api/WeightRecord/1 responded 200 in 5.5074 ms {"UserId":"7","RemoteIP":"::1","SourceContext":"Serilog.AspNetCore.RequestLoggingMiddleware","RequestId":"0HNN9D8K5GPKV:00000003","ConnectionId":"0HNN9D8K5GPKV","Application":"PetHealth.API","AppEnv":"Development"}
2026-07-24 11:59:25.108 +02:00[INF] - HTTP DELETE /api/WeightRecord/today/1001 responded 200 in 44.7972 ms {"UserId":"7","RemoteIP":"::1","SourceContext":"Serilog.AspNetCore.RequestLoggingMiddleware","RequestId":"0HNN9D8K5GPKV:00000005","ConnectionId":"0HNN9D8K5GPKV","Application":"PetHealth.API","AppEnv":"Development"}
2026-07-24 11:59:25.113 +02:00[INF] - HTTP GET /api/WeightRecord/1 responded 200 in 2.3390 ms {"UserId":"7","RemoteIP":"::1","SourceContext":"Serilog.AspNetCore.RequestLoggingMiddleware","RequestId":"0HNN9D8K5GPKV:00000007","ConnectionId":"0HNN9D8K5GPKV","Application":"PetHealth.API","AppEnv":"Development"}
2026-07-24 11:59:43.257 +02:00[INF] - HTTP GET /api/Pet/1 responded 200 in 5.4498 ms {"UserId":"7","RemoteIP":"::1","SourceContext":"Serilog.AspNetCore.RequestLoggingMiddleware","RequestId":"0HNN9D8K5GPKV:00000009","ConnectionId":"0HNN9D8K5GPKV","Application":"PetHealth.API","AppEnv":"Development"}
2026-07-24 11:59:53.710 +02:00[INF] - HTTP GET /api/Pet/my-pets responded 200 in 5.6970 ms {"UserId":"7","RemoteIP":"::1","SourceContext":"Serilog.AspNetCore.RequestLoggingMiddleware","RequestId":"0HNN9D8K5GPKV:0000000B","ConnectionId":"0HNN9D8K5GPKV","Application":"PetHealth.API","AppEnv":"Development"}
2026-07-24 11:59:55.021 +02:00[INF] - HTTP GET /api/Pet/1 responded 200 in 3.7892 ms {"UserId":"7","RemoteIP":"::1","SourceContext":"Serilog.AspNetCore.RequestLoggingMiddleware","RequestId":"0HNN9D8K5GPKV:0000000D","ConnectionId":"0HNN9D8K5GPKV","Application":"PetHealth.API","AppEnv":"Development"}
2026-07-24 11:59:58.121 +02:00[INF] - HTTP GET /api/Pet/my-pets responded 200 in 3.8215 ms {"UserId":"7","RemoteIP":"::1","SourceContext":"Serilog.AspNetCore.RequestLoggingMiddleware","RequestId":"0HNN9D8K5GPKV:0000000E","ConnectionId":"0HNN9D8K5GPKV","Application":"PetHealth.API","AppEnv":"Development"}
2026-07-24 11:59:58.987 +02:00[INF] - HTTP GET /api/Pet/1 responded 200 in 3.9848 ms {"UserId":"7","RemoteIP":"::1","SourceContext":"Serilog.AspNetCore.RequestLoggingMiddleware","RequestId":"0HNN9D8K5GPKV:0000000F","ConnectionId":"0HNN9D8K5GPKV","Application":"PetHealth.API","AppEnv":"Development"}
2026-07-24 12:02:42.821 +02:00[INF] - HTTP GET /api/Pet/2 responded 200 in 24.6590 ms {"UserId":"7","RemoteIP":"::1","SourceContext":"Serilog.AspNetCore.RequestLoggingMiddleware","RequestId":"0HNN9D8K5GPL0:00000002","ConnectionId":"0HNN9D8K5GPL0","Application":"PetHealth.API","AppEnv":"Development"}
2026-07-24 12:02:47.136 +02:00[INF] - HTTP GET /api/Pet/4 responded 404 in 4.9125 ms {"UserId":"7","RemoteIP":"::1","SourceContext":"Serilog.AspNetCore.RequestLoggingMiddleware","RequestId":"0HNN9D8K5GPL0:00000004","ConnectionId":"0HNN9D8K5GPL0","Application":"PetHealth.API","AppEnv":"Development"}
2026-07-24 12:02:51.633 +02:00[INF] - HTTP GET /api/Pet/3 responded 404 in 4.0570 ms {"UserId":"7","RemoteIP":"::1","SourceContext":"Serilog.AspNetCore.RequestLoggingMiddleware","RequestId":"0HNN9D8K5GPL0:00000006","ConnectionId":"0HNN9D8K5GPL0","Application":"PetHealth.API","AppEnv":"Development"}
2026-07-24 12:02:55.698 +02:00[INF] - HTTP GET /api/Pet/2 responded 200 in 3.5736 ms {"UserId":"7","RemoteIP":"::1","SourceContext":"Serilog.AspNetCore.RequestLoggingMiddleware","RequestId":"0HNN9D8K5GPL0:00000008","ConnectionId":"0HNN9D8K5GPL0","Application":"PetHealth.API","AppEnv":"Development"}
2026-07-24 12:07:31.160 +02:00[INF] - HTTP GET /api/WeightRecord/2 responded 200 in 10.9943 ms {"UserId":"7","RemoteIP":"::1","SourceContext":"Serilog.AspNetCore.RequestLoggingMiddleware","RequestId":"0HNN9D8K5GPL1:00000002","ConnectionId":"0HNN9D8K5GPL1","Application":"PetHealth.API","AppEnv":"Development"}
2026-07-24 12:07:31.182 +02:00[INF] - HTTP GET /api/Pet/2 responded 200 in 33.3207 ms {"UserId":"7","RemoteIP":"::1","SourceContext":"Serilog.AspNetCore.RequestLoggingMiddleware","RequestId":"0HNN9D8K5GPL2:00000002","ConnectionId":"0HNN9D8K5GPL2","Application":"PetHealth.API","AppEnv":"Development"}
2026-07-24 12:07:34.300 +02:00[INF] - HTTP GET /api/Pet/2 responded 200 in 4.2956 ms {"UserId":"7","RemoteIP":"::1","SourceContext":"Serilog.AspNetCore.RequestLoggingMiddleware","RequestId":"0HNN9D8K5GPL2:00000003","ConnectionId":"0HNN9D8K5GPL2","Application":"PetHealth.API","AppEnv":"Development"}
2026-07-24 12:07:35.954 +02:00[INF] - HTTP GET /api/Pet/my-pets responded 200 in 3.1560 ms {"UserId":"7","RemoteIP":"::1","SourceContext":"Serilog.AspNetCore.RequestLoggingMiddleware","RequestId":"0HNN9D8K5GPL2:00000005","ConnectionId":"0HNN9D8K5GPL2","Application":"PetHealth.API","AppEnv":"Development"}
2026-07-24 12:07:37.644 +02:00[INF] - HTTP GET /api/Pet/1 responded 200 in 4.6146 ms {"UserId":"7","RemoteIP":"::1","SourceContext":"Serilog.AspNetCore.RequestLoggingMiddleware","RequestId":"0HNN9D8K5GPL2:00000007","ConnectionId":"0HNN9D8K5GPL2","Application":"PetHealth.API","AppEnv":"Development"}
2026-07-24 12:07:38.294 +02:00[INF] - HTTP GET /api/Pet/1 responded 200 in 3.4301 ms {"UserId":"7","RemoteIP":"::1","SourceContext":"Serilog.AspNetCore.RequestLoggingMiddleware","RequestId":"0HNN9D8K5GPL2:00000008","ConnectionId":"0HNN9D8K5GPL2","Application":"PetHealth.API","AppEnv":"Development"}
2026-07-24 12:07:38.294 +02:00[INF] - HTTP GET /api/WeightRecord/1 responded 200 in 3.0271 ms {"UserId":"7","RemoteIP":"::1","SourceContext":"Serilog.AspNetCore.RequestLoggingMiddleware","RequestId":"0HNN9D8K5GPL1:00000004","ConnectionId":"0HNN9D8K5GPL1","Application":"PetHealth.API","AppEnv":"Development"}
2026-07-24 12:07:42.512 +02:00[INF] - HTTP GET /api/Pet/1 responded 200 in 3.8022 ms {"UserId":"7","RemoteIP":"::1","SourceContext":"Serilog.AspNetCore.RequestLoggingMiddleware","RequestId":"0HNN9D8K5GPL1:00000005","ConnectionId":"0HNN9D8K5GPL1","Application":"PetHealth.API","AppEnv":"Development"}
2026-07-24 12:07:43.417 +02:00[INF] - HTTP GET /api/Pet/my-pets responded 200 in 3.3563 ms {"UserId":"7","RemoteIP":"::1","SourceContext":"Serilog.AspNetCore.RequestLoggingMiddleware","RequestId":"0HNN9D8K5GPL1:00000007","ConnectionId":"0HNN9D8K5GPL1","Application":"PetHealth.API","AppEnv":"Development"}
2026-07-24 12:09:19.838 +02:00[INF] - HTTP GET /api/AppUser/me responded 200 in 4.7668 ms {"UserId":"7","RemoteIP":"::1","SourceContext":"Serilog.AspNetCore.RequestLoggingMiddleware","RequestId":"0HNN9D8K5GPL1:00000009","ConnectionId":"0HNN9D8K5GPL1","Application":"PetHealth.API","AppEnv":"Development"}
2026-07-24 12:09:24.976 +02:00[INF] - HTTP GET /api/Pet/my-pets responded 200 in 3.3028 ms {"UserId":"7","RemoteIP":"::1","SourceContext":"Serilog.AspNetCore.RequestLoggingMiddleware","RequestId":"0HNN9D8K5GPL1:0000000B","ConnectionId":"0HNN9D8K5GPL1","Application":"PetHealth.API","AppEnv":"Development"}
2026-07-24 12:09:26.654 +02:00[INF] - HTTP GET /api/AppUser/me responded 200 in 3.1938 ms {"UserId":"7","RemoteIP":"::1","SourceContext":"Serilog.AspNetCore.RequestLoggingMiddleware","RequestId":"0HNN9D8K5GPL1:0000000D","ConnectionId":"0HNN9D8K5GPL1","Application":"PetHealth.API","AppEnv":"Development"}
2026-07-24 12:09:27.289 +02:00[INF] - HTTP GET /api/Pet/my-pets responded 200 in 3.1244 ms {"UserId":"7","RemoteIP":"::1","SourceContext":"Serilog.AspNetCore.RequestLoggingMiddleware","RequestId":"0HNN9D8K5GPL1:0000000E","ConnectionId":"0HNN9D8K5GPL1","Application":"PetHealth.API","AppEnv":"Development"}
2026-07-24 12:11:34.326 +02:00[INF] - HTTP GET /api/Pet/my-pets responded 200 in 7.5451 ms {"UserId":"7","RemoteIP":"::1","SourceContext":"Serilog.AspNetCore.RequestLoggingMiddleware","RequestId":"0HNN9D8K5GPL5:00000002","ConnectionId":"0HNN9D8K5GPL5","Application":"PetHealth.API","AppEnv":"Development"}
2026-07-24 12:19:18.786 +02:00[INF] - HTTP POST /Login responded 200 in 77.0345 ms {"UserId":"Anonymous","RemoteIP":"::1","SourceContext":"Serilog.AspNetCore.RequestLoggingMiddleware","RequestId":"0HNN9D8K5GPL9:00000002","ConnectionId":"0HNN9D8K5GPL9","Application":"PetHealth.API","AppEnv":"Development"}
2026-07-24 12:19:24.025 +02:00[INF] - HTTP GET /api/Pet/my-pets responded 200 in 6.2895 ms {"UserId":"7","RemoteIP":"::1","SourceContext":"Serilog.AspNetCore.RequestLoggingMiddleware","RequestId":"0HNN9D8K5GPL9:00000004","ConnectionId":"0HNN9D8K5GPL9","Application":"PetHealth.API","AppEnv":"Development"}
2026-07-24 12:19:24.883 +02:00[INF] - HTTP GET /api/Pet/1 responded 200 in 3.6194 ms {"UserId":"7","RemoteIP":"::1","SourceContext":"Serilog.AspNetCore.RequestLoggingMiddleware","RequestId":"0HNN9D8K5GPL9:00000006","ConnectionId":"0HNN9D8K5GPL9","Application":"PetHealth.API","AppEnv":"Development"}
2026-07-24 12:19:25.669 +02:00[INF] - HTTP GET /api/Pet/1 responded 200 in 4.0217 ms {"UserId":"7","RemoteIP":"::1","SourceContext":"Serilog.AspNetCore.RequestLoggingMiddleware","RequestId":"0HNN9D8K5GPL9:00000007","ConnectionId":"0HNN9D8K5GPL9","Application":"PetHealth.API","AppEnv":"Development"}
2026-07-24 12:19:25.694 +02:00[INF] - HTTP GET /api/WeightRecord/1 responded 200 in 28.4098 ms {"UserId":"7","RemoteIP":"::1","SourceContext":"Serilog.AspNetCore.RequestLoggingMiddleware","RequestId":"0HNN9D8K5GPLA:00000002","ConnectionId":"0HNN9D8K5GPLA","Application":"PetHealth.API","AppEnv":"Development"}
2026-07-24 12:19:29.004 +02:00[INF] - HTTP GET /api/Pet/1 responded 200 in 2.5650 ms {"UserId":"7","RemoteIP":"::1","SourceContext":"Serilog.AspNetCore.RequestLoggingMiddleware","RequestId":"0HNN9D8K5GPLA:00000003","ConnectionId":"0HNN9D8K5GPLA","Application":"PetHealth.API","AppEnv":"Development"}
2026-07-24 12:19:39.016 +02:00[INF] - HTTP GET /api/Pet/1 responded 200 in 3.6645 ms {"UserId":"7","RemoteIP":"::1","SourceContext":"Serilog.AspNetCore.RequestLoggingMiddleware","RequestId":"0HNN9D8K5GPL9:00000009","ConnectionId":"0HNN9D8K5GPL9","Application":"PetHealth.API","AppEnv":"Development"}
2026-07-24 12:19:39.016 +02:00[INF] - HTTP GET /api/WeightRecord/1 responded 200 in 3.7316 ms {"UserId":"7","RemoteIP":"::1","SourceContext":"Serilog.AspNetCore.RequestLoggingMiddleware","RequestId":"0HNN9D8K5GPLA:00000005","ConnectionId":"0HNN9D8K5GPLA","Application":"PetHealth.API","AppEnv":"Development"}
2026-07-24 12:22:00.158 +02:00[INF] - HTTP GET /api/Pet/1 responded 200 in 13.2560 ms {"UserId":"7","RemoteIP":"::1","SourceContext":"Serilog.AspNetCore.RequestLoggingMiddleware","RequestId":"0HNN9D8K5GPLC:00000002","ConnectionId":"0HNN9D8K5GPLC","Application":"PetHealth.API","AppEnv":"Development"}
2026-07-24 12:22:00.158 +02:00[INF] - HTTP GET /api/WeightRecord/1 responded 200 in 13.7584 ms {"UserId":"7","RemoteIP":"::1","SourceContext":"Serilog.AspNetCore.RequestLoggingMiddleware","RequestId":"0HNN9D8K5GPLB:00000002","ConnectionId":"0HNN9D8K5GPLB","Application":"PetHealth.API","AppEnv":"Development"}
2026-07-24 12:23:58.039 +02:00[INF] - HTTP GET /api/AppUser/me responded 200 in 4.0905 ms {"UserId":"7","RemoteIP":"::1","SourceContext":"Serilog.AspNetCore.RequestLoggingMiddleware","RequestId":"0HNN9D8K5GPLF:00000002","ConnectionId":"0HNN9D8K5GPLF","Application":"PetHealth.API","AppEnv":"Development"}
2026-07-24 12:24:01.302 +02:00[INF] - HTTP GET /api/Pet/my-pets responded 200 in 4.0710 ms {"UserId":"7","RemoteIP":"::1","SourceContext":"Serilog.AspNetCore.RequestLoggingMiddleware","RequestId":"0HNN9D8K5GPLF:00000004","ConnectionId":"0HNN9D8K5GPLF","Application":"PetHealth.API","AppEnv":"Development"}
2026-07-24 12:25:17.595 +02:00[INF] - HTTP GET /api/Pet/1 responded 200 in 3.3591 ms {"UserId":"7","RemoteIP":"::1","SourceContext":"Serilog.AspNetCore.RequestLoggingMiddleware","RequestId":"0HNN9D8K5GPLF:00000006","ConnectionId":"0HNN9D8K5GPLF","Application":"PetHealth.API","AppEnv":"Development"}
2026-07-24 12:29:11.294 +02:00[INF] - HTTP GET /api/Pet/1 responded 200 in 12.8716 ms {"UserId":"7","RemoteIP":"::1","SourceContext":"Serilog.AspNetCore.RequestLoggingMiddleware","RequestId":"0HNN9D8K5GPLI:00000002","ConnectionId":"0HNN9D8K5GPLI","Application":"PetHealth.API","AppEnv":"Development"}
2026-07-24 13:35:42.004 +02:00[INF] - HTTP POST /Login responded 200 in 28.9630 ms {"UserId":"Anonymous","RemoteIP":"::1","SourceContext":"Serilog.AspNetCore.RequestLoggingMiddleware","RequestId":"0HNN9D8K5GPLL:00000002","ConnectionId":"0HNN9D8K5GPLL","Application":"PetHealth.API","AppEnv":"Development"}
2026-07-24 13:35:43.867 +02:00[INF] - HTTP GET /api/AppUser/me responded 200 in 3.9095 ms {"UserId":"7","RemoteIP":"::1","SourceContext":"Serilog.AspNetCore.RequestLoggingMiddleware","RequestId":"0HNN9D8K5GPLL:00000004","ConnectionId":"0HNN9D8K5GPLL","Application":"PetHealth.API","AppEnv":"Development"}
2026-07-24 13:35:44.275 +02:00[INF] - HTTP GET /api/Pet/my-pets responded 200 in 4.2649 ms {"UserId":"7","RemoteIP":"::1","SourceContext":"Serilog.AspNetCore.RequestLoggingMiddleware","RequestId":"0HNN9D8K5GPLL:00000006","ConnectionId":"0HNN9D8K5GPLL","Application":"PetHealth.API","AppEnv":"Development"}
2026-07-24 13:35:44.906 +02:00[INF] - HTTP GET /api/Pet/1 responded 200 in 4.6743 ms {"UserId":"7","RemoteIP":"::1","SourceContext":"Serilog.AspNetCore.RequestLoggingMiddleware","RequestId":"0HNN9D8K5GPLL:00000008","ConnectionId":"0HNN9D8K5GPLL","Application":"PetHealth.API","AppEnv":"Development"}
2026-07-24 13:43:40.927 +02:00[INF] - HTTP POST /Login responded 200 in 46.2730 ms {"UserId":"Anonymous","RemoteIP":"::1","SourceContext":"Serilog.AspNetCore.RequestLoggingMiddleware","RequestId":"0HNN9D8K5GPLM:00000002","ConnectionId":"0HNN9D8K5GPLM","Application":"PetHealth.API","AppEnv":"Development"}
2026-07-24 13:46:22.779 +02:00[FTL] - Unhandled exception occurred {"SourceContext":"API_PetHealth.Middlewares.GlobalExceptionHandler","RequestId":"0HNN9D8K5GPLN:00000002","RequestPath":"/api/Prescription","ConnectionId":"0HNN9D8K5GPLN","Application":"PetHealth.API","AppEnv":"Development"}
System.InvalidOperationException: La connexion n'est pas fermée. L'état actuel de la connexion est ouvert.
   at Microsoft.Data.ProviderBase.DbConnectionInternal.TryOpenConnection(DbConnection outerConnection, SqlConnectionFactory connectionFactory, TaskCompletionSource`1 retry, DbConnectionOptions userOptions)
   at Microsoft.Data.SqlClient.SqlConnection.TryOpenInner(TaskCompletionSource`1 retry)
   at Microsoft.Data.SqlClient.SqlConnection.TryOpen(TaskCompletionSource`1 retry, SqlConnectionOverrides overrides)
   at Microsoft.Data.SqlClient.SqlConnection.Open(SqlConnectionOverrides overrides)
   at Microsoft.Data.SqlClient.SqlConnection.Open()
   at PetHealth.Infrastructure.Services.PrescriptionService..ctor(IDbConnection dbConnection, ICurrentUserRepository currentUserRepository) in /Users/jordanmal/Documents/Projet Développement /PetHealthApplication/API/API_PetHealth/PetHealth.Infrastructure/Services/PrescriptionService.cs:line 23
   at InvokeStub_PrescriptionService..ctor(Object, Span`1)
   at System.Reflection.RuntimeConstructorInfo.Invoke(BindingFlags invokeAttr, Binder binder, Object[] parameters, CultureInfo culture)
   at Microsoft.Extensions.DependencyInjection.ServiceLookup.CallSiteVisitor`2.VisitCallSite(ServiceCallSite callSite, TArgument argument)
   at Microsoft.Extensions.DependencyInjection.ServiceLookup.DynamicServiceProviderEngine.<>c__DisplayClass2_0.<RealizeService>b__0(ServiceProviderEngineScope scope)
   at Microsoft.Extensions.DependencyInjection.ServiceLookup.ServiceProviderEngineScope.GetService(Type serviceType)
   at lambda_method65(Closure, IServiceProvider, Object[])
   at Microsoft.AspNetCore.Mvc.Controllers.ControllerFactoryProvider.<>c__DisplayClass6_0.<CreateControllerFactory>g__CreateController|0(ControllerContext controllerContext)
   at Microsoft.AspNetCore.Mvc.Infrastructure.ControllerActionInvoker.Next(State& next, Scope& scope, Object& state, Boolean& isCompleted)
   at Microsoft.AspNetCore.Mvc.Infrastructure.ControllerActionInvoker.InvokeInnerFilterAsync()
--- End of stack trace from previous location ---
   at Microsoft.AspNetCore.Mvc.Infrastructure.ResourceInvoker.<InvokeFilterPipelineAsync>g__Awaited|20_0(ResourceInvoker invoker, Task lastTask, State next, Scope scope, Object state, Boolean isCompleted)
   at Microsoft.AspNetCore.Mvc.Infrastructure.ResourceInvoker.<InvokeAsync>g__Logged|17_1(ResourceInvoker invoker)
   at Microsoft.AspNetCore.Mvc.Infrastructure.ResourceInvoker.<InvokeAsync>g__Logged|17_1(ResourceInvoker invoker)
   at Microsoft.AspNetCore.Authorization.AuthorizationMiddleware.Invoke(HttpContext context)
   at Microsoft.AspNetCore.Authentication.AuthenticationMiddleware.Invoke(HttpContext context)
   at Microsoft.AspNetCore.Diagnostics.ExceptionHandlerMiddlewareImpl.<Invoke>g__Awaited|10_0(ExceptionHandlerMiddlewareImpl middleware, HttpContext context, Task task)
2026-07-24 13:46:22.799 +02:00[ERR] - HTTP GET /api/Prescription responded 500 in 38.2849 ms {"UserId":"1","RemoteIP":"::1","SourceContext":"Serilog.AspNetCore.RequestLoggingMiddleware","RequestId":"0HNN9D8K5GPLN:00000002","ConnectionId":"0HNN9D8K5GPLN","Application":"PetHealth.API","AppEnv":"Development"}
2026-07-24 13:47:45.774 +02:00[INF] - Application started {"Application":"PetHealth.API","AppEnv":"Development"}
2026-07-24 13:47:52.354 +02:00[FTL] - Unhandled exception occurred {"SourceContext":"API_PetHealth.Middlewares.GlobalExceptionHandler","RequestId":"0HNN9F5IA2TMB:00000002","RequestPath":"/api/Prescription","ConnectionId":"0HNN9F5IA2TMB","Application":"PetHealth.API","AppEnv":"Development"}
System.InvalidOperationException: La connexion n'est pas fermée. L'état actuel de la connexion est ouvert.
   at Microsoft.Data.ProviderBase.DbConnectionInternal.TryOpenConnection(DbConnection outerConnection, SqlConnectionFactory connectionFactory, TaskCompletionSource`1 retry, DbConnectionOptions userOptions)
   at Microsoft.Data.SqlClient.SqlConnection.TryOpenInner(TaskCompletionSource`1 retry)
   at Microsoft.Data.SqlClient.SqlConnection.TryOpen(TaskCompletionSource`1 retry, SqlConnectionOverrides overrides)
   at Microsoft.Data.SqlClient.SqlConnection.Open(SqlConnectionOverrides overrides)
   at Microsoft.Data.SqlClient.SqlConnection.Open()
   at PetHealth.Infrastructure.Services.PrescriptionService..ctor(IDbConnection dbConnection, ICurrentUserRepository currentUserRepository) in /Users/jordanmal/Documents/Projet Développement /PetHealthApplication/API/API_PetHealth/PetHealth.Infrastructure/Services/PrescriptionService.cs:line 23
   at InvokeStub_PrescriptionService..ctor(Object, Span`1)
   at System.Reflection.MethodBaseInvoker.InvokeWithFewArgs(Object obj, BindingFlags invokeAttr, Binder binder, Object[] parameters, CultureInfo culture)
   at System.Reflection.RuntimeConstructorInfo.Invoke(BindingFlags invokeAttr, Binder binder, Object[] parameters, CultureInfo culture)
   at Microsoft.Extensions.DependencyInjection.ServiceLookup.CallSiteRuntimeResolver.VisitCache(ServiceCallSite callSite, RuntimeResolverContext context, ServiceProviderEngineScope serviceProviderEngine, RuntimeResolverLock lockType)
   at Microsoft.Extensions.DependencyInjection.ServiceLookup.DynamicServiceProviderEngine.<>c__DisplayClass2_0.<RealizeService>b__0(ServiceProviderEngineScope scope)
   at lambda_method9(Closure, IServiceProvider, Object[])
   at Microsoft.AspNetCore.Mvc.Controllers.ControllerFactoryProvider.<>c__DisplayClass6_0.<CreateControllerFactory>g__CreateController|0(ControllerContext controllerContext)
   at Microsoft.AspNetCore.Mvc.Infrastructure.ControllerActionInvoker.Next(State& next, Scope& scope, Object& state, Boolean& isCompleted)
   at Microsoft.AspNetCore.Mvc.Infrastructure.ControllerActionInvoker.InvokeInnerFilterAsync()
--- End of stack trace from previous location ---
   at Microsoft.AspNetCore.Mvc.Infrastructure.ResourceInvoker.<InvokeFilterPipelineAsync>g__Awaited|20_0(ResourceInvoker invoker, Task lastTask, State next, Scope scope, Object state, Boolean isCompleted)
   at Microsoft.AspNetCore.Mvc.Infrastructure.ResourceInvoker.<InvokeAsync>g__Logged|17_1(ResourceInvoker invoker)
   at Microsoft.AspNetCore.Mvc.Infrastructure.ResourceInvoker.<InvokeAsync>g__Logged|17_1(ResourceInvoker invoker)
   at Microsoft.AspNetCore.Authorization.AuthorizationMiddleware.Invoke(HttpContext context)
   at Microsoft.AspNetCore.Authentication.AuthenticationMiddleware.Invoke(HttpContext context)
   at Microsoft.AspNetCore.Diagnostics.ExceptionHandlerMiddlewareImpl.<Invoke>g__Awaited|10_0(ExceptionHandlerMiddlewareImpl middleware, HttpContext context, Task task)
2026-07-24 13:47:52.370 +02:00[ERR] - HTTP GET /api/Prescription responded 500 in 128.8843 ms {"UserId":"1","RemoteIP":"::1","SourceContext":"Serilog.AspNetCore.RequestLoggingMiddleware","RequestId":"0HNN9F5IA2TMB:00000002","ConnectionId":"0HNN9F5IA2TMB","Application":"PetHealth.API","AppEnv":"Development"}
2026-07-24 13:54:14.121 +02:00[FTL] - Unhandled exception occurred {"SourceContext":"API_PetHealth.Middlewares.GlobalExceptionHandler","RequestId":"0HNN9F5IA2TMD:00000002","RequestPath":"/api/Prescription","ConnectionId":"0HNN9F5IA2TMD","Application":"PetHealth.API","AppEnv":"Development"}
System.InvalidOperationException: La connexion n'est pas fermée. L'état actuel de la connexion est ouvert.
   at Microsoft.Data.ProviderBase.DbConnectionInternal.TryOpenConnection(DbConnection outerConnection, SqlConnectionFactory connectionFactory, TaskCompletionSource`1 retry, DbConnectionOptions userOptions)
   at Microsoft.Data.SqlClient.SqlConnection.TryOpenInner(TaskCompletionSource`1 retry)
   at Microsoft.Data.SqlClient.SqlConnection.TryOpen(TaskCompletionSource`1 retry, SqlConnectionOverrides overrides)
   at Microsoft.Data.SqlClient.SqlConnection.Open(SqlConnectionOverrides overrides)
   at Microsoft.Data.SqlClient.SqlConnection.Open()
   at PetHealth.Infrastructure.Services.PrescriptionService..ctor(IDbConnection dbConnection, ICurrentUserRepository currentUserRepository) in /Users/jordanmal/Documents/Projet Développement /PetHealthApplication/API/API_PetHealth/PetHealth.Infrastructure/Services/PrescriptionService.cs:line 23
   at InvokeStub_PrescriptionService..ctor(Object, Span`1)
   at System.Reflection.MethodBaseInvoker.InvokeWithFewArgs(Object obj, BindingFlags invokeAttr, Binder binder, Object[] parameters, CultureInfo culture)
   at System.Reflection.RuntimeConstructorInfo.Invoke(BindingFlags invokeAttr, Binder binder, Object[] parameters, CultureInfo culture)
   at Microsoft.Extensions.DependencyInjection.ServiceLookup.CallSiteRuntimeResolver.VisitCache(ServiceCallSite callSite, RuntimeResolverContext context, ServiceProviderEngineScope serviceProviderEngine, RuntimeResolverLock lockType)
   at Microsoft.Extensions.DependencyInjection.ServiceLookup.DynamicServiceProviderEngine.<>c__DisplayClass2_0.<RealizeService>b__0(ServiceProviderEngineScope scope)
   at Microsoft.Extensions.DependencyInjection.ServiceProvider.GetService(ServiceIdentifier serviceIdentifier, ServiceProviderEngineScope serviceProviderEngineScope)
   at lambda_method9(Closure, IServiceProvider, Object[])
   at Microsoft.AspNetCore.Mvc.Controllers.ControllerFactoryProvider.<>c__DisplayClass6_0.<CreateControllerFactory>g__CreateController|0(ControllerContext controllerContext)
   at Microsoft.AspNetCore.Mvc.Infrastructure.ControllerActionInvoker.Next(State& next, Scope& scope, Object& state, Boolean& isCompleted)
   at Microsoft.AspNetCore.Mvc.Infrastructure.ControllerActionInvoker.InvokeInnerFilterAsync()
--- End of stack trace from previous location ---
   at Microsoft.AspNetCore.Mvc.Infrastructure.ResourceInvoker.<InvokeFilterPipelineAsync>g__Awaited|20_0(ResourceInvoker invoker, Task lastTask, State next, Scope scope, Object state, Boolean isCompleted)
   at Microsoft.AspNetCore.Mvc.Infrastructure.ResourceInvoker.<InvokeAsync>g__Logged|17_1(ResourceInvoker invoker)
   at Microsoft.AspNetCore.Mvc.Infrastructure.ResourceInvoker.<InvokeAsync>g__Logged|17_1(ResourceInvoker invoker)
   at Microsoft.AspNetCore.Authorization.AuthorizationMiddleware.Invoke(HttpContext context)
   at Microsoft.AspNetCore.Authentication.AuthenticationMiddleware.Invoke(HttpContext context)
   at Microsoft.AspNetCore.Diagnostics.ExceptionHandlerMiddlewareImpl.<Invoke>g__Awaited|10_0(ExceptionHandlerMiddlewareImpl middleware, HttpContext context, Task task)
2026-07-24 13:54:14.126 +02:00[ERR] - HTTP GET /api/Prescription responded 500 in 39.8264 ms {"UserId":"1","RemoteIP":"::1","SourceContext":"Serilog.AspNetCore.RequestLoggingMiddleware","RequestId":"0HNN9F5IA2TMD:00000002","ConnectionId":"0HNN9F5IA2TMD","Application":"PetHealth.API","AppEnv":"Development"}
2026-07-24 13:58:20.378 +02:00[INF] - Application started {"Application":"PetHealth.API","AppEnv":"Development"}
2026-07-24 13:58:40.301 +02:00[INF] - HTTP GET /api/Prescription responded 200 in 219.1278 ms {"UserId":"1","RemoteIP":"::1","SourceContext":"Serilog.AspNetCore.RequestLoggingMiddleware","RequestId":"0HNN9FBFI18E4:00000002","ConnectionId":"0HNN9FBFI18E4","Application":"PetHealth.API","AppEnv":"Development"}
2026-07-24 13:58:45.220 +02:00[FTL] - Unhandled exception occurred {"SourceContext":"API_PetHealth.Middlewares.GlobalExceptionHandler","RequestId":"0HNN9FBFI18E4:00000004","RequestPath":"/api/Prescription/Item/33","ConnectionId":"0HNN9FBFI18E4","Application":"PetHealth.API","AppEnv":"Development"}
Microsoft.Data.SqlClient.SqlException (0x80131904): Could not find stored procedure 'Usp_PrescriptionItem_GetById'.
   at Microsoft.Data.SqlClient.SqlCommand.<>c.<ExecuteDbDataReaderAsync>b__270_0(Task`1 result)
   at System.Threading.Tasks.ContinuationResultTaskFromResultTask`2.InnerInvoke()
   at System.Threading.ExecutionContext.RunInternal(ExecutionContext executionContext, ContextCallback callback, Object state)
--- End of stack trace from previous location ---
   at System.Threading.ExecutionContext.RunInternal(ExecutionContext executionContext, ContextCallback callback, Object state)
   at System.Threading.Tasks.Task.ExecuteWithThreadLocal(Task& currentTaskSlot, Thread threadPoolThread)
--- End of stack trace from previous location ---
   at Dapper.SqlMapper.QueryAsync[T](IDbConnection cnn, Type effectiveType, CommandDefinition command) in /_/Dapper/SqlMapper.Async.cs:line 434
   at PetHealth.Infrastructure.Services.PrescriptionService.Execute(GetPrescriptionItemByIdQueryAsync query) in /Users/jordanmal/Documents/Projet Développement /PetHealthApplication/API/API_PetHealth/PetHealth.Infrastructure/Services/PrescriptionService.cs:line 83
   at API_PetHealth.Controllers.PrescriptionController.GetPrescriptionItemsByPrescriptionId(Int32 prescriptionId) in /Users/jordanmal/Documents/Projet Développement /PetHealthApplication/API/API_PetHealth/PetHealth.API/Controllers/PrescriptionController.cs:line 67
   at lambda_method13(Closure, Object)
   at Microsoft.AspNetCore.Mvc.Infrastructure.ActionMethodExecutor.AwaitableObjectResultExecutor.Execute(ActionContext actionContext, IActionResultTypeMapper mapper, ObjectMethodExecutor executor, Object controller, Object[] arguments)
   at Microsoft.AspNetCore.Mvc.Infrastructure.ControllerActionInvoker.<InvokeActionMethodAsync>g__Logged|12_1(ControllerActionInvoker invoker)
   at Microsoft.AspNetCore.Mvc.Infrastructure.ControllerActionInvoker.<InvokeNextActionFilterAsync>g__Awaited|10_0(ControllerActionInvoker invoker, Task lastTask, State next, Scope scope, Object state, Boolean isCompleted)
   at Microsoft.AspNetCore.Mvc.Infrastructure.ControllerActionInvoker.Rethrow(ActionExecutedContextSealed context)
   at Microsoft.AspNetCore.Mvc.Infrastructure.ControllerActionInvoker.Next(State& next, Scope& scope, Object& state, Boolean& isCompleted)
   at Microsoft.AspNetCore.Mvc.Infrastructure.ControllerActionInvoker.<InvokeInnerFilterAsync>g__Awaited|13_0(ControllerActionInvoker invoker, Task lastTask, State next, Scope scope, Object state, Boolean isCompleted)
   at Microsoft.AspNetCore.Mvc.Infrastructure.ResourceInvoker.<InvokeFilterPipelineAsync>g__Awaited|20_0(ResourceInvoker invoker, Task lastTask, State next, Scope scope, Object state, Boolean isCompleted)
   at Microsoft.AspNetCore.Mvc.Infrastructure.ResourceInvoker.<InvokeAsync>g__Logged|17_1(ResourceInvoker invoker)
   at Microsoft.AspNetCore.Mvc.Infrastructure.ResourceInvoker.<InvokeAsync>g__Logged|17_1(ResourceInvoker invoker)
   at Microsoft.AspNetCore.Authorization.AuthorizationMiddleware.Invoke(HttpContext context)
   at Microsoft.AspNetCore.Authentication.AuthenticationMiddleware.Invoke(HttpContext context)
   at Microsoft.AspNetCore.Diagnostics.ExceptionHandlerMiddlewareImpl.<Invoke>g__Awaited|10_0(ExceptionHandlerMiddlewareImpl middleware, HttpContext context, Task task)
ClientConnectionId :4570c096-9da5-4a3a-a640-9195d2f05da7
Error Number :2812,State :62,Class :16
2026-07-24 13:58:45.259 +02:00[ERR] - HTTP GET /api/Prescription/Item/33 responded 500 in 73.7802 ms {"UserId":"1","RemoteIP":"::1","SourceContext":"Serilog.AspNetCore.RequestLoggingMiddleware","RequestId":"0HNN9FBFI18E4:00000004","ConnectionId":"0HNN9FBFI18E4","Application":"PetHealth.API","AppEnv":"Development"}
2026-07-24 13:59:27.118 +02:00[FTL] - Unhandled exception occurred {"SourceContext":"API_PetHealth.Middlewares.GlobalExceptionHandler","RequestId":"0HNN9FBFI18E4:00000006","RequestPath":"/api/Prescription/Item/33","ConnectionId":"0HNN9FBFI18E4","Application":"PetHealth.API","AppEnv":"Development"}
Microsoft.Data.SqlClient.SqlException (0x80131904): Could not find stored procedure 'Usp_PrescriptionItem_GetById'.
   at Microsoft.Data.SqlClient.SqlCommand.<>c.<ExecuteDbDataReaderAsync>b__270_0(Task`1 result)
   at System.Threading.Tasks.ContinuationResultTaskFromResultTask`2.InnerInvoke()
   at System.Threading.ExecutionContext.RunInternal(ExecutionContext executionContext, ContextCallback callback, Object state)
--- End of stack trace from previous location ---
   at System.Threading.ExecutionContext.RunInternal(ExecutionContext executionContext, ContextCallback callback, Object state)
   at System.Threading.Tasks.Task.ExecuteWithThreadLocal(Task& currentTaskSlot, Thread threadPoolThread)
--- End of stack trace from previous location ---
   at Dapper.SqlMapper.QueryAsync[T](IDbConnection cnn, Type effectiveType, CommandDefinition command) in /_/Dapper/SqlMapper.Async.cs:line 434
   at PetHealth.Infrastructure.Services.PrescriptionService.Execute(GetPrescriptionItemByIdQueryAsync query) in /Users/jordanmal/Documents/Projet Développement /PetHealthApplication/API/API_PetHealth/PetHealth.Infrastructure/Services/PrescriptionService.cs:line 83
   at API_PetHealth.Controllers.PrescriptionController.GetPrescriptionItemsByPrescriptionId(Int32 prescriptionId) in /Users/jordanmal/Documents/Projet Développement /PetHealthApplication/API/API_PetHealth/PetHealth.API/Controllers/PrescriptionController.cs:line 67
   at lambda_method13(Closure, Object)
   at Microsoft.AspNetCore.Mvc.Infrastructure.ActionMethodExecutor.AwaitableObjectResultExecutor.Execute(ActionContext actionContext, IActionResultTypeMapper mapper, ObjectMethodExecutor executor, Object controller, Object[] arguments)
   at Microsoft.AspNetCore.Mvc.Infrastructure.ControllerActionInvoker.<InvokeActionMethodAsync>g__Logged|12_1(ControllerActionInvoker invoker)
   at Microsoft.AspNetCore.Mvc.Infrastructure.ControllerActionInvoker.<InvokeNextActionFilterAsync>g__Awaited|10_0(ControllerActionInvoker invoker, Task lastTask, State next, Scope scope, Object state, Boolean isCompleted)
   at Microsoft.AspNetCore.Mvc.Infrastructure.ControllerActionInvoker.Rethrow(ActionExecutedContextSealed context)
   at Microsoft.AspNetCore.Mvc.Infrastructure.ControllerActionInvoker.Next(State& next, Scope& scope, Object& state, Boolean& isCompleted)
   at Microsoft.AspNetCore.Mvc.Infrastructure.ControllerActionInvoker.<InvokeInnerFilterAsync>g__Awaited|13_0(ControllerActionInvoker invoker, Task lastTask, State next, Scope scope, Object state, Boolean isCompleted)
   at Microsoft.AspNetCore.Mvc.Infrastructure.ResourceInvoker.<InvokeFilterPipelineAsync>g__Awaited|20_0(ResourceInvoker invoker, Task lastTask, State next, Scope scope, Object state, Boolean isCompleted)
   at Microsoft.AspNetCore.Mvc.Infrastructure.ResourceInvoker.<InvokeAsync>g__Logged|17_1(ResourceInvoker invoker)
   at Microsoft.AspNetCore.Mvc.Infrastructure.ResourceInvoker.<InvokeAsync>g__Logged|17_1(ResourceInvoker invoker)
   at Microsoft.AspNetCore.Authorization.AuthorizationMiddleware.Invoke(HttpContext context)
   at Microsoft.AspNetCore.Authentication.AuthenticationMiddleware.Invoke(HttpContext context)
   at Microsoft.AspNetCore.Diagnostics.ExceptionHandlerMiddlewareImpl.<Invoke>g__Awaited|10_0(ExceptionHandlerMiddlewareImpl middleware, HttpContext context, Task task)
ClientConnectionId :4570c096-9da5-4a3a-a640-9195d2f05da7
Error Number :2812,State :62,Class :16
2026-07-24 13:59:27.122 +02:00[ERR] - HTTP GET /api/Prescription/Item/33 responded 500 in 13.4640 ms {"UserId":"1","RemoteIP":"::1","SourceContext":"Serilog.AspNetCore.RequestLoggingMiddleware","RequestId":"0HNN9FBFI18E4:00000006","ConnectionId":"0HNN9FBFI18E4","Application":"PetHealth.API","AppEnv":"Development"}
2026-07-24 13:59:33.585 +02:00[FTL] - Unhandled exception occurred {"SourceContext":"API_PetHealth.Middlewares.GlobalExceptionHandler","RequestId":"0HNN9FBFI18E4:00000008","RequestPath":"/api/Prescription/Item/69","ConnectionId":"0HNN9FBFI18E4","Application":"PetHealth.API","AppEnv":"Development"}
Microsoft.Data.SqlClient.SqlException (0x80131904): Could not find stored procedure 'Usp_PrescriptionItem_GetById'.
   at Microsoft.Data.SqlClient.SqlCommand.<>c.<ExecuteDbDataReaderAsync>b__270_0(Task`1 result)
   at System.Threading.Tasks.ContinuationResultTaskFromResultTask`2.InnerInvoke()
   at System.Threading.ExecutionContext.RunInternal(ExecutionContext executionContext, ContextCallback callback, Object state)
--- End of stack trace from previous location ---
   at System.Threading.ExecutionContext.RunInternal(ExecutionContext executionContext, ContextCallback callback, Object state)
   at System.Threading.Tasks.Task.ExecuteWithThreadLocal(Task& currentTaskSlot, Thread threadPoolThread)
--- End of stack trace from previous location ---
   at Dapper.SqlMapper.QueryAsync[T](IDbConnection cnn, Type effectiveType, CommandDefinition command) in /_/Dapper/SqlMapper.Async.cs:line 434
   at PetHealth.Infrastructure.Services.PrescriptionService.Execute(GetPrescriptionItemByIdQueryAsync query) in /Users/jordanmal/Documents/Projet Développement /PetHealthApplication/API/API_PetHealth/PetHealth.Infrastructure/Services/PrescriptionService.cs:line 83
   at API_PetHealth.Controllers.PrescriptionController.GetPrescriptionItemsByPrescriptionId(Int32 prescriptionId) in /Users/jordanmal/Documents/Projet Développement /PetHealthApplication/API/API_PetHealth/PetHealth.API/Controllers/PrescriptionController.cs:line 67
   at lambda_method13(Closure, Object)
   at Microsoft.AspNetCore.Mvc.Infrastructure.ActionMethodExecutor.AwaitableObjectResultExecutor.Execute(ActionContext actionContext, IActionResultTypeMapper mapper, ObjectMethodExecutor executor, Object controller, Object[] arguments)
   at Microsoft.AspNetCore.Mvc.Infrastructure.ControllerActionInvoker.<InvokeActionMethodAsync>g__Logged|12_1(ControllerActionInvoker invoker)
   at Microsoft.AspNetCore.Mvc.Infrastructure.ControllerActionInvoker.<InvokeNextActionFilterAsync>g__Awaited|10_0(ControllerActionInvoker invoker, Task lastTask, State next, Scope scope, Object state, Boolean isCompleted)
   at Microsoft.AspNetCore.Mvc.Infrastructure.ControllerActionInvoker.Rethrow(ActionExecutedContextSealed context)
   at Microsoft.AspNetCore.Mvc.Infrastructure.ControllerActionInvoker.Next(State& next, Scope& scope, Object& state, Boolean& isCompleted)
   at Microsoft.AspNetCore.Mvc.Infrastructure.ControllerActionInvoker.<InvokeInnerFilterAsync>g__Awaited|13_0(ControllerActionInvoker invoker, Task lastTask, State next, Scope scope, Object state, Boolean isCompleted)
   at Microsoft.AspNetCore.Mvc.Infrastructure.ResourceInvoker.<InvokeFilterPipelineAsync>g__Awaited|20_0(ResourceInvoker invoker, Task lastTask, State next, Scope scope, Object state, Boolean isCompleted)
   at Microsoft.AspNetCore.Mvc.Infrastructure.ResourceInvoker.<InvokeAsync>g__Logged|17_1(ResourceInvoker invoker)
   at Microsoft.AspNetCore.Mvc.Infrastructure.ResourceInvoker.<InvokeAsync>g__Logged|17_1(ResourceInvoker invoker)
   at Microsoft.AspNetCore.Authorization.AuthorizationMiddleware.Invoke(HttpContext context)
   at Microsoft.AspNetCore.Authentication.AuthenticationMiddleware.Invoke(HttpContext context)
   at Microsoft.AspNetCore.Diagnostics.ExceptionHandlerMiddlewareImpl.<Invoke>g__Awaited|10_0(ExceptionHandlerMiddlewareImpl middleware, HttpContext context, Task task)
ClientConnectionId :4570c096-9da5-4a3a-a640-9195d2f05da7
Error Number :2812,State :62,Class :16
2026-07-24 13:59:33.590 +02:00[ERR] - HTTP GET /api/Prescription/Item/69 responded 500 in 17.2794 ms {"UserId":"1","RemoteIP":"::1","SourceContext":"Serilog.AspNetCore.RequestLoggingMiddleware","RequestId":"0HNN9FBFI18E4:00000008","ConnectionId":"0HNN9FBFI18E4","Application":"PetHealth.API","AppEnv":"Development"}
2026-07-24 13:59:34.679 +02:00[FTL] - Unhandled exception occurred {"SourceContext":"API_PetHealth.Middlewares.GlobalExceptionHandler","RequestId":"0HNN9FBFI18E4:0000000A","RequestPath":"/api/Prescription/Item/70","ConnectionId":"0HNN9FBFI18E4","Application":"PetHealth.API","AppEnv":"Development"}
Microsoft.Data.SqlClient.SqlException (0x80131904): Could not find stored procedure 'Usp_PrescriptionItem_GetById'.
   at Microsoft.Data.SqlClient.SqlCommand.<>c.<ExecuteDbDataReaderAsync>b__270_0(Task`1 result)
   at System.Threading.Tasks.ContinuationResultTaskFromResultTask`2.InnerInvoke()
   at System.Threading.ExecutionContext.RunInternal(ExecutionContext executionContext, ContextCallback callback, Object state)
--- End of stack trace from previous location ---
   at System.Threading.ExecutionContext.RunInternal(ExecutionContext executionContext, ContextCallback callback, Object state)
   at System.Threading.Tasks.Task.ExecuteWithThreadLocal(Task& currentTaskSlot, Thread threadPoolThread)
--- End of stack trace from previous location ---
   at Dapper.SqlMapper.QueryAsync[T](IDbConnection cnn, Type effectiveType, CommandDefinition command) in /_/Dapper/SqlMapper.Async.cs:line 434
   at PetHealth.Infrastructure.Services.PrescriptionService.Execute(GetPrescriptionItemByIdQueryAsync query) in /Users/jordanmal/Documents/Projet Développement /PetHealthApplication/API/API_PetHealth/PetHealth.Infrastructure/Services/PrescriptionService.cs:line 83
   at API_PetHealth.Controllers.PrescriptionController.GetPrescriptionItemsByPrescriptionId(Int32 prescriptionId) in /Users/jordanmal/Documents/Projet Développement /PetHealthApplication/API/API_PetHealth/PetHealth.API/Controllers/PrescriptionController.cs:line 67
   at lambda_method13(Closure, Object)
   at Microsoft.AspNetCore.Mvc.Infrastructure.ActionMethodExecutor.AwaitableObjectResultExecutor.Execute(ActionContext actionContext, IActionResultTypeMapper mapper, ObjectMethodExecutor executor, Object controller, Object[] arguments)
   at Microsoft.AspNetCore.Mvc.Infrastructure.ControllerActionInvoker.<InvokeActionMethodAsync>g__Logged|12_1(ControllerActionInvoker invoker)
   at Microsoft.AspNetCore.Mvc.Infrastructure.ControllerActionInvoker.<InvokeNextActionFilterAsync>g__Awaited|10_0(ControllerActionInvoker invoker, Task lastTask, State next, Scope scope, Object state, Boolean isCompleted)
   at Microsoft.AspNetCore.Mvc.Infrastructure.ControllerActionInvoker.Rethrow(ActionExecutedContextSealed context)
   at Microsoft.AspNetCore.Mvc.Infrastructure.ControllerActionInvoker.Next(State& next, Scope& scope, Object& state, Boolean& isCompleted)
   at Microsoft.AspNetCore.Mvc.Infrastructure.ControllerActionInvoker.<InvokeInnerFilterAsync>g__Awaited|13_0(ControllerActionInvoker invoker, Task lastTask, State next, Scope scope, Object state, Boolean isCompleted)
   at Microsoft.AspNetCore.Mvc.Infrastructure.ResourceInvoker.<InvokeFilterPipelineAsync>g__Awaited|20_0(ResourceInvoker invoker, Task lastTask, State next, Scope scope, Object state, Boolean isCompleted)
   at Microsoft.AspNetCore.Mvc.Infrastructure.ResourceInvoker.<InvokeAsync>g__Logged|17_1(ResourceInvoker invoker)
   at Microsoft.AspNetCore.Mvc.Infrastructure.ResourceInvoker.<InvokeAsync>g__Logged|17_1(ResourceInvoker invoker)
   at Microsoft.AspNetCore.Authorization.AuthorizationMiddleware.Invoke(HttpContext context)
   at Microsoft.AspNetCore.Authentication.AuthenticationMiddleware.Invoke(HttpContext context)
   at Microsoft.AspNetCore.Diagnostics.ExceptionHandlerMiddlewareImpl.<Invoke>g__Awaited|10_0(ExceptionHandlerMiddlewareImpl middleware, HttpContext context, Task task)
ClientConnectionId :4570c096-9da5-4a3a-a640-9195d2f05da7
Error Number :2812,State :62,Class :16
2026-07-24 13:59:34.683 +02:00[ERR] - HTTP GET /api/Prescription/Item/70 responded 500 in 9.9053 ms {"UserId":"1","RemoteIP":"::1","SourceContext":"Serilog.AspNetCore.RequestLoggingMiddleware","RequestId":"0HNN9FBFI18E4:0000000A","ConnectionId":"0HNN9FBFI18E4","Application":"PetHealth.API","AppEnv":"Development"}
2026-07-24 13:59:35.857 +02:00[FTL] - Unhandled exception occurred {"SourceContext":"API_PetHealth.Middlewares.GlobalExceptionHandler","RequestId":"0HNN9FBFI18E4:0000000C","RequestPath":"/api/Prescription/Item/52","ConnectionId":"0HNN9FBFI18E4","Application":"PetHealth.API","AppEnv":"Development"}
Microsoft.Data.SqlClient.SqlException (0x80131904): Could not find stored procedure 'Usp_PrescriptionItem_GetById'.
   at Microsoft.Data.SqlClient.SqlCommand.<>c.<ExecuteDbDataReaderAsync>b__270_0(Task`1 result)
   at System.Threading.Tasks.ContinuationResultTaskFromResultTask`2.InnerInvoke()
   at System.Threading.ExecutionContext.RunInternal(ExecutionContext executionContext, ContextCallback callback, Object state)
--- End of stack trace from previous location ---
   at System.Threading.ExecutionContext.RunInternal(ExecutionContext executionContext, ContextCallback callback, Object state)
   at System.Threading.Tasks.Task.ExecuteWithThreadLocal(Task& currentTaskSlot, Thread threadPoolThread)
--- End of stack trace from previous location ---
   at Dapper.SqlMapper.QueryAsync[T](IDbConnection cnn, Type effectiveType, CommandDefinition command) in /_/Dapper/SqlMapper.Async.cs:line 434
   at PetHealth.Infrastructure.Services.PrescriptionService.Execute(GetPrescriptionItemByIdQueryAsync query) in /Users/jordanmal/Documents/Projet Développement /PetHealthApplication/API/API_PetHealth/PetHealth.Infrastructure/Services/PrescriptionService.cs:line 83
   at API_PetHealth.Controllers.PrescriptionController.GetPrescriptionItemsByPrescriptionId(Int32 prescriptionId) in /Users/jordanmal/Documents/Projet Développement /PetHealthApplication/API/API_PetHealth/PetHealth.API/Controllers/PrescriptionController.cs:line 67
   at lambda_method13(Closure, Object)
   at Microsoft.AspNetCore.Mvc.Infrastructure.ActionMethodExecutor.AwaitableObjectResultExecutor.Execute(ActionContext actionContext, IActionResultTypeMapper mapper, ObjectMethodExecutor executor, Object controller, Object[] arguments)
   at Microsoft.AspNetCore.Mvc.Infrastructure.ControllerActionInvoker.<InvokeActionMethodAsync>g__Logged|12_1(ControllerActionInvoker invoker)
   at Microsoft.AspNetCore.Mvc.Infrastructure.ControllerActionInvoker.<InvokeNextActionFilterAsync>g__Awaited|10_0(ControllerActionInvoker invoker, Task lastTask, State next, Scope scope, Object state, Boolean isCompleted)
   at Microsoft.AspNetCore.Mvc.Infrastructure.ControllerActionInvoker.Rethrow(ActionExecutedContextSealed context)
   at Microsoft.AspNetCore.Mvc.Infrastructure.ControllerActionInvoker.Next(State& next, Scope& scope, Object& state, Boolean& isCompleted)
   at Microsoft.AspNetCore.Mvc.Infrastructure.ControllerActionInvoker.<InvokeInnerFilterAsync>g__Awaited|13_0(ControllerActionInvoker invoker, Task lastTask, State next, Scope scope, Object state, Boolean isCompleted)
   at Microsoft.AspNetCore.Mvc.Infrastructure.ResourceInvoker.<InvokeFilterPipelineAsync>g__Awaited|20_0(ResourceInvoker invoker, Task lastTask, State next, Scope scope, Object state, Boolean isCompleted)
   at Microsoft.AspNetCore.Mvc.Infrastructure.ResourceInvoker.<InvokeAsync>g__Logged|17_1(ResourceInvoker invoker)
   at Microsoft.AspNetCore.Mvc.Infrastructure.ResourceInvoker.<InvokeAsync>g__Logged|17_1(ResourceInvoker invoker)
   at Microsoft.AspNetCore.Authorization.AuthorizationMiddleware.Invoke(HttpContext context)
   at Microsoft.AspNetCore.Authentication.AuthenticationMiddleware.Invoke(HttpContext context)
   at Microsoft.AspNetCore.Diagnostics.ExceptionHandlerMiddlewareImpl.<Invoke>g__Awaited|10_0(ExceptionHandlerMiddlewareImpl middleware, HttpContext context, Task task)
ClientConnectionId :4570c096-9da5-4a3a-a640-9195d2f05da7
Error Number :2812,State :62,Class :16
2026-07-24 13:59:35.860 +02:00[ERR] - HTTP GET /api/Prescription/Item/52 responded 500 in 5.6723 ms {"UserId":"1","RemoteIP":"::1","SourceContext":"Serilog.AspNetCore.RequestLoggingMiddleware","RequestId":"0HNN9FBFI18E4:0000000C","ConnectionId":"0HNN9FBFI18E4","Application":"PetHealth.API","AppEnv":"Development"}
2026-07-24 13:59:37.047 +02:00[FTL] - Unhandled exception occurred {"SourceContext":"API_PetHealth.Middlewares.GlobalExceptionHandler","RequestId":"0HNN9FBFI18E4:0000000E","RequestPath":"/api/Prescription/Item/63","ConnectionId":"0HNN9FBFI18E4","Application":"PetHealth.API","AppEnv":"Development"}
Microsoft.Data.SqlClient.SqlException (0x80131904): Could not find stored procedure 'Usp_PrescriptionItem_GetById'.
   at Microsoft.Data.SqlClient.SqlCommand.<>c.<ExecuteDbDataReaderAsync>b__270_0(Task`1 result)
   at System.Threading.Tasks.ContinuationResultTaskFromResultTask`2.InnerInvoke()
   at System.Threading.ExecutionContext.RunInternal(ExecutionContext executionContext, ContextCallback callback, Object state)
--- End of stack trace from previous location ---
   at System.Threading.ExecutionContext.RunInternal(ExecutionContext executionContext, ContextCallback callback, Object state)
   at System.Threading.Tasks.Task.ExecuteWithThreadLocal(Task& currentTaskSlot, Thread threadPoolThread)
--- End of stack trace from previous location ---
   at Dapper.SqlMapper.QueryAsync[T](IDbConnection cnn, Type effectiveType, CommandDefinition command) in /_/Dapper/SqlMapper.Async.cs:line 434
   at PetHealth.Infrastructure.Services.PrescriptionService.Execute(GetPrescriptionItemByIdQueryAsync query) in /Users/jordanmal/Documents/Projet Développement /PetHealthApplication/API/API_PetHealth/PetHealth.Infrastructure/Services/PrescriptionService.cs:line 83
   at API_PetHealth.Controllers.PrescriptionController.GetPrescriptionItemsByPrescriptionId(Int32 prescriptionId) in /Users/jordanmal/Documents/Projet Développement /PetHealthApplication/API/API_PetHealth/PetHealth.API/Controllers/PrescriptionController.cs:line 67
   at lambda_method13(Closure, Object)
   at Microsoft.AspNetCore.Mvc.Infrastructure.ActionMethodExecutor.AwaitableObjectResultExecutor.Execute(ActionContext actionContext, IActionResultTypeMapper mapper, ObjectMethodExecutor executor, Object controller, Object[] arguments)
   at Microsoft.AspNetCore.Mvc.Infrastructure.ControllerActionInvoker.<InvokeActionMethodAsync>g__Logged|12_1(ControllerActionInvoker invoker)
   at Microsoft.AspNetCore.Mvc.Infrastructure.ControllerActionInvoker.<InvokeNextActionFilterAsync>g__Awaited|10_0(ControllerActionInvoker invoker, Task lastTask, State next, Scope scope, Object state, Boolean isCompleted)
   at Microsoft.AspNetCore.Mvc.Infrastructure.ControllerActionInvoker.Rethrow(ActionExecutedContextSealed context)
   at Microsoft.AspNetCore.Mvc.Infrastructure.ControllerActionInvoker.Next(State& next, Scope& scope, Object& state, Boolean& isCompleted)
   at Microsoft.AspNetCore.Mvc.Infrastructure.ControllerActionInvoker.<InvokeInnerFilterAsync>g__Awaited|13_0(ControllerActionInvoker invoker, Task lastTask, State next, Scope scope, Object state, Boolean isCompleted)
   at Microsoft.AspNetCore.Mvc.Infrastructure.ResourceInvoker.<InvokeFilterPipelineAsync>g__Awaited|20_0(ResourceInvoker invoker, Task lastTask, State next, Scope scope, Object state, Boolean isCompleted)
   at Microsoft.AspNetCore.Mvc.Infrastructure.ResourceInvoker.<InvokeAsync>g__Logged|17_1(ResourceInvoker invoker)
   at Microsoft.AspNetCore.Mvc.Infrastructure.ResourceInvoker.<InvokeAsync>g__Logged|17_1(ResourceInvoker invoker)
   at Microsoft.AspNetCore.Authorization.AuthorizationMiddleware.Invoke(HttpContext context)
   at Microsoft.AspNetCore.Authentication.AuthenticationMiddleware.Invoke(HttpContext context)
   at Microsoft.AspNetCore.Diagnostics.ExceptionHandlerMiddlewareImpl.<Invoke>g__Awaited|10_0(ExceptionHandlerMiddlewareImpl middleware, HttpContext context, Task task)
ClientConnectionId :4570c096-9da5-4a3a-a640-9195d2f05da7
Error Number :2812,State :62,Class :16
2026-07-24 13:59:37.050 +02:00[ERR] - HTTP GET /api/Prescription/Item/63 responded 500 in 12.0039 ms {"UserId":"1","RemoteIP":"::1","SourceContext":"Serilog.AspNetCore.RequestLoggingMiddleware","RequestId":"0HNN9FBFI18E4:0000000E","ConnectionId":"0HNN9FBFI18E4","Application":"PetHealth.API","AppEnv":"Development"}
2026-07-24 13:59:38.776 +02:00[FTL] - Unhandled exception occurred {"SourceContext":"API_PetHealth.Middlewares.GlobalExceptionHandler","RequestId":"0HNN9FBFI18E4:00000010","RequestPath":"/api/Prescription/Item/47","ConnectionId":"0HNN9FBFI18E4","Application":"PetHealth.API","AppEnv":"Development"}
Microsoft.Data.SqlClient.SqlException (0x80131904): Could not find stored procedure 'Usp_PrescriptionItem_GetById'.
   at Microsoft.Data.SqlClient.SqlCommand.<>c.<ExecuteDbDataReaderAsync>b__270_0(Task`1 result)
   at System.Threading.Tasks.ContinuationResultTaskFromResultTask`2.InnerInvoke()
   at System.Threading.ExecutionContext.RunInternal(ExecutionContext executionContext, ContextCallback callback, Object state)
--- End of stack trace from previous location ---
   at System.Threading.ExecutionContext.RunInternal(ExecutionContext executionContext, ContextCallback callback, Object state)
   at System.Threading.Tasks.Task.ExecuteWithThreadLocal(Task& currentTaskSlot, Thread threadPoolThread)
--- End of stack trace from previous location ---
   at Dapper.SqlMapper.QueryAsync[T](IDbConnection cnn, Type effectiveType, CommandDefinition command) in /_/Dapper/SqlMapper.Async.cs:line 434
   at PetHealth.Infrastructure.Services.PrescriptionService.Execute(GetPrescriptionItemByIdQueryAsync query) in /Users/jordanmal/Documents/Projet Développement /PetHealthApplication/API/API_PetHealth/PetHealth.Infrastructure/Services/PrescriptionService.cs:line 83
   at API_PetHealth.Controllers.PrescriptionController.GetPrescriptionItemsByPrescriptionId(Int32 prescriptionId) in /Users/jordanmal/Documents/Projet Développement /PetHealthApplication/API/API_PetHealth/PetHealth.API/Controllers/PrescriptionController.cs:line 67
   at lambda_method13(Closure, Object)
   at Microsoft.AspNetCore.Mvc.Infrastructure.ActionMethodExecutor.AwaitableObjectResultExecutor.Execute(ActionContext actionContext, IActionResultTypeMapper mapper, ObjectMethodExecutor executor, Object controller, Object[] arguments)
   at Microsoft.AspNetCore.Mvc.Infrastructure.ControllerActionInvoker.<InvokeActionMethodAsync>g__Logged|12_1(ControllerActionInvoker invoker)
   at Microsoft.AspNetCore.Mvc.Infrastructure.ControllerActionInvoker.<InvokeNextActionFilterAsync>g__Awaited|10_0(ControllerActionInvoker invoker, Task lastTask, State next, Scope scope, Object state, Boolean isCompleted)
   at Microsoft.AspNetCore.Mvc.Infrastructure.ControllerActionInvoker.Rethrow(ActionExecutedContextSealed context)
   at Microsoft.AspNetCore.Mvc.Infrastructure.ControllerActionInvoker.Next(State& next, Scope& scope, Object& state, Boolean& isCompleted)
   at Microsoft.AspNetCore.Mvc.Infrastructure.ControllerActionInvoker.<InvokeInnerFilterAsync>g__Awaited|13_0(ControllerActionInvoker invoker, Task lastTask, State next, Scope scope, Object state, Boolean isCompleted)
   at Microsoft.AspNetCore.Mvc.Infrastructure.ResourceInvoker.<InvokeFilterPipelineAsync>g__Awaited|20_0(ResourceInvoker invoker, Task lastTask, State next, Scope scope, Object state, Boolean isCompleted)
   at Microsoft.AspNetCore.Mvc.Infrastructure.ResourceInvoker.<InvokeAsync>g__Logged|17_1(ResourceInvoker invoker)
   at Microsoft.AspNetCore.Mvc.Infrastructure.ResourceInvoker.<InvokeAsync>g__Logged|17_1(ResourceInvoker invoker)
   at Microsoft.AspNetCore.Authorization.AuthorizationMiddleware.Invoke(HttpContext context)
   at Microsoft.AspNetCore.Authentication.AuthenticationMiddleware.Invoke(HttpContext context)
   at Microsoft.AspNetCore.Diagnostics.ExceptionHandlerMiddlewareImpl.<Invoke>g__Awaited|10_0(ExceptionHandlerMiddlewareImpl middleware, HttpContext context, Task task)
ClientConnectionId :4570c096-9da5-4a3a-a640-9195d2f05da7
Error Number :2812,State :62,Class :16
2026-07-24 13:59:38.780 +02:00[ERR] - HTTP GET /api/Prescription/Item/47 responded 500 in 8.5048 ms {"UserId":"1","RemoteIP":"::1","SourceContext":"Serilog.AspNetCore.RequestLoggingMiddleware","RequestId":"0HNN9FBFI18E4:00000010","ConnectionId":"0HNN9FBFI18E4","Application":"PetHealth.API","AppEnv":"Development"}
2026-07-24 14:00:54.029 +02:00[INF] - Application started {"Application":"PetHealth.API","AppEnv":"Development"}
2026-07-24 14:00:57.478 +02:00[INF] - HTTP GET /api/Prescription responded 200 in 175.5376 ms {"UserId":"1","RemoteIP":"::1","SourceContext":"Serilog.AspNetCore.RequestLoggingMiddleware","RequestId":"0HNN9FCS90EEL:00000002","ConnectionId":"0HNN9FCS90EEL","Application":"PetHealth.API","AppEnv":"Development"}
2026-07-24 14:00:58.577 +02:00[FTL] - Unhandled exception occurred {"SourceContext":"API_PetHealth.Middlewares.GlobalExceptionHandler","RequestId":"0HNN9FCS90EEL:00000004","RequestPath":"/api/Prescription/Item/33","ConnectionId":"0HNN9FCS90EEL","Application":"PetHealth.API","AppEnv":"Development"}
Microsoft.Data.SqlClient.SqlException (0x80131904): Procedure or function 'usp_PrescriptionItem_GetByPrescriptionId' expects parameter '@PrescriptionId', which was not supplied.
   at Microsoft.Data.SqlClient.SqlCommand.<>c.<ExecuteDbDataReaderAsync>b__270_0(Task`1 result)
   at System.Threading.Tasks.ContinuationResultTaskFromResultTask`2.InnerInvoke()
   at System.Threading.ExecutionContext.RunInternal(ExecutionContext executionContext, ContextCallback callback, Object state)
--- End of stack trace from previous location ---
   at System.Threading.ExecutionContext.RunInternal(ExecutionContext executionContext, ContextCallback callback, Object state)
   at System.Threading.Tasks.Task.ExecuteWithThreadLocal(Task& currentTaskSlot, Thread threadPoolThread)
--- End of stack trace from previous location ---
   at Dapper.SqlMapper.QueryAsync[T](IDbConnection cnn, Type effectiveType, CommandDefinition command) in /_/Dapper/SqlMapper.Async.cs:line 434
   at PetHealth.Infrastructure.Services.PrescriptionService.Execute(GetPrescriptionItemByIdQueryAsync query) in /Users/jordanmal/Documents/Projet Développement /PetHealthApplication/API/API_PetHealth/PetHealth.Infrastructure/Services/PrescriptionService.cs:line 83
   at API_PetHealth.Controllers.PrescriptionController.GetPrescriptionItemsByPrescriptionId(Int32 prescriptionId) in /Users/jordanmal/Documents/Projet Développement /PetHealthApplication/API/API_PetHealth/PetHealth.API/Controllers/PrescriptionController.cs:line 67
   at lambda_method13(Closure, Object)
   at Microsoft.AspNetCore.Mvc.Infrastructure.ActionMethodExecutor.AwaitableObjectResultExecutor.Execute(ActionContext actionContext, IActionResultTypeMapper mapper, ObjectMethodExecutor executor, Object controller, Object[] arguments)
   at Microsoft.AspNetCore.Mvc.Infrastructure.ControllerActionInvoker.<InvokeActionMethodAsync>g__Logged|12_1(ControllerActionInvoker invoker)
   at Microsoft.AspNetCore.Mvc.Infrastructure.ControllerActionInvoker.<InvokeNextActionFilterAsync>g__Awaited|10_0(ControllerActionInvoker invoker, Task lastTask, State next, Scope scope, Object state, Boolean isCompleted)
   at Microsoft.AspNetCore.Mvc.Infrastructure.ControllerActionInvoker.Rethrow(ActionExecutedContextSealed context)
   at Microsoft.AspNetCore.Mvc.Infrastructure.ControllerActionInvoker.Next(State& next, Scope& scope, Object& state, Boolean& isCompleted)
   at Microsoft.AspNetCore.Mvc.Infrastructure.ControllerActionInvoker.<InvokeInnerFilterAsync>g__Awaited|13_0(ControllerActionInvoker invoker, Task lastTask, State next, Scope scope, Object state, Boolean isCompleted)
   at Microsoft.AspNetCore.Mvc.Infrastructure.ResourceInvoker.<InvokeFilterPipelineAsync>g__Awaited|20_0(ResourceInvoker invoker, Task lastTask, State next, Scope scope, Object state, Boolean isCompleted)
   at Microsoft.AspNetCore.Mvc.Infrastructure.ResourceInvoker.<InvokeAsync>g__Logged|17_1(ResourceInvoker invoker)
   at Microsoft.AspNetCore.Mvc.Infrastructure.ResourceInvoker.<InvokeAsync>g__Logged|17_1(ResourceInvoker invoker)
   at Microsoft.AspNetCore.Authorization.AuthorizationMiddleware.Invoke(HttpContext context)
   at Microsoft.AspNetCore.Authentication.AuthenticationMiddleware.Invoke(HttpContext context)
   at Microsoft.AspNetCore.Diagnostics.ExceptionHandlerMiddlewareImpl.<Invoke>g__Awaited|10_0(ExceptionHandlerMiddlewareImpl middleware, HttpContext context, Task task)
ClientConnectionId :3a1bf5ed-7e70-49d5-90bc-26633db81d0a
Error Number :201,State :4,Class :16
2026-07-24 14:00:58.609 +02:00[ERR] - HTTP GET /api/Prescription/Item/33 responded 500 in 65.5792 ms {"UserId":"1","RemoteIP":"::1","SourceContext":"Serilog.AspNetCore.RequestLoggingMiddleware","RequestId":"0HNN9FCS90EEL:00000004","ConnectionId":"0HNN9FCS90EEL","Application":"PetHealth.API","AppEnv":"Development"}
2026-07-24 14:04:13.337 +02:00[INF] - HTTP GET /api/Prescription responded 200 in 24.8233 ms {"UserId":"1","RemoteIP":"::1","SourceContext":"Serilog.AspNetCore.RequestLoggingMiddleware","RequestId":"0HNN9FCS90EEM:00000002","ConnectionId":"0HNN9FCS90EEM","Application":"PetHealth.API","AppEnv":"Development"}
2026-07-24 14:04:14.312 +02:00[FTL] - Unhandled exception occurred {"SourceContext":"API_PetHealth.Middlewares.GlobalExceptionHandler","RequestId":"0HNN9FCS90EEM:00000004","RequestPath":"/api/Prescription/Item/33","ConnectionId":"0HNN9FCS90EEM","Application":"PetHealth.API","AppEnv":"Development"}
Microsoft.Data.SqlClient.SqlException (0x80131904): Procedure or function 'usp_PrescriptionItem_GetByPrescriptionId' expects parameter '@PrescriptionId', which was not supplied.
   at Microsoft.Data.SqlClient.SqlCommand.<>c.<ExecuteDbDataReaderAsync>b__270_0(Task`1 result)
   at System.Threading.Tasks.ContinuationResultTaskFromResultTask`2.InnerInvoke()
   at System.Threading.ExecutionContext.RunInternal(ExecutionContext executionContext, ContextCallback callback, Object state)
--- End of stack trace from previous location ---
   at System.Threading.ExecutionContext.RunInternal(ExecutionContext executionContext, ContextCallback callback, Object state)
   at System.Threading.Tasks.Task.ExecuteWithThreadLocal(Task& currentTaskSlot, Thread threadPoolThread)
--- End of stack trace from previous location ---
   at Dapper.SqlMapper.QueryAsync[T](IDbConnection cnn, Type effectiveType, CommandDefinition command) in /_/Dapper/SqlMapper.Async.cs:line 434
   at PetHealth.Infrastructure.Services.PrescriptionService.Execute(GetPrescriptionItemByIdQueryAsync query) in /Users/jordanmal/Documents/Projet Développement /PetHealthApplication/API/API_PetHealth/PetHealth.Infrastructure/Services/PrescriptionService.cs:line 83
   at API_PetHealth.Controllers.PrescriptionController.GetPrescriptionItemsByPrescriptionId(Int32 prescriptionId) in /Users/jordanmal/Documents/Projet Développement /PetHealthApplication/API/API_PetHealth/PetHealth.API/Controllers/PrescriptionController.cs:line 67
   at lambda_method13(Closure, Object)
   at Microsoft.AspNetCore.Mvc.Infrastructure.ActionMethodExecutor.AwaitableObjectResultExecutor.Execute(ActionContext actionContext, IActionResultTypeMapper mapper, ObjectMethodExecutor executor, Object controller, Object[] arguments)
   at Microsoft.AspNetCore.Mvc.Infrastructure.ControllerActionInvoker.<InvokeActionMethodAsync>g__Logged|12_1(ControllerActionInvoker invoker)
   at Microsoft.AspNetCore.Mvc.Infrastructure.ControllerActionInvoker.<InvokeNextActionFilterAsync>g__Awaited|10_0(ControllerActionInvoker invoker, Task lastTask, State next, Scope scope, Object state, Boolean isCompleted)
   at Microsoft.AspNetCore.Mvc.Infrastructure.ControllerActionInvoker.Rethrow(ActionExecutedContextSealed context)
   at Microsoft.AspNetCore.Mvc.Infrastructure.ControllerActionInvoker.Next(State& next, Scope& scope, Object& state, Boolean& isCompleted)
   at Microsoft.AspNetCore.Mvc.Infrastructure.ControllerActionInvoker.<InvokeInnerFilterAsync>g__Awaited|13_0(ControllerActionInvoker invoker, Task lastTask, State next, Scope scope, Object state, Boolean isCompleted)
   at Microsoft.AspNetCore.Mvc.Infrastructure.ResourceInvoker.<InvokeFilterPipelineAsync>g__Awaited|20_0(ResourceInvoker invoker, Task lastTask, State next, Scope scope, Object state, Boolean isCompleted)
   at Microsoft.AspNetCore.Mvc.Infrastructure.ResourceInvoker.<InvokeAsync>g__Logged|17_1(ResourceInvoker invoker)
   at Microsoft.AspNetCore.Mvc.Infrastructure.ResourceInvoker.<InvokeAsync>g__Logged|17_1(ResourceInvoker invoker)
   at Microsoft.AspNetCore.Authorization.AuthorizationMiddleware.Invoke(HttpContext context)
   at Microsoft.AspNetCore.Authentication.AuthenticationMiddleware.Invoke(HttpContext context)
   at Microsoft.AspNetCore.Diagnostics.ExceptionHandlerMiddlewareImpl.<Invoke>g__Awaited|10_0(ExceptionHandlerMiddlewareImpl middleware, HttpContext context, Task task)
ClientConnectionId :3a1bf5ed-7e70-49d5-90bc-26633db81d0a
Error Number :201,State :4,Class :16
2026-07-24 14:04:14.314 +02:00[ERR] - HTTP GET /api/Prescription/Item/33 responded 500 in 8.8920 ms {"UserId":"1","RemoteIP":"::1","SourceContext":"Serilog.AspNetCore.RequestLoggingMiddleware","RequestId":"0HNN9FCS90EEM:00000004","ConnectionId":"0HNN9FCS90EEM","Application":"PetHealth.API","AppEnv":"Development"}
2026-07-24 14:04:36.628 +02:00[INF] - Application started {"Application":"PetHealth.API","AppEnv":"Development"}
2026-07-24 14:04:38.289 +02:00[INF] - HTTP GET /api/Prescription responded 200 in 173.1771 ms {"UserId":"1","RemoteIP":"::1","SourceContext":"Serilog.AspNetCore.RequestLoggingMiddleware","RequestId":"0HNN9FEU2UDB1:00000002","ConnectionId":"0HNN9FEU2UDB1","Application":"PetHealth.API","AppEnv":"Development"}
2026-07-24 14:04:39.404 +02:00[INF] - HTTP GET /api/Prescription/Item/33 responded 200 in 65.5227 ms {"UserId":"1","RemoteIP":"::1","SourceContext":"Serilog.AspNetCore.RequestLoggingMiddleware","RequestId":"0HNN9FEU2UDB1:00000004","ConnectionId":"0HNN9FEU2UDB1","Application":"PetHealth.API","AppEnv":"Development"}
2026-07-24 14:08:41.357 +02:00[INF] - HTTP GET /api/Prescription/Item/70 responded 200 in 19.3234 ms {"UserId":"1","RemoteIP":"::1","SourceContext":"Serilog.AspNetCore.RequestLoggingMiddleware","RequestId":"0HNN9FEU2UDB2:00000002","ConnectionId":"0HNN9FEU2UDB2","Application":"PetHealth.API","AppEnv":"Development"}
2026-07-24 14:08:43.087 +02:00[INF] - HTTP GET /api/Prescription/Item/69 responded 200 in 7.4033 ms {"UserId":"1","RemoteIP":"::1","SourceContext":"Serilog.AspNetCore.RequestLoggingMiddleware","RequestId":"0HNN9FEU2UDB2:00000004","ConnectionId":"0HNN9FEU2UDB2","Application":"PetHealth.API","AppEnv":"Development"}
2026-07-24 14:08:44.852 +02:00[INF] - HTTP GET /api/Prescription/Item/70 responded 200 in 6.7198 ms {"UserId":"1","RemoteIP":"::1","SourceContext":"Serilog.AspNetCore.RequestLoggingMiddleware","RequestId":"0HNN9FEU2UDB2:00000005","ConnectionId":"0HNN9FEU2UDB2","Application":"PetHealth.API","AppEnv":"Development"}
2026-07-24 14:09:18.504 +02:00[INF] - HTTP GET /api/Prescription responded 200 in 8.2563 ms {"UserId":"1","RemoteIP":"::1","SourceContext":"Serilog.AspNetCore.RequestLoggingMiddleware","RequestId":"0HNN9FEU2UDB2:00000007","ConnectionId":"0HNN9FEU2UDB2","Application":"PetHealth.API","AppEnv":"Development"}
2026-07-24 14:09:34.023 +02:00[INF] - HTTP GET /api/Prescription responded 200 in 12.3738 ms {"UserId":"1","RemoteIP":"::1","SourceContext":"Serilog.AspNetCore.RequestLoggingMiddleware","RequestId":"0HNN9FEU2UDB2:00000009","ConnectionId":"0HNN9FEU2UDB2","Application":"PetHealth.API","AppEnv":"Development"}
2026-07-24 14:09:36.670 +02:00[INF] - HTTP GET /api/Prescription/Item/33 responded 200 in 11.2078 ms {"UserId":"1","RemoteIP":"::1","SourceContext":"Serilog.AspNetCore.RequestLoggingMiddleware","RequestId":"0HNN9FEU2UDB2:0000000B","ConnectionId":"0HNN9FEU2UDB2","Application":"PetHealth.API","AppEnv":"Development"}
2026-07-24 14:09:46.157 +02:00[INF] - HTTP GET /api/Prescription responded 200 in 12.9157 ms {"UserId":"1","RemoteIP":"::1","SourceContext":"Serilog.AspNetCore.RequestLoggingMiddleware","RequestId":"0HNN9FEU2UDB2:0000000D","ConnectionId":"0HNN9FEU2UDB2","Application":"PetHealth.API","AppEnv":"Development"}
2026-07-24 14:09:46.166 +02:00[FTL] - Unhandled exception occurred {"SourceContext":"API_PetHealth.Middlewares.GlobalExceptionHandler","RequestId":"0HNN9FEU2UDB4:00000002","RequestPath":"/api/Medicine","ConnectionId":"0HNN9FEU2UDB4","Application":"PetHealth.API","AppEnv":"Development"}
System.InvalidOperationException: Unable to resolve service for type 'PetHealth.Application.Repositories.IMedicineRepository' while attempting to activate 'API_PetHealth.Controllers.MedicineController'.
   at Microsoft.Extensions.DependencyInjection.ActivatorUtilities.ThrowHelperUnableToResolveService(Type type, Type requiredBy)
   at lambda_method25(Closure, IServiceProvider, Object[])
   at Microsoft.AspNetCore.Mvc.Controllers.ControllerFactoryProvider.<>c__DisplayClass6_0.<CreateControllerFactory>g__CreateController|0(ControllerContext controllerContext)
   at Microsoft.AspNetCore.Mvc.Infrastructure.ControllerActionInvoker.Next(State& next, Scope& scope, Object& state, Boolean& isCompleted)
   at Microsoft.AspNetCore.Mvc.Infrastructure.ControllerActionInvoker.InvokeInnerFilterAsync()
--- End of stack trace from previous location ---
   at Microsoft.AspNetCore.Mvc.Infrastructure.ResourceInvoker.<InvokeFilterPipelineAsync>g__Awaited|20_0(ResourceInvoker invoker, Task lastTask, State next, Scope scope, Object state, Boolean isCompleted)
   at Microsoft.AspNetCore.Mvc.Infrastructure.ResourceInvoker.<InvokeAsync>g__Logged|17_1(ResourceInvoker invoker)
   at Microsoft.AspNetCore.Mvc.Infrastructure.ResourceInvoker.<InvokeAsync>g__Logged|17_1(ResourceInvoker invoker)
   at Microsoft.AspNetCore.Authorization.AuthorizationMiddleware.Invoke(HttpContext context)
   at Microsoft.AspNetCore.Authentication.AuthenticationMiddleware.Invoke(HttpContext context)
   at Microsoft.AspNetCore.Diagnostics.ExceptionHandlerMiddlewareImpl.<Invoke>g__Awaited|10_0(ExceptionHandlerMiddlewareImpl middleware, HttpContext context, Task task)
2026-07-24 14:09:46.197 +02:00[ERR] - HTTP GET /api/Medicine responded 500 in 52.4278 ms {"UserId":"1","RemoteIP":"::1","SourceContext":"Serilog.AspNetCore.RequestLoggingMiddleware","RequestId":"0HNN9FEU2UDB4:00000002","ConnectionId":"0HNN9FEU2UDB4","Application":"PetHealth.API","AppEnv":"Development"}
2026-07-24 14:09:48.269 +02:00[INF] - HTTP GET /api/Prescription/Item/33 responded 200 in 5.5048 ms {"UserId":"1","RemoteIP":"::1","SourceContext":"Serilog.AspNetCore.RequestLoggingMiddleware","RequestId":"0HNN9FEU2UDB4:00000004","ConnectionId":"0HNN9FEU2UDB4","Application":"PetHealth.API","AppEnv":"Development"}
2026-07-24 14:09:49.062 +02:00[INF] - HTTP GET /api/Prescription/Item/33 responded 200 in 5.9850 ms {"UserId":"1","RemoteIP":"::1","SourceContext":"Serilog.AspNetCore.RequestLoggingMiddleware","RequestId":"0HNN9FEU2UDB4:00000005","ConnectionId":"0HNN9FEU2UDB4","Application":"PetHealth.API","AppEnv":"Development"}
2026-07-24 14:10:01.859 +02:00[INF] - HTTP GET /api/Prescription/Item/33 responded 200 in 17.6153 ms {"UserId":"1","RemoteIP":"::1","SourceContext":"Serilog.AspNetCore.RequestLoggingMiddleware","RequestId":"0HNN9FEU2UDB4:00000007","ConnectionId":"0HNN9FEU2UDB4","Application":"PetHealth.API","AppEnv":"Development"}
2026-07-24 14:11:11.482 +02:00[FTL] - Unhandled exception occurred {"SourceContext":"API_PetHealth.Middlewares.GlobalExceptionHandler","RequestId":"0HNN9FEU2UDB4:00000009","RequestPath":"/api/Medicine","ConnectionId":"0HNN9FEU2UDB4","Application":"PetHealth.API","AppEnv":"Development"}
System.InvalidOperationException: Unable to resolve service for type 'PetHealth.Application.Repositories.IMedicineRepository' while attempting to activate 'API_PetHealth.Controllers.MedicineController'.
   at Microsoft.Extensions.DependencyInjection.ActivatorUtilities.ThrowHelperUnableToResolveService(Type type, Type requiredBy)
   at lambda_method25(Closure, IServiceProvider, Object[])
   at Microsoft.AspNetCore.Mvc.Controllers.ControllerFactoryProvider.<>c__DisplayClass6_0.<CreateControllerFactory>g__CreateController|0(ControllerContext controllerContext)
   at Microsoft.AspNetCore.Mvc.Infrastructure.ControllerActionInvoker.Next(State& next, Scope& scope, Object& state, Boolean& isCompleted)
   at Microsoft.AspNetCore.Mvc.Infrastructure.ControllerActionInvoker.InvokeInnerFilterAsync()
--- End of stack trace from previous location ---
   at Microsoft.AspNetCore.Mvc.Infrastructure.ResourceInvoker.<InvokeFilterPipelineAsync>g__Awaited|20_0(ResourceInvoker invoker, Task lastTask, State next, Scope scope, Object state, Boolean isCompleted)
   at Microsoft.AspNetCore.Mvc.Infrastructure.ResourceInvoker.<InvokeAsync>g__Logged|17_1(ResourceInvoker invoker)
   at Microsoft.AspNetCore.Mvc.Infrastructure.ResourceInvoker.<InvokeAsync>g__Logged|17_1(ResourceInvoker invoker)
   at Microsoft.AspNetCore.Authorization.AuthorizationMiddleware.Invoke(HttpContext context)
   at Microsoft.AspNetCore.Authentication.AuthenticationMiddleware.Invoke(HttpContext context)
   at Microsoft.AspNetCore.Diagnostics.ExceptionHandlerMiddlewareImpl.<Invoke>g__Awaited|10_0(ExceptionHandlerMiddlewareImpl middleware, HttpContext context, Task task)
2026-07-24 14:11:11.494 +02:00[ERR] - HTTP GET /api/Medicine responded 500 in 14.4126 ms {"UserId":"1","RemoteIP":"::1","SourceContext":"Serilog.AspNetCore.RequestLoggingMiddleware","RequestId":"0HNN9FEU2UDB4:00000009","ConnectionId":"0HNN9FEU2UDB4","Application":"PetHealth.API","AppEnv":"Development"}
2026-07-24 14:11:11.497 +02:00[INF] - HTTP GET /api/Prescription responded 200 in 17.7768 ms {"UserId":"1","RemoteIP":"::1","SourceContext":"Serilog.AspNetCore.RequestLoggingMiddleware","RequestId":"0HNN9FEU2UDB2:0000000F","ConnectionId":"0HNN9FEU2UDB2","Application":"PetHealth.API","AppEnv":"Development"}
2026-07-24 14:11:12.265 +02:00[INF] - HTTP GET /api/Prescription/Item/33 responded 200 in 19.6659 ms {"UserId":"1","RemoteIP":"::1","SourceContext":"Serilog.AspNetCore.RequestLoggingMiddleware","RequestId":"0HNN9FEU2UDB2:00000011","ConnectionId":"0HNN9FEU2UDB2","Application":"PetHealth.API","AppEnv":"Development"}
2026-07-24 14:11:38.211 +02:00[FTL] - Unhandled exception occurred {"SourceContext":"API_PetHealth.Middlewares.GlobalExceptionHandler","RequestId":"0HNN9FEU2UDB2:00000013","RequestPath":"/api/Medicine","ConnectionId":"0HNN9FEU2UDB2","Application":"PetHealth.API","AppEnv":"Development"}
System.InvalidOperationException: Unable to resolve service for type 'PetHealth.Application.Repositories.IMedicineRepository' while attempting to activate 'API_PetHealth.Controllers.MedicineController'.
   at Microsoft.Extensions.DependencyInjection.ActivatorUtilities.ThrowHelperUnableToResolveService(Type type, Type requiredBy)
   at lambda_method25(Closure, IServiceProvider, Object[])
   at Microsoft.AspNetCore.Mvc.Controllers.ControllerFactoryProvider.<>c__DisplayClass6_0.<CreateControllerFactory>g__CreateController|0(ControllerContext controllerContext)
   at Microsoft.AspNetCore.Mvc.Infrastructure.ControllerActionInvoker.Next(State& next, Scope& scope, Object& state, Boolean& isCompleted)
   at Microsoft.AspNetCore.Mvc.Infrastructure.ControllerActionInvoker.InvokeInnerFilterAsync()
--- End of stack trace from previous location ---
   at Microsoft.AspNetCore.Mvc.Infrastructure.ResourceInvoker.<InvokeFilterPipelineAsync>g__Awaited|20_0(ResourceInvoker invoker, Task lastTask, State next, Scope scope, Object state, Boolean isCompleted)
   at Microsoft.AspNetCore.Mvc.Infrastructure.ResourceInvoker.<InvokeAsync>g__Logged|17_1(ResourceInvoker invoker)
   at Microsoft.AspNetCore.Mvc.Infrastructure.ResourceInvoker.<InvokeAsync>g__Logged|17_1(ResourceInvoker invoker)
   at Microsoft.AspNetCore.Authorization.AuthorizationMiddleware.Invoke(HttpContext context)
   at Microsoft.AspNetCore.Authentication.AuthenticationMiddleware.Invoke(HttpContext context)
   at Microsoft.AspNetCore.Diagnostics.ExceptionHandlerMiddlewareImpl.<Invoke>g__Awaited|10_0(ExceptionHandlerMiddlewareImpl middleware, HttpContext context, Task task)
2026-07-24 14:11:38.213 +02:00[ERR] - HTTP GET /api/Medicine responded 500 in 2.5668 ms {"UserId":"1","RemoteIP":"::1","SourceContext":"Serilog.AspNetCore.RequestLoggingMiddleware","RequestId":"0HNN9FEU2UDB2:00000013","ConnectionId":"0HNN9FEU2UDB2","Application":"PetHealth.API","AppEnv":"Development"}
2026-07-24 14:11:38.217 +02:00[INF] - HTTP GET /api/Prescription responded 200 in 5.9955 ms {"UserId":"1","RemoteIP":"::1","SourceContext":"Serilog.AspNetCore.RequestLoggingMiddleware","RequestId":"0HNN9FEU2UDB4:0000000B","ConnectionId":"0HNN9FEU2UDB4","Application":"PetHealth.API","AppEnv":"Development"}
2026-07-24 14:11:46.278 +02:00[INF] - HTTP GET /api/Prescription/Item/33 responded 200 in 6.1049 ms {"UserId":"1","RemoteIP":"::1","SourceContext":"Serilog.AspNetCore.RequestLoggingMiddleware","RequestId":"0HNN9FEU2UDB4:0000000D","ConnectionId":"0HNN9FEU2UDB4","Application":"PetHealth.API","AppEnv":"Development"}
2026-07-24 14:12:23.058 +02:00[INF] - Application started {"Application":"PetHealth.API","AppEnv":"Development"}
2026-07-24 14:12:25.502 +02:00[FTL] - Unhandled exception occurred {"SourceContext":"API_PetHealth.Middlewares.GlobalExceptionHandler","RequestId":"0HNN9FJ9C3H7L:00000002","RequestPath":"/api/Medicine","ConnectionId":"0HNN9FJ9C3H7L","Application":"PetHealth.API","AppEnv":"Development"}
System.InvalidOperationException: Unable to resolve service for type 'PetHealth.Application.Repositories.IMedicineRepository' while attempting to activate 'API_PetHealth.Controllers.MedicineController'.
   at Microsoft.Extensions.DependencyInjection.ActivatorUtilities.ThrowHelperUnableToResolveService(Type type, Type requiredBy)
   at lambda_method16(Closure, IServiceProvider, Object[])
   at Microsoft.AspNetCore.Mvc.Controllers.ControllerFactoryProvider.<>c__DisplayClass6_0.<CreateControllerFactory>g__CreateController|0(ControllerContext controllerContext)
   at Microsoft.AspNetCore.Mvc.Infrastructure.ControllerActionInvoker.Next(State& next, Scope& scope, Object& state, Boolean& isCompleted)
   at Microsoft.AspNetCore.Mvc.Infrastructure.ControllerActionInvoker.InvokeInnerFilterAsync()
--- End of stack trace from previous location ---
   at Microsoft.AspNetCore.Mvc.Infrastructure.ResourceInvoker.<InvokeFilterPipelineAsync>g__Awaited|20_0(ResourceInvoker invoker, Task lastTask, State next, Scope scope, Object state, Boolean isCompleted)
   at Microsoft.AspNetCore.Mvc.Infrastructure.ResourceInvoker.<InvokeAsync>g__Logged|17_1(ResourceInvoker invoker)
   at Microsoft.AspNetCore.Mvc.Infrastructure.ResourceInvoker.<InvokeAsync>g__Logged|17_1(ResourceInvoker invoker)
   at Microsoft.AspNetCore.Authorization.AuthorizationMiddleware.Invoke(HttpContext context)
   at Microsoft.AspNetCore.Authentication.AuthenticationMiddleware.Invoke(HttpContext context)
   at Microsoft.AspNetCore.Diagnostics.ExceptionHandlerMiddlewareImpl.<Invoke>g__Awaited|10_0(ExceptionHandlerMiddlewareImpl middleware, HttpContext context, Task task)
2026-07-24 14:12:25.517 +02:00[ERR] - HTTP GET /api/Medicine responded 500 in 21.6835 ms {"UserId":"1","RemoteIP":"::1","SourceContext":"Serilog.AspNetCore.RequestLoggingMiddleware","RequestId":"0HNN9FJ9C3H7L:00000002","ConnectionId":"0HNN9FJ9C3H7L","Application":"PetHealth.API","AppEnv":"Development"}
2026-07-24 14:12:25.658 +02:00[INF] - HTTP GET /api/Prescription responded 200 in 164.4931 ms {"UserId":"1","RemoteIP":"::1","SourceContext":"Serilog.AspNetCore.RequestLoggingMiddleware","RequestId":"0HNN9FJ9C3H7M:00000002","ConnectionId":"0HNN9FJ9C3H7M","Application":"PetHealth.API","AppEnv":"Development"}
2026-07-24 14:12:28.162 +02:00[INF] - HTTP GET /api/Prescription/Item/33 responded 200 in 30.6125 ms {"UserId":"1","RemoteIP":"::1","SourceContext":"Serilog.AspNetCore.RequestLoggingMiddleware","RequestId":"0HNN9FJ9C3H7M:00000004","ConnectionId":"0HNN9FJ9C3H7M","Application":"PetHealth.API","AppEnv":"Development"}
2026-07-24 14:12:33.911 +02:00[INF] - HTTP GET /api/Prescription/Item/33 responded 200 in 5.9398 ms {"UserId":"1","RemoteIP":"::1","SourceContext":"Serilog.AspNetCore.RequestLoggingMiddleware","RequestId":"0HNN9FJ9C3H7M:00000006","ConnectionId":"0HNN9FJ9C3H7M","Application":"PetHealth.API","AppEnv":"Development"}
2026-07-24 14:13:49.147 +02:00[INF] - HTTP POST /Login responded 200 in 52.8800 ms {"UserId":"Anonymous","RemoteIP":"::1","SourceContext":"Serilog.AspNetCore.RequestLoggingMiddleware","RequestId":"0HNN9FJ9C3H7N:00000001","ConnectionId":"0HNN9FJ9C3H7N","Application":"PetHealth.API","AppEnv":"Development"}
2026-07-24 14:14:02.438 +02:00[FTL] - Unhandled exception occurred {"SourceContext":"API_PetHealth.Middlewares.GlobalExceptionHandler","RequestId":"0HNN9FJ9C3H7N:00000002","RequestPath":"/api/Medicine","ConnectionId":"0HNN9FJ9C3H7N","Application":"PetHealth.API","AppEnv":"Development"}
System.InvalidOperationException: Unable to resolve service for type 'PetHealth.Application.Repositories.IMedicineRepository' while attempting to activate 'API_PetHealth.Controllers.MedicineController'.
   at Microsoft.Extensions.DependencyInjection.ActivatorUtilities.ThrowHelperUnableToResolveService(Type type, Type requiredBy)
   at lambda_method16(Closure, IServiceProvider, Object[])
   at Microsoft.AspNetCore.Mvc.Controllers.ControllerFactoryProvider.<>c__DisplayClass6_0.<CreateControllerFactory>g__CreateController|0(ControllerContext controllerContext)
   at Microsoft.AspNetCore.Mvc.Infrastructure.ControllerActionInvoker.Next(State& next, Scope& scope, Object& state, Boolean& isCompleted)
   at Microsoft.AspNetCore.Mvc.Infrastructure.ControllerActionInvoker.InvokeInnerFilterAsync()
--- End of stack trace from previous location ---
   at Microsoft.AspNetCore.Mvc.Infrastructure.ResourceInvoker.<InvokeFilterPipelineAsync>g__Awaited|20_0(ResourceInvoker invoker, Task lastTask, State next, Scope scope, Object state, Boolean isCompleted)
   at Microsoft.AspNetCore.Mvc.Infrastructure.ResourceInvoker.<InvokeAsync>g__Logged|17_1(ResourceInvoker invoker)
   at Microsoft.AspNetCore.Mvc.Infrastructure.ResourceInvoker.<InvokeAsync>g__Logged|17_1(ResourceInvoker invoker)
   at Microsoft.AspNetCore.Authorization.AuthorizationMiddleware.Invoke(HttpContext context)
   at Microsoft.AspNetCore.Authentication.AuthenticationMiddleware.Invoke(HttpContext context)
   at Microsoft.AspNetCore.Diagnostics.ExceptionHandlerMiddlewareImpl.<Invoke>g__Awaited|10_0(ExceptionHandlerMiddlewareImpl middleware, HttpContext context, Task task)
2026-07-24 14:14:02.441 +02:00[ERR] - HTTP GET /api/Medicine responded 500 in 3.8889 ms {"UserId":"1","RemoteIP":"::1","SourceContext":"Serilog.AspNetCore.RequestLoggingMiddleware","RequestId":"0HNN9FJ9C3H7N:00000002","ConnectionId":"0HNN9FJ9C3H7N","Application":"PetHealth.API","AppEnv":"Development"}
2026-07-24 14:15:06.065 +02:00[INF] - Application started {"Application":"PetHealth.API","AppEnv":"Development"}
2026-07-24 14:16:13.981 +02:00[INF] - HTTP POST /Login responded 200 in 201.4741 ms {"UserId":"Anonymous","RemoteIP":"::1","SourceContext":"Serilog.AspNetCore.RequestLoggingMiddleware","RequestId":"0HNN9FKQBCALR:00000003","ConnectionId":"0HNN9FKQBCALR","Application":"PetHealth.API","AppEnv":"Development"}
2026-07-24 14:16:15.886 +02:00[INF] - HTTP GET /api/Medicine responded 200 in 37.5864 ms {"UserId":"1","RemoteIP":"::1","SourceContext":"Serilog.AspNetCore.RequestLoggingMiddleware","RequestId":"0HNN9FKQBCALR:00000005","ConnectionId":"0HNN9FKQBCALR","Application":"PetHealth.API","AppEnv":"Development"}
2026-07-24 14:16:15.892 +02:00[INF] - HTTP GET /api/Prescription responded 200 in 43.4159 ms {"UserId":"1","RemoteIP":"::1","SourceContext":"Serilog.AspNetCore.RequestLoggingMiddleware","RequestId":"0HNN9FKQBCALS:00000003","ConnectionId":"0HNN9FKQBCALS","Application":"PetHealth.API","AppEnv":"Development"}
2026-07-24 14:16:18.927 +02:00[INF] - HTTP GET /api/Prescription/Item/33 responded 200 in 17.7953 ms {"UserId":"1","RemoteIP":"::1","SourceContext":"Serilog.AspNetCore.RequestLoggingMiddleware","RequestId":"0HNN9FKQBCALS:00000005","ConnectionId":"0HNN9FKQBCALS","Application":"PetHealth.API","AppEnv":"Development"}
2026-07-24 14:16:49.283 +02:00[INF] - HTTP PUT /api/Prescription responded 200 in 61.7754 ms {"UserId":"1","RemoteIP":"::1","SourceContext":"Serilog.AspNetCore.RequestLoggingMiddleware","RequestId":"0HNN9FKQBCALS:00000007","ConnectionId":"0HNN9FKQBCALS","Application":"PetHealth.API","AppEnv":"Development"}
2026-07-24 14:16:49.291 +02:00[INF] - HTTP GET /api/Prescription/Item/33 responded 200 in 5.1074 ms {"UserId":"1","RemoteIP":"::1","SourceContext":"Serilog.AspNetCore.RequestLoggingMiddleware","RequestId":"0HNN9FKQBCALS:00000009","ConnectionId":"0HNN9FKQBCALS","Application":"PetHealth.API","AppEnv":"Development"}
2026-07-24 14:16:55.395 +02:00[INF] - HTTP PUT /api/Prescription responded 200 in 7.0313 ms {"UserId":"1","RemoteIP":"::1","SourceContext":"Serilog.AspNetCore.RequestLoggingMiddleware","RequestId":"0HNN9FKQBCALS:0000000B","ConnectionId":"0HNN9FKQBCALS","Application":"PetHealth.API","AppEnv":"Development"}
2026-07-24 14:16:55.411 +02:00[INF] - HTTP GET /api/Prescription/Item/33 responded 200 in 10.3877 ms {"UserId":"1","RemoteIP":"::1","SourceContext":"Serilog.AspNetCore.RequestLoggingMiddleware","RequestId":"0HNN9FKQBCALS:0000000D","ConnectionId":"0HNN9FKQBCALS","Application":"PetHealth.API","AppEnv":"Development"}
2026-07-24 14:17:56.520 +02:00[INF] - HTTP PUT /api/Prescription responded 200 in 11.6100 ms {"UserId":"1","RemoteIP":"::1","SourceContext":"Serilog.AspNetCore.RequestLoggingMiddleware","RequestId":"0HNN9FKQBCALT:00000002","ConnectionId":"0HNN9FKQBCALT","Application":"PetHealth.API","AppEnv":"Development"}
2026-07-24 14:17:56.527 +02:00[INF] - HTTP GET /api/Prescription/Item/33 responded 200 in 3.0723 ms {"UserId":"1","RemoteIP":"::1","SourceContext":"Serilog.AspNetCore.RequestLoggingMiddleware","RequestId":"0HNN9FKQBCALT:00000004","ConnectionId":"0HNN9FKQBCALT","Application":"PetHealth.API","AppEnv":"Development"}
2026-07-24 14:19:37.496 +02:00[FTL] - Unhandled exception occurred {"SourceContext":"API_PetHealth.Middlewares.GlobalExceptionHandler","RequestId":"0HNN9FKQBCALT:00000006","RequestPath":"/api/Prescription/Item","ConnectionId":"0HNN9FKQBCALT","Application":"PetHealth.API","AppEnv":"Development"}
Microsoft.Data.SqlClient.SqlException (0x80131904): Procedure or function 'usp_PrescriptionItem_Insert' expects parameter '@NewId', which was not supplied.
   at Microsoft.Data.SqlClient.SqlConnection.OnError(SqlException exception, Boolean breakConnection, Action`1 wrapCloseInAction)
   at Microsoft.Data.SqlClient.Connection.SqlConnectionInternal.OnError(SqlException exception, Boolean breakConnection, Action`1 wrapCloseInAction)
   at Microsoft.Data.SqlClient.TdsParser.ThrowExceptionAndWarning(TdsParserStateObject stateObj, SqlCommand command, Boolean callerHasConnectionLock, Boolean asyncClose)
   at Microsoft.Data.SqlClient.TdsParser.TryRun(RunBehavior runBehavior, SqlCommand cmdHandler, SqlDataReader dataStream, BulkCopySimpleResultSet bulkCopyHandler, TdsParserStateObject stateObj, Boolean& dataReady)
   at Microsoft.Data.SqlClient.SqlCommand.FinishExecuteReader(SqlDataReader ds, RunBehavior runBehavior, String resetOptionsString, Boolean isInternal, Boolean forDescribeParameterEncryption, Boolean shouldCacheForAlwaysEncrypted)
   at Microsoft.Data.SqlClient.SqlCommand.CompleteAsyncExecuteReader(Boolean isInternal, Boolean forDescribeParameterEncryption)
   at Microsoft.Data.SqlClient.SqlCommand.InternalEndExecuteNonQuery(IAsyncResult asyncResult, Boolean isInternal, String endMethod)
   at Microsoft.Data.SqlClient.SqlCommand.EndExecuteNonQueryInternal(IAsyncResult asyncResult)
   at Microsoft.Data.SqlClient.SqlCommand.EndExecuteNonQueryAsync(IAsyncResult asyncResult)
   at Microsoft.Data.SqlClient.SqlCommand.<>c.<InternalExecuteNonQueryAsync>b__251_1(IAsyncResult asyncResult)
   at System.Threading.Tasks.TaskFactory`1.FromAsyncCoreLogic(IAsyncResult iar, Func`2 endFunction, Action`1 endAction, Task`1 promise, Boolean requiresSynchronization)
--- End of stack trace from previous location ---
   at Dapper.SqlMapper.ExecuteImplAsync(IDbConnection cnn, CommandDefinition command, Object param) in /_/Dapper/SqlMapper.Async.cs:line 663
   at PetHealth.Infrastructure.Services.PrescriptionService.Execute(InsertPrescriptionItemCommandAsync command) in /Users/jordanmal/Documents/Projet Développement /PetHealthApplication/API/API_PetHealth/PetHealth.Infrastructure/Services/PrescriptionService.cs:line 91
   at API_PetHealth.Controllers.PrescriptionController.InsertPrescriptionItem(InsertPrescriptionItemDto prescriptionItemDto) in /Users/jordanmal/Documents/Projet Développement /PetHealthApplication/API/API_PetHealth/PetHealth.API/Controllers/PrescriptionController.cs:line 91
   at lambda_method45(Closure, Object)
   at Microsoft.AspNetCore.Mvc.Infrastructure.ActionMethodExecutor.AwaitableObjectResultExecutor.Execute(ActionContext actionContext, IActionResultTypeMapper mapper, ObjectMethodExecutor executor, Object controller, Object[] arguments)
   at Microsoft.AspNetCore.Mvc.Infrastructure.ControllerActionInvoker.<InvokeActionMethodAsync>g__Logged|12_1(ControllerActionInvoker invoker)
   at Microsoft.AspNetCore.Mvc.Infrastructure.ControllerActionInvoker.<InvokeNextActionFilterAsync>g__Awaited|10_0(ControllerActionInvoker invoker, Task lastTask, State next, Scope scope, Object state, Boolean isCompleted)
   at Microsoft.AspNetCore.Mvc.Infrastructure.ControllerActionInvoker.Rethrow(ActionExecutedContextSealed context)
   at Microsoft.AspNetCore.Mvc.Infrastructure.ControllerActionInvoker.Next(State& next, Scope& scope, Object& state, Boolean& isCompleted)
   at Microsoft.AspNetCore.Mvc.Infrastructure.ControllerActionInvoker.<InvokeInnerFilterAsync>g__Awaited|13_0(ControllerActionInvoker invoker, Task lastTask, State next, Scope scope, Object state, Boolean isCompleted)
   at Microsoft.AspNetCore.Mvc.Infrastructure.ResourceInvoker.<InvokeFilterPipelineAsync>g__Awaited|20_0(ResourceInvoker invoker, Task lastTask, State next, Scope scope, Object state, Boolean isCompleted)
   at Microsoft.AspNetCore.Mvc.Infrastructure.ResourceInvoker.<InvokeAsync>g__Logged|17_1(ResourceInvoker invoker)
   at Microsoft.AspNetCore.Mvc.Infrastructure.ResourceInvoker.<InvokeAsync>g__Logged|17_1(ResourceInvoker invoker)
   at Microsoft.AspNetCore.Authorization.AuthorizationMiddleware.Invoke(HttpContext context)
   at Microsoft.AspNetCore.Authentication.AuthenticationMiddleware.Invoke(HttpContext context)
   at Microsoft.AspNetCore.Diagnostics.ExceptionHandlerMiddlewareImpl.<Invoke>g__Awaited|10_0(ExceptionHandlerMiddlewareImpl middleware, HttpContext context, Task task)
ClientConnectionId :fd2de114-de87-466e-8d55-a2e78f8ccd9d
Error Number :201,State :4,Class :16
2026-07-24 14:19:37.534 +02:00[ERR] - HTTP POST /api/Prescription/Item responded 500 in 70.7467 ms {"UserId":"1","RemoteIP":"::1","SourceContext":"Serilog.AspNetCore.RequestLoggingMiddleware","RequestId":"0HNN9FKQBCALT:00000006","ConnectionId":"0HNN9FKQBCALT","Application":"PetHealth.API","AppEnv":"Development"}
2026-07-24 14:19:53.587 +02:00[FTL] - Unhandled exception occurred {"SourceContext":"API_PetHealth.Middlewares.GlobalExceptionHandler","RequestId":"0HNN9FKQBCALT:00000008","RequestPath":"/api/Prescription/Item","ConnectionId":"0HNN9FKQBCALT","Application":"PetHealth.API","AppEnv":"Development"}
Microsoft.Data.SqlClient.SqlException (0x80131904): Procedure or function 'usp_PrescriptionItem_Insert' expects parameter '@NewId', which was not supplied.
   at Microsoft.Data.SqlClient.SqlConnection.OnError(SqlException exception, Boolean breakConnection, Action`1 wrapCloseInAction)
   at Microsoft.Data.SqlClient.Connection.SqlConnectionInternal.OnError(SqlException exception, Boolean breakConnection, Action`1 wrapCloseInAction)
   at Microsoft.Data.SqlClient.TdsParser.ThrowExceptionAndWarning(TdsParserStateObject stateObj, SqlCommand command, Boolean callerHasConnectionLock, Boolean asyncClose)
   at Microsoft.Data.SqlClient.TdsParser.TryRun(RunBehavior runBehavior, SqlCommand cmdHandler, SqlDataReader dataStream, BulkCopySimpleResultSet bulkCopyHandler, TdsParserStateObject stateObj, Boolean& dataReady)
   at Microsoft.Data.SqlClient.SqlCommand.FinishExecuteReader(SqlDataReader ds, RunBehavior runBehavior, String resetOptionsString, Boolean isInternal, Boolean forDescribeParameterEncryption, Boolean shouldCacheForAlwaysEncrypted)
   at Microsoft.Data.SqlClient.SqlCommand.CompleteAsyncExecuteReader(Boolean isInternal, Boolean forDescribeParameterEncryption)
   at Microsoft.Data.SqlClient.SqlCommand.InternalEndExecuteNonQuery(IAsyncResult asyncResult, Boolean isInternal, String endMethod)
   at Microsoft.Data.SqlClient.SqlCommand.EndExecuteNonQueryInternal(IAsyncResult asyncResult)
   at Microsoft.Data.SqlClient.SqlCommand.EndExecuteNonQueryAsync(IAsyncResult asyncResult)
   at Microsoft.Data.SqlClient.SqlCommand.<>c.<InternalExecuteNonQueryAsync>b__251_1(IAsyncResult asyncResult)
   at System.Threading.Tasks.TaskFactory`1.FromAsyncCoreLogic(IAsyncResult iar, Func`2 endFunction, Action`1 endAction, Task`1 promise, Boolean requiresSynchronization)
--- End of stack trace from previous location ---
   at Dapper.SqlMapper.ExecuteImplAsync(IDbConnection cnn, CommandDefinition command, Object param) in /_/Dapper/SqlMapper.Async.cs:line 663
   at PetHealth.Infrastructure.Services.PrescriptionService.Execute(InsertPrescriptionItemCommandAsync command) in /Users/jordanmal/Documents/Projet Développement /PetHealthApplication/API/API_PetHealth/PetHealth.Infrastructure/Services/PrescriptionService.cs:line 91
   at API_PetHealth.Controllers.PrescriptionController.InsertPrescriptionItem(InsertPrescriptionItemDto prescriptionItemDto) in /Users/jordanmal/Documents/Projet Développement /PetHealthApplication/API/API_PetHealth/PetHealth.API/Controllers/PrescriptionController.cs:line 91
   at lambda_method45(Closure, Object)
   at Microsoft.AspNetCore.Mvc.Infrastructure.ActionMethodExecutor.AwaitableObjectResultExecutor.Execute(ActionContext actionContext, IActionResultTypeMapper mapper, ObjectMethodExecutor executor, Object controller, Object[] arguments)
   at Microsoft.AspNetCore.Mvc.Infrastructure.ControllerActionInvoker.<InvokeActionMethodAsync>g__Logged|12_1(ControllerActionInvoker invoker)
   at Microsoft.AspNetCore.Mvc.Infrastructure.ControllerActionInvoker.<InvokeNextActionFilterAsync>g__Awaited|10_0(ControllerActionInvoker invoker, Task lastTask, State next, Scope scope, Object state, Boolean isCompleted)
   at Microsoft.AspNetCore.Mvc.Infrastructure.ControllerActionInvoker.Rethrow(ActionExecutedContextSealed context)
   at Microsoft.AspNetCore.Mvc.Infrastructure.ControllerActionInvoker.Next(State& next, Scope& scope, Object& state, Boolean& isCompleted)
   at Microsoft.AspNetCore.Mvc.Infrastructure.ControllerActionInvoker.<InvokeInnerFilterAsync>g__Awaited|13_0(ControllerActionInvoker invoker, Task lastTask, State next, Scope scope, Object state, Boolean isCompleted)
   at Microsoft.AspNetCore.Mvc.Infrastructure.ResourceInvoker.<InvokeFilterPipelineAsync>g__Awaited|20_0(ResourceInvoker invoker, Task lastTask, State next, Scope scope, Object state, Boolean isCompleted)
   at Microsoft.AspNetCore.Mvc.Infrastructure.ResourceInvoker.<InvokeAsync>g__Logged|17_1(ResourceInvoker invoker)
   at Microsoft.AspNetCore.Mvc.Infrastructure.ResourceInvoker.<InvokeAsync>g__Logged|17_1(ResourceInvoker invoker)
   at Microsoft.AspNetCore.Authorization.AuthorizationMiddleware.Invoke(HttpContext context)
   at Microsoft.AspNetCore.Authentication.AuthenticationMiddleware.Invoke(HttpContext context)
   at Microsoft.AspNetCore.Diagnostics.ExceptionHandlerMiddlewareImpl.<Invoke>g__Awaited|10_0(ExceptionHandlerMiddlewareImpl middleware, HttpContext context, Task task)
ClientConnectionId :fd2de114-de87-466e-8d55-a2e78f8ccd9d
Error Number :201,State :4,Class :16
2026-07-24 14:19:53.591 +02:00[ERR] - HTTP POST /api/Prescription/Item responded 500 in 13.4440 ms {"UserId":"1","RemoteIP":"::1","SourceContext":"Serilog.AspNetCore.RequestLoggingMiddleware","RequestId":"0HNN9FKQBCALT:00000008","ConnectionId":"0HNN9FKQBCALT","Application":"PetHealth.API","AppEnv":"Development"}
2026-07-24 14:21:15.020 +02:00[INF] - HTTP POST /api/Prescription/Item responded 200 in 31.8718 ms {"UserId":"1","RemoteIP":"::1","SourceContext":"Serilog.AspNetCore.RequestLoggingMiddleware","RequestId":"0HNN9FKQBCALT:0000000A","ConnectionId":"0HNN9FKQBCALT","Application":"PetHealth.API","AppEnv":"Development"}
2026-07-24 14:21:15.029 +02:00[INF] - HTTP GET /api/Prescription/Item/33 responded 200 in 4.7202 ms {"UserId":"1","RemoteIP":"::1","SourceContext":"Serilog.AspNetCore.RequestLoggingMiddleware","RequestId":"0HNN9FKQBCALT:0000000C","ConnectionId":"0HNN9FKQBCALT","Application":"PetHealth.API","AppEnv":"Development"}
2026-07-24 14:22:21.524 +02:00[INF] - HTTP DELETE /api/Prescription/Item/1001 responded 200 in 61.7958 ms {"UserId":"1","RemoteIP":"::1","SourceContext":"Serilog.AspNetCore.RequestLoggingMiddleware","RequestId":"0HNN9FKQBCALT:0000000E","ConnectionId":"0HNN9FKQBCALT","Application":"PetHealth.API","AppEnv":"Development"}
2026-07-24 14:22:21.538 +02:00[INF] - HTTP GET /api/Prescription/Item/33 responded 200 in 7.7731 ms {"UserId":"1","RemoteIP":"::1","SourceContext":"Serilog.AspNetCore.RequestLoggingMiddleware","RequestId":"0HNN9FKQBCALT:00000010","ConnectionId":"0HNN9FKQBCALT","Application":"PetHealth.API","AppEnv":"Development"}
2026-07-24 14:22:23.572 +02:00[FTL] - Unhandled exception occurred {"SourceContext":"API_PetHealth.Middlewares.GlobalExceptionHandler","RequestId":"0HNN9FKQBCALT:00000012","RequestPath":"/api/Prescription/Item/113","ConnectionId":"0HNN9FKQBCALT","Application":"PetHealth.API","AppEnv":"Development"}
Microsoft.Data.SqlClient.SqlException (0x80131904): Cannot delete: this PrescriptionItem has linked Treatments.
   at Microsoft.Data.SqlClient.SqlConnection.OnError(SqlException exception, Boolean breakConnection, Action`1 wrapCloseInAction)
   at Microsoft.Data.SqlClient.Connection.SqlConnectionInternal.OnError(SqlException exception, Boolean breakConnection, Action`1 wrapCloseInAction)
   at Microsoft.Data.SqlClient.TdsParser.ThrowExceptionAndWarning(TdsParserStateObject stateObj, SqlCommand command, Boolean callerHasConnectionLock, Boolean asyncClose)
   at Microsoft.Data.SqlClient.TdsParser.TryRun(RunBehavior runBehavior, SqlCommand cmdHandler, SqlDataReader dataStream, BulkCopySimpleResultSet bulkCopyHandler, TdsParserStateObject stateObj, Boolean& dataReady)
   at Microsoft.Data.SqlClient.SqlCommand.FinishExecuteReader(SqlDataReader ds, RunBehavior runBehavior, String resetOptionsString, Boolean isInternal, Boolean forDescribeParameterEncryption, Boolean shouldCacheForAlwaysEncrypted)
   at Microsoft.Data.SqlClient.SqlCommand.CompleteAsyncExecuteReader(Boolean isInternal, Boolean forDescribeParameterEncryption)
   at Microsoft.Data.SqlClient.SqlCommand.InternalEndExecuteNonQuery(IAsyncResult asyncResult, Boolean isInternal, String endMethod)
   at Microsoft.Data.SqlClient.SqlCommand.EndExecuteNonQueryInternal(IAsyncResult asyncResult)
   at Microsoft.Data.SqlClient.SqlCommand.EndExecuteNonQueryAsync(IAsyncResult asyncResult)
   at Microsoft.Data.SqlClient.SqlCommand.<>c.<InternalExecuteNonQueryAsync>b__251_1(IAsyncResult asyncResult)
   at System.Threading.Tasks.TaskFactory`1.FromAsyncCoreLogic(IAsyncResult iar, Func`2 endFunction, Action`1 endAction, Task`1 promise, Boolean requiresSynchronization)
--- End of stack trace from previous location ---
   at Dapper.SqlMapper.ExecuteImplAsync(IDbConnection cnn, CommandDefinition command, Object param) in /_/Dapper/SqlMapper.Async.cs:line 663
   at PetHealth.Infrastructure.Services.PrescriptionService.Execute(DeletePrescriptionItemCommandAsync command) in /Users/jordanmal/Documents/Projet Développement /PetHealthApplication/API/API_PetHealth/PetHealth.Infrastructure/Services/PrescriptionService.cs:line 105
   at API_PetHealth.Controllers.PrescriptionController.DeletePrescriptionItem(Int32 id) in /Users/jordanmal/Documents/Projet Développement /PetHealthApplication/API/API_PetHealth/PetHealth.API/Controllers/PrescriptionController.cs:line 129
   at lambda_method53(Closure, Object)
   at Microsoft.AspNetCore.Mvc.Infrastructure.ActionMethodExecutor.AwaitableObjectResultExecutor.Execute(ActionContext actionContext, IActionResultTypeMapper mapper, ObjectMethodExecutor executor, Object controller, Object[] arguments)
   at Microsoft.AspNetCore.Mvc.Infrastructure.ControllerActionInvoker.<InvokeActionMethodAsync>g__Logged|12_1(ControllerActionInvoker invoker)
   at Microsoft.AspNetCore.Mvc.Infrastructure.ControllerActionInvoker.<InvokeNextActionFilterAsync>g__Awaited|10_0(ControllerActionInvoker invoker, Task lastTask, State next, Scope scope, Object state, Boolean isCompleted)
   at Microsoft.AspNetCore.Mvc.Infrastructure.ControllerActionInvoker.Rethrow(ActionExecutedContextSealed context)
   at Microsoft.AspNetCore.Mvc.Infrastructure.ControllerActionInvoker.Next(State& next, Scope& scope, Object& state, Boolean& isCompleted)
   at Microsoft.AspNetCore.Mvc.Infrastructure.ControllerActionInvoker.<InvokeInnerFilterAsync>g__Awaited|13_0(ControllerActionInvoker invoker, Task lastTask, State next, Scope scope, Object state, Boolean isCompleted)
   at Microsoft.AspNetCore.Mvc.Infrastructure.ResourceInvoker.<InvokeFilterPipelineAsync>g__Awaited|20_0(ResourceInvoker invoker, Task lastTask, State next, Scope scope, Object state, Boolean isCompleted)
   at Microsoft.AspNetCore.Mvc.Infrastructure.ResourceInvoker.<InvokeAsync>g__Logged|17_1(ResourceInvoker invoker)
   at Microsoft.AspNetCore.Mvc.Infrastructure.ResourceInvoker.<InvokeAsync>g__Logged|17_1(ResourceInvoker invoker)
   at Microsoft.AspNetCore.Authorization.AuthorizationMiddleware.Invoke(HttpContext context)
   at Microsoft.AspNetCore.Authentication.AuthenticationMiddleware.Invoke(HttpContext context)
   at Microsoft.AspNetCore.Diagnostics.ExceptionHandlerMiddlewareImpl.<Invoke>g__Awaited|10_0(ExceptionHandlerMiddlewareImpl middleware, HttpContext context, Task task)
ClientConnectionId :fd2de114-de87-466e-8d55-a2e78f8ccd9d
Error Number :50006,State :1,Class :16
2026-07-24 14:22:23.580 +02:00[ERR] - HTTP DELETE /api/Prescription/Item/113 responded 500 in 20.0046 ms {"UserId":"1","RemoteIP":"::1","SourceContext":"Serilog.AspNetCore.RequestLoggingMiddleware","RequestId":"0HNN9FKQBCALT:00000012","ConnectionId":"0HNN9FKQBCALT","Application":"PetHealth.API","AppEnv":"Development"}
2026-07-24 14:24:22.984 +02:00[FTL] - Unhandled exception occurred {"SourceContext":"API_PetHealth.Middlewares.GlobalExceptionHandler","RequestId":"0HNN9FKQBCALT:00000014","RequestPath":"/api/Prescription/Item/113","ConnectionId":"0HNN9FKQBCALT","Application":"PetHealth.API","AppEnv":"Development"}
Microsoft.Data.SqlClient.SqlException (0x80131904): Cannot delete: this PrescriptionItem has linked Treatments.
   at Microsoft.Data.SqlClient.SqlConnection.OnError(SqlException exception, Boolean breakConnection, Action`1 wrapCloseInAction)
   at Microsoft.Data.SqlClient.Connection.SqlConnectionInternal.OnError(SqlException exception, Boolean breakConnection, Action`1 wrapCloseInAction)
   at Microsoft.Data.SqlClient.TdsParser.ThrowExceptionAndWarning(TdsParserStateObject stateObj, SqlCommand command, Boolean callerHasConnectionLock, Boolean asyncClose)
   at Microsoft.Data.SqlClient.TdsParser.TryRun(RunBehavior runBehavior, SqlCommand cmdHandler, SqlDataReader dataStream, BulkCopySimpleResultSet bulkCopyHandler, TdsParserStateObject stateObj, Boolean& dataReady)
   at Microsoft.Data.SqlClient.SqlCommand.FinishExecuteReader(SqlDataReader ds, RunBehavior runBehavior, String resetOptionsString, Boolean isInternal, Boolean forDescribeParameterEncryption, Boolean shouldCacheForAlwaysEncrypted)
   at Microsoft.Data.SqlClient.SqlCommand.CompleteAsyncExecuteReader(Boolean isInternal, Boolean forDescribeParameterEncryption)
   at Microsoft.Data.SqlClient.SqlCommand.InternalEndExecuteNonQuery(IAsyncResult asyncResult, Boolean isInternal, String endMethod)
   at Microsoft.Data.SqlClient.SqlCommand.EndExecuteNonQueryInternal(IAsyncResult asyncResult)
   at Microsoft.Data.SqlClient.SqlCommand.EndExecuteNonQueryAsync(IAsyncResult asyncResult)
   at Microsoft.Data.SqlClient.SqlCommand.<>c.<InternalExecuteNonQueryAsync>b__251_1(IAsyncResult asyncResult)
   at System.Threading.Tasks.TaskFactory`1.FromAsyncCoreLogic(IAsyncResult iar, Func`2 endFunction, Action`1 endAction, Task`1 promise, Boolean requiresSynchronization)
--- End of stack trace from previous location ---
   at Dapper.SqlMapper.ExecuteImplAsync(IDbConnection cnn, CommandDefinition command, Object param) in /_/Dapper/SqlMapper.Async.cs:line 663
   at PetHealth.Infrastructure.Services.PrescriptionService.Execute(DeletePrescriptionItemCommandAsync command) in /Users/jordanmal/Documents/Projet Développement /PetHealthApplication/API/API_PetHealth/PetHealth.Infrastructure/Services/PrescriptionService.cs:line 105
   at API_PetHealth.Controllers.PrescriptionController.DeletePrescriptionItem(Int32 id) in /Users/jordanmal/Documents/Projet Développement /PetHealthApplication/API/API_PetHealth/PetHealth.API/Controllers/PrescriptionController.cs:line 129
   at lambda_method53(Closure, Object)
   at Microsoft.AspNetCore.Mvc.Infrastructure.ActionMethodExecutor.AwaitableObjectResultExecutor.Execute(ActionContext actionContext, IActionResultTypeMapper mapper, ObjectMethodExecutor executor, Object controller, Object[] arguments)
   at Microsoft.AspNetCore.Mvc.Infrastructure.ControllerActionInvoker.<InvokeActionMethodAsync>g__Logged|12_1(ControllerActionInvoker invoker)
   at Microsoft.AspNetCore.Mvc.Infrastructure.ControllerActionInvoker.<InvokeNextActionFilterAsync>g__Awaited|10_0(ControllerActionInvoker invoker, Task lastTask, State next, Scope scope, Object state, Boolean isCompleted)
   at Microsoft.AspNetCore.Mvc.Infrastructure.ControllerActionInvoker.Rethrow(ActionExecutedContextSealed context)
   at Microsoft.AspNetCore.Mvc.Infrastructure.ControllerActionInvoker.Next(State& next, Scope& scope, Object& state, Boolean& isCompleted)
   at Microsoft.AspNetCore.Mvc.Infrastructure.ControllerActionInvoker.<InvokeInnerFilterAsync>g__Awaited|13_0(ControllerActionInvoker invoker, Task lastTask, State next, Scope scope, Object state, Boolean isCompleted)
   at Microsoft.AspNetCore.Mvc.Infrastructure.ResourceInvoker.<InvokeFilterPipelineAsync>g__Awaited|20_0(ResourceInvoker invoker, Task lastTask, State next, Scope scope, Object state, Boolean isCompleted)
   at Microsoft.AspNetCore.Mvc.Infrastructure.ResourceInvoker.<InvokeAsync>g__Logged|17_1(ResourceInvoker invoker)
   at Microsoft.AspNetCore.Mvc.Infrastructure.ResourceInvoker.<InvokeAsync>g__Logged|17_1(ResourceInvoker invoker)
   at Microsoft.AspNetCore.Authorization.AuthorizationMiddleware.Invoke(HttpContext context)
   at Microsoft.AspNetCore.Authentication.AuthenticationMiddleware.Invoke(HttpContext context)
   at Microsoft.AspNetCore.Diagnostics.ExceptionHandlerMiddlewareImpl.<Invoke>g__Awaited|10_0(ExceptionHandlerMiddlewareImpl middleware, HttpContext context, Task task)
ClientConnectionId :fd2de114-de87-466e-8d55-a2e78f8ccd9d
Error Number :50006,State :1,Class :16
2026-07-24 14:24:22.992 +02:00[ERR] - HTTP DELETE /api/Prescription/Item/113 responded 500 in 19.8212 ms {"UserId":"1","RemoteIP":"::1","SourceContext":"Serilog.AspNetCore.RequestLoggingMiddleware","RequestId":"0HNN9FKQBCALT:00000014","ConnectionId":"0HNN9FKQBCALT","Application":"PetHealth.API","AppEnv":"Development"}
2026-07-24 14:24:24.488 +02:00[FTL] - Unhandled exception occurred {"SourceContext":"API_PetHealth.Middlewares.GlobalExceptionHandler","RequestId":"0HNN9FKQBCALT:00000015","RequestPath":"/api/Prescription/Item/113","ConnectionId":"0HNN9FKQBCALT","Application":"PetHealth.API","AppEnv":"Development"}
Microsoft.Data.SqlClient.SqlException (0x80131904): Cannot delete: this PrescriptionItem has linked Treatments.
   at Microsoft.Data.SqlClient.SqlConnection.OnError(SqlException exception, Boolean breakConnection, Action`1 wrapCloseInAction)
   at Microsoft.Data.SqlClient.Connection.SqlConnectionInternal.OnError(SqlException exception, Boolean breakConnection, Action`1 wrapCloseInAction)
   at Microsoft.Data.SqlClient.TdsParser.ThrowExceptionAndWarning(TdsParserStateObject stateObj, SqlCommand command, Boolean callerHasConnectionLock, Boolean asyncClose)
   at Microsoft.Data.SqlClient.TdsParser.TryRun(RunBehavior runBehavior, SqlCommand cmdHandler, SqlDataReader dataStream, BulkCopySimpleResultSet bulkCopyHandler, TdsParserStateObject stateObj, Boolean& dataReady)
   at Microsoft.Data.SqlClient.SqlCommand.FinishExecuteReader(SqlDataReader ds, RunBehavior runBehavior, String resetOptionsString, Boolean isInternal, Boolean forDescribeParameterEncryption, Boolean shouldCacheForAlwaysEncrypted)
   at Microsoft.Data.SqlClient.SqlCommand.CompleteAsyncExecuteReader(Boolean isInternal, Boolean forDescribeParameterEncryption)
   at Microsoft.Data.SqlClient.SqlCommand.InternalEndExecuteNonQuery(IAsyncResult asyncResult, Boolean isInternal, String endMethod)
   at Microsoft.Data.SqlClient.SqlCommand.EndExecuteNonQueryInternal(IAsyncResult asyncResult)
   at Microsoft.Data.SqlClient.SqlCommand.EndExecuteNonQueryAsync(IAsyncResult asyncResult)
   at Microsoft.Data.SqlClient.SqlCommand.<>c.<InternalExecuteNonQueryAsync>b__251_1(IAsyncResult asyncResult)
   at System.Threading.Tasks.TaskFactory`1.FromAsyncCoreLogic(IAsyncResult iar, Func`2 endFunction, Action`1 endAction, Task`1 promise, Boolean requiresSynchronization)
--- End of stack trace from previous location ---
   at Dapper.SqlMapper.ExecuteImplAsync(IDbConnection cnn, CommandDefinition command, Object param) in /_/Dapper/SqlMapper.Async.cs:line 663
   at PetHealth.Infrastructure.Services.PrescriptionService.Execute(DeletePrescriptionItemCommandAsync command) in /Users/jordanmal/Documents/Projet Développement /PetHealthApplication/API/API_PetHealth/PetHealth.Infrastructure/Services/PrescriptionService.cs:line 105
   at API_PetHealth.Controllers.PrescriptionController.DeletePrescriptionItem(Int32 id) in /Users/jordanmal/Documents/Projet Développement /PetHealthApplication/API/API_PetHealth/PetHealth.API/Controllers/PrescriptionController.cs:line 129
   at lambda_method53(Closure, Object)
   at Microsoft.AspNetCore.Mvc.Infrastructure.ActionMethodExecutor.AwaitableObjectResultExecutor.Execute(ActionContext actionContext, IActionResultTypeMapper mapper, ObjectMethodExecutor executor, Object controller, Object[] arguments)
   at Microsoft.AspNetCore.Mvc.Infrastructure.ControllerActionInvoker.<InvokeActionMethodAsync>g__Logged|12_1(ControllerActionInvoker invoker)
   at Microsoft.AspNetCore.Mvc.Infrastructure.ControllerActionInvoker.<InvokeNextActionFilterAsync>g__Awaited|10_0(ControllerActionInvoker invoker, Task lastTask, State next, Scope scope, Object state, Boolean isCompleted)
   at Microsoft.AspNetCore.Mvc.Infrastructure.ControllerActionInvoker.Rethrow(ActionExecutedContextSealed context)
   at Microsoft.AspNetCore.Mvc.Infrastructure.ControllerActionInvoker.Next(State& next, Scope& scope, Object& state, Boolean& isCompleted)
   at Microsoft.AspNetCore.Mvc.Infrastructure.ControllerActionInvoker.<InvokeInnerFilterAsync>g__Awaited|13_0(ControllerActionInvoker invoker, Task lastTask, State next, Scope scope, Object state, Boolean isCompleted)
   at Microsoft.AspNetCore.Mvc.Infrastructure.ResourceInvoker.<InvokeFilterPipelineAsync>g__Awaited|20_0(ResourceInvoker invoker, Task lastTask, State next, Scope scope, Object state, Boolean isCompleted)
   at Microsoft.AspNetCore.Mvc.Infrastructure.ResourceInvoker.<InvokeAsync>g__Logged|17_1(ResourceInvoker invoker)
   at Microsoft.AspNetCore.Mvc.Infrastructure.ResourceInvoker.<InvokeAsync>g__Logged|17_1(ResourceInvoker invoker)
   at Microsoft.AspNetCore.Authorization.AuthorizationMiddleware.Invoke(HttpContext context)
   at Microsoft.AspNetCore.Authentication.AuthenticationMiddleware.Invoke(HttpContext context)
   at Microsoft.AspNetCore.Diagnostics.ExceptionHandlerMiddlewareImpl.<Invoke>g__Awaited|10_0(ExceptionHandlerMiddlewareImpl middleware, HttpContext context, Task task)
ClientConnectionId :fd2de114-de87-466e-8d55-a2e78f8ccd9d
Error Number :50006,State :1,Class :16
2026-07-24 14:24:24.492 +02:00[ERR] - HTTP DELETE /api/Prescription/Item/113 responded 500 in 8.8340 ms {"UserId":"1","RemoteIP":"::1","SourceContext":"Serilog.AspNetCore.RequestLoggingMiddleware","RequestId":"0HNN9FKQBCALT:00000015","ConnectionId":"0HNN9FKQBCALT","Application":"PetHealth.API","AppEnv":"Development"}
2026-07-24 14:28:48.786 +02:00[INF] - HTTP GET /api/Prescription responded 200 in 20.1274 ms {"UserId":"1","RemoteIP":"::1","SourceContext":"Serilog.AspNetCore.RequestLoggingMiddleware","RequestId":"0HNN9FKQBCAM3:00000002","ConnectionId":"0HNN9FKQBCAM3","Application":"PetHealth.API","AppEnv":"Development"}
2026-07-24 14:28:48.806 +02:00[INF] - HTTP GET /api/Medicine responded 200 in 39.9974 ms {"UserId":"1","RemoteIP":"::1","SourceContext":"Serilog.AspNetCore.RequestLoggingMiddleware","RequestId":"0HNN9FKQBCAM2:00000002","ConnectionId":"0HNN9FKQBCAM2","Application":"PetHealth.API","AppEnv":"Development"}
2026-07-24 14:52:14.649 +02:00[INF] - Application started {"Application":"PetHealth.API","AppEnv":"Development"}
2026-07-24 14:52:33.528 +02:00[INF] - HTTP POST /Login responded 200 in 173.8328 ms {"UserId":"Anonymous","RemoteIP":"::1","SourceContext":"Serilog.AspNetCore.RequestLoggingMiddleware","RequestId":"0HNN9G9MVAIE9:00000002","ConnectionId":"0HNN9G9MVAIE9","Application":"PetHealth.API","AppEnv":"Development"}
2026-07-24 14:52:37.200 +02:00[INF] - HTTP GET /api/Medicine responded 200 in 22.8634 ms {"UserId":"1","RemoteIP":"::1","SourceContext":"Serilog.AspNetCore.RequestLoggingMiddleware","RequestId":"0HNN9G9MVAIE9:00000004","ConnectionId":"0HNN9G9MVAIE9","Application":"PetHealth.API","AppEnv":"Development"}
2026-07-24 14:52:37.212 +02:00[INF] - HTTP GET /api/Prescription responded 200 in 35.4781 ms {"UserId":"1","RemoteIP":"::1","SourceContext":"Serilog.AspNetCore.RequestLoggingMiddleware","RequestId":"0HNN9G9MVAIEA:00000002","ConnectionId":"0HNN9G9MVAIEA","Application":"PetHealth.API","AppEnv":"Development"}
2026-07-24 14:52:38.097 +02:00[INF] - HTTP GET /api/Prescription/Item/33 responded 200 in 16.4175 ms {"UserId":"1","RemoteIP":"::1","SourceContext":"Serilog.AspNetCore.RequestLoggingMiddleware","RequestId":"0HNN9G9MVAIEA:00000004","ConnectionId":"0HNN9G9MVAIEA","Application":"PetHealth.API","AppEnv":"Development"}
2026-07-24 14:52:39.566 +02:00[INF] - HTTP DELETE /api/Prescription/Item/33 responded 200 in 71.6415 ms {"UserId":"1","RemoteIP":"::1","SourceContext":"Serilog.AspNetCore.RequestLoggingMiddleware","RequestId":"0HNN9G9MVAIEA:00000006","ConnectionId":"0HNN9G9MVAIEA","Application":"PetHealth.API","AppEnv":"Development"}
2026-07-24 14:52:39.572 +02:00[INF] - HTTP GET /api/Prescription/Item/33 responded 200 in 2.7560 ms {"UserId":"1","RemoteIP":"::1","SourceContext":"Serilog.AspNetCore.RequestLoggingMiddleware","RequestId":"0HNN9G9MVAIEA:00000007","ConnectionId":"0HNN9G9MVAIEA","Application":"PetHealth.API","AppEnv":"Development"}
2026-07-24 14:53:14.759 +02:00[INF] - HTTP GET /api/Medicine responded 200 in 3.7725 ms {"UserId":"1","RemoteIP":"::1","SourceContext":"Serilog.AspNetCore.RequestLoggingMiddleware","RequestId":"0HNN9G9MVAIEA:00000009","ConnectionId":"0HNN9G9MVAIEA","Application":"PetHealth.API","AppEnv":"Development"}
2026-07-24 14:53:14.759 +02:00[INF] - HTTP GET /api/Prescription responded 200 in 3.8698 ms {"UserId":"1","RemoteIP":"::1","SourceContext":"Serilog.AspNetCore.RequestLoggingMiddleware","RequestId":"0HNN9G9MVAIE9:00000006","ConnectionId":"0HNN9G9MVAIE9","Application":"PetHealth.API","AppEnv":"Development"}
2026-07-24 14:53:15.866 +02:00[INF] - HTTP GET /api/Prescription/Item/33 responded 200 in 4.8964 ms {"UserId":"1","RemoteIP":"::1","SourceContext":"Serilog.AspNetCore.RequestLoggingMiddleware","RequestId":"0HNN9G9MVAIE9:00000008","ConnectionId":"0HNN9G9MVAIE9","Application":"PetHealth.API","AppEnv":"Development"}
2026-07-24 14:56:32.623 +02:00[INF] - HTTP GET /api/Prescription responded 200 in 14.7842 ms {"UserId":"1","RemoteIP":"::1","SourceContext":"Serilog.AspNetCore.RequestLoggingMiddleware","RequestId":"0HNN9G9MVAIEG:00000002","ConnectionId":"0HNN9G9MVAIEG","Application":"PetHealth.API","AppEnv":"Development"}
2026-07-24 14:56:32.623 +02:00[INF] - HTTP GET /api/Medicine responded 200 in 14.7285 ms {"UserId":"1","RemoteIP":"::1","SourceContext":"Serilog.AspNetCore.RequestLoggingMiddleware","RequestId":"0HNN9G9MVAIEF:00000002","ConnectionId":"0HNN9G9MVAIEF","Application":"PetHealth.API","AppEnv":"Development"}
2026-07-24 15:03:00.619 +02:00[INF] - HTTP POST /api/Prescription responded 200 in 72.5070 ms {"UserId":"1","RemoteIP":"::1","SourceContext":"Serilog.AspNetCore.RequestLoggingMiddleware","RequestId":"0HNN9G9MVAIEH:00000002","ConnectionId":"0HNN9G9MVAIEH","Application":"PetHealth.API","AppEnv":"Development"}
2026-07-24 15:03:00.626 +02:00[INF] - HTTP GET /api/Prescription responded 200 in 3.8382 ms {"UserId":"1","RemoteIP":"::1","SourceContext":"Serilog.AspNetCore.RequestLoggingMiddleware","RequestId":"0HNN9G9MVAIEH:00000003","ConnectionId":"0HNN9G9MVAIEH","Application":"PetHealth.API","AppEnv":"Development"}
2026-07-24 15:03:02.048 +02:00[INF] - HTTP GET /api/Prescription/Item/1001 responded 404 in 7.9825 ms {"UserId":"1","RemoteIP":"::1","SourceContext":"Serilog.AspNetCore.RequestLoggingMiddleware","RequestId":"0HNN9G9MVAIEH:00000005","ConnectionId":"0HNN9G9MVAIEH","Application":"PetHealth.API","AppEnv":"Development"}
2026-07-24 15:03:18.355 +02:00[INF] - HTTP POST /api/Prescription/Item responded 200 in 19.1554 ms {"UserId":"1","RemoteIP":"::1","SourceContext":"Serilog.AspNetCore.RequestLoggingMiddleware","RequestId":"0HNN9G9MVAIEH:00000007","ConnectionId":"0HNN9G9MVAIEH","Application":"PetHealth.API","AppEnv":"Development"}
2026-07-24 15:03:18.364 +02:00[INF] - HTTP GET /api/Prescription/Item/1001 responded 200 in 5.1285 ms {"UserId":"1","RemoteIP":"::1","SourceContext":"Serilog.AspNetCore.RequestLoggingMiddleware","RequestId":"0HNN9G9MVAIEH:00000009","ConnectionId":"0HNN9G9MVAIEH","Application":"PetHealth.API","AppEnv":"Development"}
2026-07-24 15:03:35.443 +02:00[INF] - HTTP DELETE /api/Prescription/Item/1002 responded 200 in 9.6460 ms {"UserId":"1","RemoteIP":"::1","SourceContext":"Serilog.AspNetCore.RequestLoggingMiddleware","RequestId":"0HNN9G9MVAIEH:0000000B","ConnectionId":"0HNN9G9MVAIEH","Application":"PetHealth.API","AppEnv":"Development"}
2026-07-24 15:03:35.451 +02:00[INF] - HTTP GET /api/Prescription/Item/1001 responded 404 in 4.4952 ms {"UserId":"1","RemoteIP":"::1","SourceContext":"Serilog.AspNetCore.RequestLoggingMiddleware","RequestId":"0HNN9G9MVAIEH:0000000D","ConnectionId":"0HNN9G9MVAIEH","Application":"PetHealth.API","AppEnv":"Development"}
2026-07-24 15:03:36.783 +02:00[INF] - HTTP DELETE /api/Prescription/1001 responded 200 in 35.7240 ms {"UserId":"1","RemoteIP":"::1","SourceContext":"Serilog.AspNetCore.RequestLoggingMiddleware","RequestId":"0HNN9G9MVAIEH:0000000F","ConnectionId":"0HNN9G9MVAIEH","Application":"PetHealth.API","AppEnv":"Development"}
2026-07-24 15:03:36.789 +02:00[INF] - HTTP GET /api/Prescription responded 200 in 2.3385 ms {"UserId":"1","RemoteIP":"::1","SourceContext":"Serilog.AspNetCore.RequestLoggingMiddleware","RequestId":"0HNN9G9MVAIEH:00000011","ConnectionId":"0HNN9G9MVAIEH","Application":"PetHealth.API","AppEnv":"Development"}
2026-07-24 15:06:02.007 +02:00[INF] - HTTP GET /api/Pet/my-pets responded 404 in 11.5933 ms {"UserId":"1","RemoteIP":"::1","SourceContext":"Serilog.AspNetCore.RequestLoggingMiddleware","RequestId":"0HNN9G9MVAIEI:00000002","ConnectionId":"0HNN9G9MVAIEI","Application":"PetHealth.API","AppEnv":"Development"}
2026-07-24 15:06:05.347 +02:00[INF] - HTTP GET /api/AppUser/me responded 200 in 16.6204 ms {"UserId":"1","RemoteIP":"::1","SourceContext":"Serilog.AspNetCore.RequestLoggingMiddleware","RequestId":"0HNN9G9MVAIEI:00000004","ConnectionId":"0HNN9G9MVAIEI","Application":"PetHealth.API","AppEnv":"Development"}
2026-07-24 15:06:07.692 +02:00[INF] - HTTP GET /api/Pet/my-pets responded 404 in 3.6539 ms {"UserId":"1","RemoteIP":"::1","SourceContext":"Serilog.AspNetCore.RequestLoggingMiddleware","RequestId":"0HNN9G9MVAIEI:00000006","ConnectionId":"0HNN9G9MVAIEI","Application":"PetHealth.API","AppEnv":"Development"}
2026-07-24 15:06:08.863 +02:00[INF] - HTTP GET /api/Medicine responded 200 in 7.7556 ms {"UserId":"1","RemoteIP":"::1","SourceContext":"Serilog.AspNetCore.RequestLoggingMiddleware","RequestId":"0HNN9G9MVAIEJ:00000002","ConnectionId":"0HNN9G9MVAIEJ","Application":"PetHealth.API","AppEnv":"Development"}
2026-07-24 15:06:08.884 +02:00[INF] - HTTP GET /api/Prescription responded 200 in 29.4838 ms {"UserId":"1","RemoteIP":"::1","SourceContext":"Serilog.AspNetCore.RequestLoggingMiddleware","RequestId":"0HNN9G9MVAIEI:00000008","ConnectionId":"0HNN9G9MVAIEI","Application":"PetHealth.API","AppEnv":"Development"}
2026-07-24 15:14:22.513 +02:00[INF] - HTTP GET /api/Pet/my-pets responded 404 in 43.1157 ms {"UserId":"1","RemoteIP":"::1","SourceContext":"Serilog.AspNetCore.RequestLoggingMiddleware","RequestId":"0HNN9G9MVAIEK:00000002","ConnectionId":"0HNN9G9MVAIEK","Application":"PetHealth.API","AppEnv":"Development"}
2026-07-24 15:14:24.587 +02:00[INF] - HTTP GET /api/Medicine responded 200 in 7.7470 ms {"UserId":"1","RemoteIP":"::1","SourceContext":"Serilog.AspNetCore.RequestLoggingMiddleware","RequestId":"0HNN9G9MVAIEK:00000004","ConnectionId":"0HNN9G9MVAIEK","Application":"PetHealth.API","AppEnv":"Development"}
2026-07-24 15:14:24.610 +02:00[INF] - HTTP GET /api/Prescription responded 200 in 30.2254 ms {"UserId":"1","RemoteIP":"::1","SourceContext":"Serilog.AspNetCore.RequestLoggingMiddleware","RequestId":"0HNN9G9MVAIEL:00000002","ConnectionId":"0HNN9G9MVAIEL","Application":"PetHealth.API","AppEnv":"Development"}
