2026-07-29 00:33:14.166 +02:00[INF] - Application started {"Application":"PetHealth.API","AppEnv":"Development"}
2026-07-29 00:36:07.233 +02:00[INF] - HTTP GET /api/Pet responded 200 in 310.0370 ms {"UserId":"1","RemoteIP":"::1","SourceContext":"Serilog.AspNetCore.RequestLoggingMiddleware","RequestId":"0HNNCV2EKJCT4:00000002","ConnectionId":"0HNNCV2EKJCT4","Application":"PetHealth.API","AppEnv":"Development"}
2026-07-29 00:36:07.234 +02:00[INF] - HTTP GET /api/Appointment responded 200 in 314.2832 ms {"UserId":"1","RemoteIP":"::1","SourceContext":"Serilog.AspNetCore.RequestLoggingMiddleware","RequestId":"0HNNCV2EKJCT6:00000002","ConnectionId":"0HNNCV2EKJCT6","Application":"PetHealth.API","AppEnv":"Development"}
2026-07-29 00:36:07.233 +02:00[INF] - HTTP GET /api/Prescription responded 200 in 310.0216 ms {"UserId":"1","RemoteIP":"::1","SourceContext":"Serilog.AspNetCore.RequestLoggingMiddleware","RequestId":"0HNNCV2EKJCT3:00000002","ConnectionId":"0HNNCV2EKJCT3","Application":"PetHealth.API","AppEnv":"Development"}
2026-07-29 00:36:07.233 +02:00[INF] - HTTP GET /api/AppUser responded 200 in 310.0302 ms {"UserId":"1","RemoteIP":"::1","SourceContext":"Serilog.AspNetCore.RequestLoggingMiddleware","RequestId":"0HNNCV2EKJCT5:00000002","ConnectionId":"0HNNCV2EKJCT5","Application":"PetHealth.API","AppEnv":"Development"}
2026-07-29 00:36:09.773 +02:00[INF] - HTTP GET /api/Prescription responded 200 in 9.0655 ms {"UserId":"1","RemoteIP":"::1","SourceContext":"Serilog.AspNetCore.RequestLoggingMiddleware","RequestId":"0HNNCV2EKJCT3:00000003","ConnectionId":"0HNNCV2EKJCT3","Application":"PetHealth.API","AppEnv":"Development"}
2026-07-29 00:36:09.787 +02:00[INF] - HTTP GET /api/Medicine responded 200 in 22.1186 ms {"UserId":"1","RemoteIP":"::1","SourceContext":"Serilog.AspNetCore.RequestLoggingMiddleware","RequestId":"0HNNCV2EKJCT4:00000004","ConnectionId":"0HNNCV2EKJCT4","Application":"PetHealth.API","AppEnv":"Development"}
2026-07-29 00:36:11.494 +02:00[INF] - HTTP GET /api/AppUser responded 200 in 5.6538 ms {"UserId":"1","RemoteIP":"::1","SourceContext":"Serilog.AspNetCore.RequestLoggingMiddleware","RequestId":"0HNNCV2EKJCT3:00000004","ConnectionId":"0HNNCV2EKJCT3","Application":"PetHealth.API","AppEnv":"Development"}
2026-07-29 00:36:11.510 +02:00[INF] - HTTP GET /api/AppUserRole responded 200 in 20.5714 ms {"UserId":"1","RemoteIP":"::1","SourceContext":"Serilog.AspNetCore.RequestLoggingMiddleware","RequestId":"0HNNCV2EKJCT4:00000006","ConnectionId":"0HNNCV2EKJCT4","Application":"PetHealth.API","AppEnv":"Development"}
2026-07-29 00:39:34.207 +02:00[INF] - HTTP GET /api/Medicine responded 200 in 13.4535 ms {"UserId":"1","RemoteIP":"::1","SourceContext":"Serilog.AspNetCore.RequestLoggingMiddleware","RequestId":"0HNNCV2EKJCT7:00000002","ConnectionId":"0HNNCV2EKJCT7","Application":"PetHealth.API","AppEnv":"Development"}
2026-07-29 00:39:34.207 +02:00[INF] - HTTP GET /api/Prescription responded 200 in 13.4644 ms {"UserId":"1","RemoteIP":"::1","SourceContext":"Serilog.AspNetCore.RequestLoggingMiddleware","RequestId":"0HNNCV2EKJCT8:00000002","ConnectionId":"0HNNCV2EKJCT8","Application":"PetHealth.API","AppEnv":"Development"}
2026-07-29 00:39:36.198 +02:00[INF] - HTTP GET /api/AppUser/me responded 200 in 24.6810 ms {"UserId":"1","RemoteIP":"::1","SourceContext":"Serilog.AspNetCore.RequestLoggingMiddleware","RequestId":"0HNNCV2EKJCT7:00000004","ConnectionId":"0HNNCV2EKJCT7","Application":"PetHealth.API","AppEnv":"Development"}
2026-07-29 00:39:39.535 +02:00[INF] - HTTP GET /api/Pet/my-pets responded 404 in 22.2676 ms {"UserId":"1","RemoteIP":"::1","SourceContext":"Serilog.AspNetCore.RequestLoggingMiddleware","RequestId":"0HNNCV2EKJCT7:00000006","ConnectionId":"0HNNCV2EKJCT7","Application":"PetHealth.API","AppEnv":"Development"}
2026-07-29 00:39:42.495 +02:00[INF] - HTTP GET /api/AppUser responded 200 in 6.1285 ms {"UserId":"1","RemoteIP":"::1","SourceContext":"Serilog.AspNetCore.RequestLoggingMiddleware","RequestId":"0HNNCV2EKJCT9:00000002","ConnectionId":"0HNNCV2EKJCT9","Application":"PetHealth.API","AppEnv":"Development"}
2026-07-29 00:39:42.495 +02:00[INF] - HTTP GET /api/Prescription responded 200 in 5.9601 ms {"UserId":"1","RemoteIP":"::1","SourceContext":"Serilog.AspNetCore.RequestLoggingMiddleware","RequestId":"0HNNCV2EKJCT7:00000009","ConnectionId":"0HNNCV2EKJCT7","Application":"PetHealth.API","AppEnv":"Development"}
2026-07-29 00:39:42.495 +02:00[INF] - HTTP GET /api/Pet responded 200 in 6.7262 ms {"UserId":"1","RemoteIP":"::1","SourceContext":"Serilog.AspNetCore.RequestLoggingMiddleware","RequestId":"0HNNCV2EKJCTA:00000001","ConnectionId":"0HNNCV2EKJCTA","Application":"PetHealth.API","AppEnv":"Development"}
2026-07-29 00:39:42.498 +02:00[INF] - HTTP GET /api/Appointment responded 200 in 9.6104 ms {"UserId":"1","RemoteIP":"::1","SourceContext":"Serilog.AspNetCore.RequestLoggingMiddleware","RequestId":"0HNNCV2EKJCT8:00000004","ConnectionId":"0HNNCV2EKJCT8","Application":"PetHealth.API","AppEnv":"Development"}
2026-07-29 00:39:43.154 +02:00[INF] - HTTP GET /api/Medicine responded 200 in 4.0363 ms {"UserId":"1","RemoteIP":"::1","SourceContext":"Serilog.AspNetCore.RequestLoggingMiddleware","RequestId":"0HNNCV2EKJCTA:00000003","ConnectionId":"0HNNCV2EKJCTA","Application":"PetHealth.API","AppEnv":"Development"}
2026-07-29 00:39:43.154 +02:00[INF] - HTTP GET /api/Prescription responded 200 in 4.6103 ms {"UserId":"1","RemoteIP":"::1","SourceContext":"Serilog.AspNetCore.RequestLoggingMiddleware","RequestId":"0HNNCV2EKJCT8:00000005","ConnectionId":"0HNNCV2EKJCT8","Application":"PetHealth.API","AppEnv":"Development"}
2026-07-29 00:40:10.035 +02:00[INF] - HTTP POST /Login responded 200 in 98.7171 ms {"UserId":"Anonymous","RemoteIP":"::1","SourceContext":"Serilog.AspNetCore.RequestLoggingMiddleware","RequestId":"0HNNCV2EKJCT8:00000007","ConnectionId":"0HNNCV2EKJCT8","Application":"PetHealth.API","AppEnv":"Development"}
2026-07-29 00:40:15.105 +02:00[INF] - HTTP GET /api/Pet/my-pets responded 200 in 3.9233 ms {"UserId":"7","RemoteIP":"::1","SourceContext":"Serilog.AspNetCore.RequestLoggingMiddleware","RequestId":"0HNNCV2EKJCT8:00000009","ConnectionId":"0HNNCV2EKJCT8","Application":"PetHealth.API","AppEnv":"Development"}
2026-07-29 00:40:16.220 +02:00[INF] - HTTP GET /api/Pet/1 responded 200 in 23.7871 ms {"UserId":"7","RemoteIP":"::1","SourceContext":"Serilog.AspNetCore.RequestLoggingMiddleware","RequestId":"0HNNCV2EKJCT8:0000000B","ConnectionId":"0HNNCV2EKJCT8","Application":"PetHealth.API","AppEnv":"Development"}
2026-07-29 00:40:18.515 +02:00[INF] - HTTP GET /api/Pet/1 responded 200 in 3.9606 ms {"UserId":"7","RemoteIP":"::1","SourceContext":"Serilog.AspNetCore.RequestLoggingMiddleware","RequestId":"0HNNCV2EKJCT8:0000000C","ConnectionId":"0HNNCV2EKJCT8","Application":"PetHealth.API","AppEnv":"Development"}
2026-07-29 00:40:18.568 +02:00[INF] - HTTP GET /api/Treatment/Pet/1 responded 200 in 55.0686 ms {"UserId":"7","RemoteIP":"::1","SourceContext":"Serilog.AspNetCore.RequestLoggingMiddleware","RequestId":"0HNNCV2EKJCTA:00000005","ConnectionId":"0HNNCV2EKJCTA","Application":"PetHealth.API","AppEnv":"Development"}
2026-07-29 00:40:32.196 +02:00[INF] - HTTP GET /api/Pet/1 responded 200 in 4.1825 ms {"UserId":"7","RemoteIP":"::1","SourceContext":"Serilog.AspNetCore.RequestLoggingMiddleware","RequestId":"0HNNCV2EKJCTA:00000007","ConnectionId":"0HNNCV2EKJCTA","Application":"PetHealth.API","AppEnv":"Development"}
2026-07-29 00:40:38.662 +02:00[INF] - HTTP GET /api/Pet/my-pets responded 200 in 4.0068 ms {"UserId":"7","RemoteIP":"::1","SourceContext":"Serilog.AspNetCore.RequestLoggingMiddleware","RequestId":"0HNNCV2EKJCTA:00000009","ConnectionId":"0HNNCV2EKJCTA","Application":"PetHealth.API","AppEnv":"Development"}
2026-07-29 00:40:38.696 +02:00[INF] - HTTP GET /api/Appointment/2 responded 200 in 30.6201 ms {"UserId":"7","RemoteIP":"::1","SourceContext":"Serilog.AspNetCore.RequestLoggingMiddleware","RequestId":"0HNNCV2EKJCTA:0000000B","ConnectionId":"0HNNCV2EKJCTA","Application":"PetHealth.API","AppEnv":"Development"}
2026-07-29 00:40:38.696 +02:00[INF] - HTTP GET /api/Appointment/1 responded 200 in 30.5944 ms {"UserId":"7","RemoteIP":"::1","SourceContext":"Serilog.AspNetCore.RequestLoggingMiddleware","RequestId":"0HNNCV2EKJCT8:0000000E","ConnectionId":"0HNNCV2EKJCT8","Application":"PetHealth.API","AppEnv":"Development"}
2026-07-29 00:40:41.542 +02:00[INF] - HTTP GET /api/AppUser/me responded 200 in 4.4263 ms {"UserId":"7","RemoteIP":"::1","SourceContext":"Serilog.AspNetCore.RequestLoggingMiddleware","RequestId":"0HNNCV2EKJCTA:0000000D","ConnectionId":"0HNNCV2EKJCTA","Application":"PetHealth.API","AppEnv":"Development"}
2026-07-29 00:41:01.051 +02:00[INF] - HTTP POST /Login responded 200 in 5.6391 ms {"UserId":"Anonymous","RemoteIP":"::1","SourceContext":"Serilog.AspNetCore.RequestLoggingMiddleware","RequestId":"0HNNCV2EKJCTA:0000000F","ConnectionId":"0HNNCV2EKJCTA","Application":"PetHealth.API","AppEnv":"Development"}
2026-07-29 00:41:06.446 +02:00[INF] - HTTP GET /api/AppUser/me responded 200 in 3.8512 ms {"UserId":"1","RemoteIP":"::1","SourceContext":"Serilog.AspNetCore.RequestLoggingMiddleware","RequestId":"0HNNCV2EKJCTA:00000011","ConnectionId":"0HNNCV2EKJCTA","Application":"PetHealth.API","AppEnv":"Development"}
2026-07-29 00:41:08.148 +02:00[INF] - HTTP GET /api/Pet/my-pets responded 404 in 6.5337 ms {"UserId":"1","RemoteIP":"::1","SourceContext":"Serilog.AspNetCore.RequestLoggingMiddleware","RequestId":"0HNNCV2EKJCTA:00000013","ConnectionId":"0HNNCV2EKJCTA","Application":"PetHealth.API","AppEnv":"Development"}
2026-07-29 00:41:10.250 +02:00[INF] - HTTP GET /api/Prescription responded 200 in 3.0212 ms {"UserId":"1","RemoteIP":"::1","SourceContext":"Serilog.AspNetCore.RequestLoggingMiddleware","RequestId":"0HNNCV2EKJCT8:00000010","ConnectionId":"0HNNCV2EKJCT8","Application":"PetHealth.API","AppEnv":"Development"}
2026-07-29 00:41:10.250 +02:00[INF] - HTTP GET /api/AppUser responded 200 in 3.3338 ms {"UserId":"1","RemoteIP":"::1","SourceContext":"Serilog.AspNetCore.RequestLoggingMiddleware","RequestId":"0HNNCV2EKJCT7:0000000B","ConnectionId":"0HNNCV2EKJCT7","Application":"PetHealth.API","AppEnv":"Development"}
2026-07-29 00:41:10.251 +02:00[INF] - HTTP GET /api/Appointment responded 200 in 4.7160 ms {"UserId":"1","RemoteIP":"::1","SourceContext":"Serilog.AspNetCore.RequestLoggingMiddleware","RequestId":"0HNNCV2EKJCTA:00000015","ConnectionId":"0HNNCV2EKJCTA","Application":"PetHealth.API","AppEnv":"Development"}
2026-07-29 00:41:10.252 +02:00[INF] - HTTP GET /api/Pet responded 200 in 5.0975 ms {"UserId":"1","RemoteIP":"::1","SourceContext":"Serilog.AspNetCore.RequestLoggingMiddleware","RequestId":"0HNNCV2EKJCT9:00000004","ConnectionId":"0HNNCV2EKJCT9","Application":"PetHealth.API","AppEnv":"Development"}
2026-07-29 00:41:21.300 +02:00[INF] - HTTP GET /api/Prescription responded 200 in 5.3742 ms {"UserId":"1","RemoteIP":"::1","SourceContext":"Serilog.AspNetCore.RequestLoggingMiddleware","RequestId":"0HNNCV2EKJCT7:0000000D","ConnectionId":"0HNNCV2EKJCT7","Application":"PetHealth.API","AppEnv":"Development"}
2026-07-29 00:41:21.301 +02:00[INF] - HTTP GET /api/Medicine responded 200 in 6.2108 ms {"UserId":"1","RemoteIP":"::1","SourceContext":"Serilog.AspNetCore.RequestLoggingMiddleware","RequestId":"0HNNCV2EKJCT8:00000012","ConnectionId":"0HNNCV2EKJCT8","Application":"PetHealth.API","AppEnv":"Development"}
2026-07-29 00:41:21.323 +02:00[INF] - HTTP GET /api/Prescription/Item/1004 responded 404 in 20.1866 ms {"UserId":"1","RemoteIP":"::1","SourceContext":"Serilog.AspNetCore.RequestLoggingMiddleware","RequestId":"0HNNCV2EKJCT8:00000014","ConnectionId":"0HNNCV2EKJCT8","Application":"PetHealth.API","AppEnv":"Development"}
2026-07-29 00:43:10.347 +02:00[INF] - HTTP GET /api/AppUser responded 200 in 9.6569 ms {"UserId":"1","RemoteIP":"::1","SourceContext":"Serilog.AspNetCore.RequestLoggingMiddleware","RequestId":"0HNNCV2EKJCT7:0000000F","ConnectionId":"0HNNCV2EKJCT7","Application":"PetHealth.API","AppEnv":"Development"}
2026-07-29 00:43:10.347 +02:00[INF] - HTTP GET /api/Prescription responded 200 in 9.5411 ms {"UserId":"1","RemoteIP":"::1","SourceContext":"Serilog.AspNetCore.RequestLoggingMiddleware","RequestId":"0HNNCV2EKJCT8:00000016","ConnectionId":"0HNNCV2EKJCT8","Application":"PetHealth.API","AppEnv":"Development"}
2026-07-29 00:43:10.348 +02:00[INF] - HTTP GET /api/Pet responded 200 in 10.4671 ms {"UserId":"1","RemoteIP":"::1","SourceContext":"Serilog.AspNetCore.RequestLoggingMiddleware","RequestId":"0HNNCV2EKJCT9:00000006","ConnectionId":"0HNNCV2EKJCT9","Application":"PetHealth.API","AppEnv":"Development"}
2026-07-29 00:43:10.348 +02:00[INF] - HTTP GET /api/Appointment responded 200 in 11.1789 ms {"UserId":"1","RemoteIP":"::1","SourceContext":"Serilog.AspNetCore.RequestLoggingMiddleware","RequestId":"0HNNCV2EKJCTA:00000017","ConnectionId":"0HNNCV2EKJCTA","Application":"PetHealth.API","AppEnv":"Development"}
2026-07-29 00:45:48.086 +02:00[INF] - HTTP GET /api/AppUser responded 200 in 7.4072 ms {"UserId":"1","RemoteIP":"::1","SourceContext":"Serilog.AspNetCore.RequestLoggingMiddleware","RequestId":"0HNNCV2EKJCTD:00000002","ConnectionId":"0HNNCV2EKJCTD","Application":"PetHealth.API","AppEnv":"Development"}
2026-07-29 00:45:48.086 +02:00[INF] - HTTP GET /api/Prescription responded 200 in 7.4084 ms {"UserId":"1","RemoteIP":"::1","SourceContext":"Serilog.AspNetCore.RequestLoggingMiddleware","RequestId":"0HNNCV2EKJCTC:00000002","ConnectionId":"0HNNCV2EKJCTC","Application":"PetHealth.API","AppEnv":"Development"}
2026-07-29 00:45:48.086 +02:00[INF] - HTTP GET /api/Pet responded 200 in 7.7778 ms {"UserId":"1","RemoteIP":"::1","SourceContext":"Serilog.AspNetCore.RequestLoggingMiddleware","RequestId":"0HNNCV2EKJCTE:00000002","ConnectionId":"0HNNCV2EKJCTE","Application":"PetHealth.API","AppEnv":"Development"}
2026-07-29 00:45:48.087 +02:00[INF] - HTTP GET /api/Appointment responded 200 in 8.4750 ms {"UserId":"1","RemoteIP":"::1","SourceContext":"Serilog.AspNetCore.RequestLoggingMiddleware","RequestId":"0HNNCV2EKJCTF:00000002","ConnectionId":"0HNNCV2EKJCTF","Application":"PetHealth.API","AppEnv":"Development"}
2026-07-29 00:57:11.710 +02:00[INF] - HTTP GET /api/AppUser responded 200 in 42.8442 ms {"UserId":"1","RemoteIP":"::1","SourceContext":"Serilog.AspNetCore.RequestLoggingMiddleware","RequestId":"0HNNCV2EKJCTJ:00000002","ConnectionId":"0HNNCV2EKJCTJ","Application":"PetHealth.API","AppEnv":"Development"}
2026-07-29 00:57:11.715 +02:00[INF] - HTTP GET /api/Pet responded 200 in 47.6191 ms {"UserId":"1","RemoteIP":"::1","SourceContext":"Serilog.AspNetCore.RequestLoggingMiddleware","RequestId":"0HNNCV2EKJCTG:00000002","ConnectionId":"0HNNCV2EKJCTG","Application":"PetHealth.API","AppEnv":"Development"}
2026-07-29 00:57:11.718 +02:00[INF] - HTTP GET /api/Appointment responded 200 in 51.1328 ms {"UserId":"1","RemoteIP":"::1","SourceContext":"Serilog.AspNetCore.RequestLoggingMiddleware","RequestId":"0HNNCV2EKJCTH:00000002","ConnectionId":"0HNNCV2EKJCTH","Application":"PetHealth.API","AppEnv":"Development"}
2026-07-29 00:57:11.726 +02:00[INF] - HTTP GET /api/Prescription responded 200 in 59.1183 ms {"UserId":"1","RemoteIP":"::1","SourceContext":"Serilog.AspNetCore.RequestLoggingMiddleware","RequestId":"0HNNCV2EKJCTI:00000002","ConnectionId":"0HNNCV2EKJCTI","Application":"PetHealth.API","AppEnv":"Development"}
2026-07-29 00:57:18.413 +02:00[INF] - HTTP GET /api/Pet responded 200 in 7.2035 ms {"UserId":"1","RemoteIP":"::1","SourceContext":"Serilog.AspNetCore.RequestLoggingMiddleware","RequestId":"0HNNCV2EKJCTG:00000004","ConnectionId":"0HNNCV2EKJCTG","Application":"PetHealth.API","AppEnv":"Development"}
2026-07-29 00:57:18.413 +02:00[INF] - HTTP GET /api/Appointment responded 200 in 7.5186 ms {"UserId":"1","RemoteIP":"::1","SourceContext":"Serilog.AspNetCore.RequestLoggingMiddleware","RequestId":"0HNNCV2EKJCTI:00000004","ConnectionId":"0HNNCV2EKJCTI","Application":"PetHealth.API","AppEnv":"Development"}
2026-07-29 00:57:18.421 +02:00[INF] - HTTP GET /api/Prescription responded 200 in 15.8198 ms {"UserId":"1","RemoteIP":"::1","SourceContext":"Serilog.AspNetCore.RequestLoggingMiddleware","RequestId":"0HNNCV2EKJCTH:00000005","ConnectionId":"0HNNCV2EKJCTH","Application":"PetHealth.API","AppEnv":"Development"}
2026-07-29 00:57:18.430 +02:00[INF] - HTTP GET /api/AppUser responded 200 in 24.0335 ms {"UserId":"1","RemoteIP":"::1","SourceContext":"Serilog.AspNetCore.RequestLoggingMiddleware","RequestId":"0HNNCV2EKJCTJ:00000003","ConnectionId":"0HNNCV2EKJCTJ","Application":"PetHealth.API","AppEnv":"Development"}
2026-07-29 00:57:26.414 +02:00[INF] - HTTP GET /api/Appointment responded 200 in 4.1621 ms {"UserId":"1","RemoteIP":"::1","SourceContext":"Serilog.AspNetCore.RequestLoggingMiddleware","RequestId":"0HNNCV2EKJCTJ:00000005","ConnectionId":"0HNNCV2EKJCTJ","Application":"PetHealth.API","AppEnv":"Development"}
2026-07-29 00:57:26.416 +02:00[INF] - HTTP GET /api/AppUser responded 200 in 6.3459 ms {"UserId":"1","RemoteIP":"::1","SourceContext":"Serilog.AspNetCore.RequestLoggingMiddleware","RequestId":"0HNNCV2EKJCTH:00000007","ConnectionId":"0HNNCV2EKJCTH","Application":"PetHealth.API","AppEnv":"Development"}
2026-07-29 00:57:26.416 +02:00[INF] - HTTP GET /api/Pet responded 200 in 6.5935 ms {"UserId":"1","RemoteIP":"::1","SourceContext":"Serilog.AspNetCore.RequestLoggingMiddleware","RequestId":"0HNNCV2EKJCTG:00000006","ConnectionId":"0HNNCV2EKJCTG","Application":"PetHealth.API","AppEnv":"Development"}
2026-07-29 00:57:26.434 +02:00[INF] - HTTP GET /api/Prescription responded 200 in 23.6408 ms {"UserId":"1","RemoteIP":"::1","SourceContext":"Serilog.AspNetCore.RequestLoggingMiddleware","RequestId":"0HNNCV2EKJCTI:00000006","ConnectionId":"0HNNCV2EKJCTI","Application":"PetHealth.API","AppEnv":"Development"}
2026-07-29 00:57:33.387 +02:00[INF] - HTTP GET /api/Pet responded 200 in 2.9324 ms {"UserId":"1","RemoteIP":"::1","SourceContext":"Serilog.AspNetCore.RequestLoggingMiddleware","RequestId":"0HNNCV2EKJCTG:00000008","ConnectionId":"0HNNCV2EKJCTG","Application":"PetHealth.API","AppEnv":"Development"}
2026-07-29 00:57:33.387 +02:00[INF] - HTTP GET /api/Prescription responded 200 in 2.5330 ms {"UserId":"1","RemoteIP":"::1","SourceContext":"Serilog.AspNetCore.RequestLoggingMiddleware","RequestId":"0HNNCV2EKJCTJ:00000007","ConnectionId":"0HNNCV2EKJCTJ","Application":"PetHealth.API","AppEnv":"Development"}
2026-07-29 00:57:33.388 +02:00[INF] - HTTP GET /api/AppUser responded 200 in 3.5549 ms {"UserId":"1","RemoteIP":"::1","SourceContext":"Serilog.AspNetCore.RequestLoggingMiddleware","RequestId":"0HNNCV2EKJCTI:00000009","ConnectionId":"0HNNCV2EKJCTI","Application":"PetHealth.API","AppEnv":"Development"}
2026-07-29 00:57:33.388 +02:00[INF] - HTTP GET /api/Appointment responded 200 in 3.8645 ms {"UserId":"1","RemoteIP":"::1","SourceContext":"Serilog.AspNetCore.RequestLoggingMiddleware","RequestId":"0HNNCV2EKJCTH:00000008","ConnectionId":"0HNNCV2EKJCTH","Application":"PetHealth.API","AppEnv":"Development"}
2026-07-29 00:57:39.402 +02:00[INF] - HTTP GET /api/Pet responded 200 in 3.3100 ms {"UserId":"1","RemoteIP":"::1","SourceContext":"Serilog.AspNetCore.RequestLoggingMiddleware","RequestId":"0HNNCV2EKJCTH:0000000A","ConnectionId":"0HNNCV2EKJCTH","Application":"PetHealth.API","AppEnv":"Development"}
2026-07-29 00:57:39.403 +02:00[INF] - HTTP GET /api/Prescription responded 200 in 2.9250 ms {"UserId":"1","RemoteIP":"::1","SourceContext":"Serilog.AspNetCore.RequestLoggingMiddleware","RequestId":"0HNNCV2EKJCTJ:00000009","ConnectionId":"0HNNCV2EKJCTJ","Application":"PetHealth.API","AppEnv":"Development"}
2026-07-29 00:57:39.403 +02:00[INF] - HTTP GET /api/AppUser responded 200 in 3.2883 ms {"UserId":"1","RemoteIP":"::1","SourceContext":"Serilog.AspNetCore.RequestLoggingMiddleware","RequestId":"0HNNCV2EKJCTG:0000000A","ConnectionId":"0HNNCV2EKJCTG","Application":"PetHealth.API","AppEnv":"Development"}
2026-07-29 00:57:39.403 +02:00[INF] - HTTP GET /api/Appointment responded 200 in 5.1855 ms {"UserId":"1","RemoteIP":"::1","SourceContext":"Serilog.AspNetCore.RequestLoggingMiddleware","RequestId":"0HNNCV2EKJCTI:0000000B","ConnectionId":"0HNNCV2EKJCTI","Application":"PetHealth.API","AppEnv":"Development"}
2026-07-29 00:59:34.797 +02:00[INF] - HTTP GET /api/Vaccination/23 responded 200 in 48.5842 ms {"UserId":"1","RemoteIP":"::1","SourceContext":"Serilog.AspNetCore.RequestLoggingMiddleware","RequestId":"0HNNCV2EKJCTI:0000000D","ConnectionId":"0HNNCV2EKJCTI","Application":"PetHealth.API","AppEnv":"Development"}
2026-07-29 01:00:21.809 +02:00[INF] - HTTP GET /api/Medicine responded 200 in 6.0072 ms {"UserId":"1","RemoteIP":"::1","SourceContext":"Serilog.AspNetCore.RequestLoggingMiddleware","RequestId":"0HNNCV2EKJCTL:00000002","ConnectionId":"0HNNCV2EKJCTL","Application":"PetHealth.API","AppEnv":"Development"}
2026-07-29 01:00:21.810 +02:00[INF] - HTTP GET /api/Prescription responded 200 in 7.3966 ms {"UserId":"1","RemoteIP":"::1","SourceContext":"Serilog.AspNetCore.RequestLoggingMiddleware","RequestId":"0HNNCV2EKJCTI:0000000F","ConnectionId":"0HNNCV2EKJCTI","Application":"PetHealth.API","AppEnv":"Development"}
2026-07-29 01:00:21.816 +02:00[INF] - HTTP GET /api/Prescription/Item/79 responded 200 in 4.4918 ms {"UserId":"1","RemoteIP":"::1","SourceContext":"Serilog.AspNetCore.RequestLoggingMiddleware","RequestId":"0HNNCV2EKJCTI:00000011","ConnectionId":"0HNNCV2EKJCTI","Application":"PetHealth.API","AppEnv":"Development"}
2026-07-29 01:00:28.284 +02:00[INF] - HTTP GET /api/Prescription/Item/1004 responded 404 in 4.8548 ms {"UserId":"1","RemoteIP":"::1","SourceContext":"Serilog.AspNetCore.RequestLoggingMiddleware","RequestId":"0HNNCV2EKJCTI:00000013","ConnectionId":"0HNNCV2EKJCTI","Application":"PetHealth.API","AppEnv":"Development"}
2026-07-29 01:00:31.556 +02:00[INF] - HTTP GET /api/Prescription responded 200 in 4.5026 ms {"UserId":"1","RemoteIP":"::1","SourceContext":"Serilog.AspNetCore.RequestLoggingMiddleware","RequestId":"0HNNCV2EKJCTL:00000005","ConnectionId":"0HNNCV2EKJCTL","Application":"PetHealth.API","AppEnv":"Development"}
2026-07-29 01:00:31.556 +02:00[INF] - HTTP GET /api/Pet responded 200 in 5.2556 ms {"UserId":"1","RemoteIP":"::1","SourceContext":"Serilog.AspNetCore.RequestLoggingMiddleware","RequestId":"0HNNCV2EKJCTM:00000001","ConnectionId":"0HNNCV2EKJCTM","Application":"PetHealth.API","AppEnv":"Development"}
2026-07-29 01:00:31.560 +02:00[INF] - HTTP GET /api/AppUser responded 200 in 7.9090 ms {"UserId":"1","RemoteIP":"::1","SourceContext":"Serilog.AspNetCore.RequestLoggingMiddleware","RequestId":"0HNNCV2EKJCTI:00000016","ConnectionId":"0HNNCV2EKJCTI","Application":"PetHealth.API","AppEnv":"Development"}
2026-07-29 01:00:31.562 +02:00[INF] - HTTP GET /api/Appointment responded 200 in 10.9227 ms {"UserId":"1","RemoteIP":"::1","SourceContext":"Serilog.AspNetCore.RequestLoggingMiddleware","RequestId":"0HNNCV2EKJCTN:00000001","ConnectionId":"0HNNCV2EKJCTN","Application":"PetHealth.API","AppEnv":"Development"}
2026-07-29 01:00:42.967 +02:00[INF] - HTTP GET /api/Vaccination/23 responded 200 in 5.0504 ms {"UserId":"1","RemoteIP":"::1","SourceContext":"Serilog.AspNetCore.RequestLoggingMiddleware","RequestId":"0HNNCV2EKJCTN:00000003","ConnectionId":"0HNNCV2EKJCTN","Application":"PetHealth.API","AppEnv":"Development"}
2026-07-29 01:01:37.284 +02:00[INF] - HTTP GET /api/Vaccination/39 responded 200 in 4.5704 ms {"UserId":"1","RemoteIP":"::1","SourceContext":"Serilog.AspNetCore.RequestLoggingMiddleware","RequestId":"0HNNCV2EKJCTN:00000005","ConnectionId":"0HNNCV2EKJCTN","Application":"PetHealth.API","AppEnv":"Development"}
2026-07-29 01:01:42.275 +02:00[INF] - HTTP GET /api/Pet/my-pets responded 404 in 4.0478 ms {"UserId":"1","RemoteIP":"::1","SourceContext":"Serilog.AspNetCore.RequestLoggingMiddleware","RequestId":"0HNNCV2EKJCTN:00000007","ConnectionId":"0HNNCV2EKJCTN","Application":"PetHealth.API","AppEnv":"Development"}
2026-07-29 01:03:32.173 +02:00[INF] - HTTP GET /api/Pet responded 200 in 20.7665 ms {"UserId":"1","RemoteIP":"::1","SourceContext":"Serilog.AspNetCore.RequestLoggingMiddleware","RequestId":"0HNNCV2EKJCTS:00000002","ConnectionId":"0HNNCV2EKJCTS","Application":"PetHealth.API","AppEnv":"Development"}
2026-07-29 01:03:32.173 +02:00[INF] - HTTP GET /api/AppUser responded 200 in 20.1193 ms {"UserId":"1","RemoteIP":"::1","SourceContext":"Serilog.AspNetCore.RequestLoggingMiddleware","RequestId":"0HNNCV2EKJCTR:00000002","ConnectionId":"0HNNCV2EKJCTR","Application":"PetHealth.API","AppEnv":"Development"}
2026-07-29 01:03:32.174 +02:00[INF] - HTTP GET /api/Prescription responded 200 in 20.9293 ms {"UserId":"1","RemoteIP":"::1","SourceContext":"Serilog.AspNetCore.RequestLoggingMiddleware","RequestId":"0HNNCV2EKJCTN:00000009","ConnectionId":"0HNNCV2EKJCTN","Application":"PetHealth.API","AppEnv":"Development"}
2026-07-29 01:03:32.175 +02:00[INF] - HTTP GET /api/Appointment responded 200 in 22.7410 ms {"UserId":"1","RemoteIP":"::1","SourceContext":"Serilog.AspNetCore.RequestLoggingMiddleware","RequestId":"0HNNCV2EKJCTT:00000002","ConnectionId":"0HNNCV2EKJCTT","Application":"PetHealth.API","AppEnv":"Development"}
2026-07-29 01:03:32.717 +02:00[INF] - HTTP GET /api/Prescription responded 200 in 12.3041 ms {"UserId":"1","RemoteIP":"::1","SourceContext":"Serilog.AspNetCore.RequestLoggingMiddleware","RequestId":"0HNNCV2EKJCTN:0000000A","ConnectionId":"0HNNCV2EKJCTN","Application":"PetHealth.API","AppEnv":"Development"}
2026-07-29 01:03:32.722 +02:00[INF] - HTTP GET /api/Medicine responded 200 in 15.9642 ms {"UserId":"1","RemoteIP":"::1","SourceContext":"Serilog.AspNetCore.RequestLoggingMiddleware","RequestId":"0HNNCV2EKJCTT:00000004","ConnectionId":"0HNNCV2EKJCTT","Application":"PetHealth.API","AppEnv":"Development"}
2026-07-29 01:03:35.261 +02:00[INF] - HTTP GET /api/AppUser responded 200 in 2.6780 ms {"UserId":"1","RemoteIP":"::1","SourceContext":"Serilog.AspNetCore.RequestLoggingMiddleware","RequestId":"0HNNCV2EKJCTN:0000000B","ConnectionId":"0HNNCV2EKJCTN","Application":"PetHealth.API","AppEnv":"Development"}
2026-07-29 01:03:35.267 +02:00[INF] - HTTP GET /api/AppUserRole responded 200 in 7.9908 ms {"UserId":"1","RemoteIP":"::1","SourceContext":"Serilog.AspNetCore.RequestLoggingMiddleware","RequestId":"0HNNCV2EKJCTT:00000006","ConnectionId":"0HNNCV2EKJCTT","Application":"PetHealth.API","AppEnv":"Development"}
2026-07-29 01:03:38.551 +02:00[INF] - HTTP GET /api/Pet/my-pets responded 404 in 7.9232 ms {"UserId":"1","RemoteIP":"::1","SourceContext":"Serilog.AspNetCore.RequestLoggingMiddleware","RequestId":"0HNNCV2EKJCTT:00000008","ConnectionId":"0HNNCV2EKJCTT","Application":"PetHealth.API","AppEnv":"Development"}
2026-07-29 01:03:39.140 +02:00[INF] - HTTP GET /api/Pet responded 200 in 3.5488 ms {"UserId":"1","RemoteIP":"::1","SourceContext":"Serilog.AspNetCore.RequestLoggingMiddleware","RequestId":"0HNNCV2EKJCTR:00000004","ConnectionId":"0HNNCV2EKJCTR","Application":"PetHealth.API","AppEnv":"Development"}
2026-07-29 01:03:39.140 +02:00[INF] - HTTP GET /api/Appointment responded 200 in 4.6840 ms {"UserId":"1","RemoteIP":"::1","SourceContext":"Serilog.AspNetCore.RequestLoggingMiddleware","RequestId":"0HNNCV2EKJCTN:0000000C","ConnectionId":"0HNNCV2EKJCTN","Application":"PetHealth.API","AppEnv":"Development"}
2026-07-29 01:03:39.140 +02:00[INF] - HTTP GET /api/AppUser responded 200 in 4.0598 ms {"UserId":"1","RemoteIP":"::1","SourceContext":"Serilog.AspNetCore.RequestLoggingMiddleware","RequestId":"0HNNCV2EKJCTT:0000000B","ConnectionId":"0HNNCV2EKJCTT","Application":"PetHealth.API","AppEnv":"Development"}
2026-07-29 01:03:39.140 +02:00[INF] - HTTP GET /api/Prescription responded 200 in 3.5573 ms {"UserId":"1","RemoteIP":"::1","SourceContext":"Serilog.AspNetCore.RequestLoggingMiddleware","RequestId":"0HNNCV2EKJCTS:00000004","ConnectionId":"0HNNCV2EKJCTS","Application":"PetHealth.API","AppEnv":"Development"}
2026-07-29 01:03:39.936 +02:00[INF] - HTTP GET /api/Prescription responded 200 in 3.1592 ms {"UserId":"1","RemoteIP":"::1","SourceContext":"Serilog.AspNetCore.RequestLoggingMiddleware","RequestId":"0HNNCV2EKJCTS:00000005","ConnectionId":"0HNNCV2EKJCTS","Application":"PetHealth.API","AppEnv":"Development"}
2026-07-29 01:03:39.936 +02:00[INF] - HTTP GET /api/Medicine responded 200 in 2.4227 ms {"UserId":"1","RemoteIP":"::1","SourceContext":"Serilog.AspNetCore.RequestLoggingMiddleware","RequestId":"0HNNCV2EKJCTT:0000000D","ConnectionId":"0HNNCV2EKJCTT","Application":"PetHealth.API","AppEnv":"Development"}
2026-07-29 01:03:40.961 +02:00[INF] - HTTP GET /api/AppUser responded 200 in 3.3740 ms {"UserId":"1","RemoteIP":"::1","SourceContext":"Serilog.AspNetCore.RequestLoggingMiddleware","RequestId":"0HNNCV2EKJCTT:0000000E","ConnectionId":"0HNNCV2EKJCTT","Application":"PetHealth.API","AppEnv":"Development"}
2026-07-29 01:03:40.961 +02:00[INF] - HTTP GET /api/AppUserRole responded 200 in 2.5328 ms {"UserId":"1","RemoteIP":"::1","SourceContext":"Serilog.AspNetCore.RequestLoggingMiddleware","RequestId":"0HNNCV2EKJCTS:00000007","ConnectionId":"0HNNCV2EKJCTS","Application":"PetHealth.API","AppEnv":"Development"}
2026-07-29 01:10:54.489 +02:00[INF] - Application started {"Application":"PetHealth.API","AppEnv":"Development"}
2026-07-29 01:11:17.770 +02:00[INF] - HTTP GET /api/AppUser responded 200 in 170.3159 ms {"UserId":"1","RemoteIP":"::1","SourceContext":"Serilog.AspNetCore.RequestLoggingMiddleware","RequestId":"0HNNCVM3LU3OR:00000002","ConnectionId":"0HNNCVM3LU3OR","Application":"PetHealth.API","AppEnv":"Development"}
2026-07-29 01:11:17.770 +02:00[INF] - HTTP GET /api/AppUserRole responded 200 in 169.1238 ms {"UserId":"1","RemoteIP":"::1","SourceContext":"Serilog.AspNetCore.RequestLoggingMiddleware","RequestId":"0HNNCVM3LU3OS:00000002","ConnectionId":"0HNNCVM3LU3OS","Application":"PetHealth.API","AppEnv":"Development"}
2026-07-29 01:14:15.906 +02:00[INF] - HTTP POST /Login responded 200 in 80.9304 ms {"UserId":"Anonymous","RemoteIP":"::1","SourceContext":"Serilog.AspNetCore.RequestLoggingMiddleware","RequestId":"0HNNCVM3LU3OV:00000002","ConnectionId":"0HNNCVM3LU3OV","Application":"PetHealth.API","AppEnv":"Development"}
2026-07-29 01:14:17.949 +02:00[INF] - HTTP GET /api/Pet/my-pets responded 200 in 31.9876 ms {"UserId":"7","RemoteIP":"::1","SourceContext":"Serilog.AspNetCore.RequestLoggingMiddleware","RequestId":"0HNNCVM3LU3P0:00000002","ConnectionId":"0HNNCVM3LU3P0","Application":"PetHealth.API","AppEnv":"Development"}
2026-07-29 01:14:21.404 +02:00[INF] - HTTP GET /api/Pet/1 responded 200 in 23.3632 ms {"UserId":"7","RemoteIP":"::1","SourceContext":"Serilog.AspNetCore.RequestLoggingMiddleware","RequestId":"0HNNCVM3LU3P0:00000004","ConnectionId":"0HNNCVM3LU3P0","Application":"PetHealth.API","AppEnv":"Development"}
2026-07-29 01:14:46.141 +02:00[INF] - HTTP GET /api/Pet/1 responded 200 in 5.8518 ms {"UserId":"7","RemoteIP":"::1","SourceContext":"Serilog.AspNetCore.RequestLoggingMiddleware","RequestId":"0HNNCVM3LU3P0:00000006","ConnectionId":"0HNNCVM3LU3P0","Application":"PetHealth.API","AppEnv":"Development"}
2026-07-29 01:14:47.324 +02:00[INF] - HTTP GET /api/Pet/1 responded 200 in 4.2379 ms {"UserId":"7","RemoteIP":"::1","SourceContext":"Serilog.AspNetCore.RequestLoggingMiddleware","RequestId":"0HNNCVM3LU3P0:00000007","ConnectionId":"0HNNCVM3LU3P0","Application":"PetHealth.API","AppEnv":"Development"}
2026-07-29 01:14:47.359 +02:00[INF] - HTTP GET /api/Vaccination/1 responded 200 in 38.7168 ms {"UserId":"7","RemoteIP":"::1","SourceContext":"Serilog.AspNetCore.RequestLoggingMiddleware","RequestId":"0HNNCVM3LU3P1:00000002","ConnectionId":"0HNNCVM3LU3P1","Application":"PetHealth.API","AppEnv":"Development"}
2026-07-29 01:14:56.668 +02:00[INF] - HTTP GET /api/Pet/1 responded 200 in 4.7113 ms {"UserId":"7","RemoteIP":"::1","SourceContext":"Serilog.AspNetCore.RequestLoggingMiddleware","RequestId":"0HNNCVM3LU3P1:00000004","ConnectionId":"0HNNCVM3LU3P1","Application":"PetHealth.API","AppEnv":"Development"}
2026-07-29 01:16:06.735 +02:00[INF] - HTTP GET /api/AppUser/me responded 200 in 23.3558 ms {"UserId":"7","RemoteIP":"::1","SourceContext":"Serilog.AspNetCore.RequestLoggingMiddleware","RequestId":"0HNNCVM3LU3P1:00000006","ConnectionId":"0HNNCVM3LU3P1","Application":"PetHealth.API","AppEnv":"Development"}
2026-07-29 01:16:07.370 +02:00[INF] - HTTP GET /api/Pet/my-pets responded 200 in 4.2943 ms {"UserId":"7","RemoteIP":"::1","SourceContext":"Serilog.AspNetCore.RequestLoggingMiddleware","RequestId":"0HNNCVM3LU3P1:00000008","ConnectionId":"0HNNCVM3LU3P1","Application":"PetHealth.API","AppEnv":"Development"}
2026-07-29 01:16:07.422 +02:00[INF] - HTTP GET /api/Appointment/1 responded 200 in 49.9163 ms {"UserId":"7","RemoteIP":"::1","SourceContext":"Serilog.AspNetCore.RequestLoggingMiddleware","RequestId":"0HNNCVM3LU3P0:00000009","ConnectionId":"0HNNCVM3LU3P0","Application":"PetHealth.API","AppEnv":"Development"}
2026-07-29 01:16:07.422 +02:00[INF] - HTTP GET /api/Appointment/2 responded 200 in 49.9163 ms {"UserId":"7","RemoteIP":"::1","SourceContext":"Serilog.AspNetCore.RequestLoggingMiddleware","RequestId":"0HNNCVM3LU3P1:0000000A","ConnectionId":"0HNNCVM3LU3P1","Application":"PetHealth.API","AppEnv":"Development"}
2026-07-29 01:16:21.948 +02:00[INF] - HTTP GET /api/Pet/my-pets responded 200 in 4.5971 ms {"UserId":"7","RemoteIP":"::1","SourceContext":"Serilog.AspNetCore.RequestLoggingMiddleware","RequestId":"0HNNCVM3LU3P0:0000000B","ConnectionId":"0HNNCVM3LU3P0","Application":"PetHealth.API","AppEnv":"Development"}
2026-07-29 09:51:47.340 +02:00[INF] - Application started {"Application":"PetHealth.API","AppEnv":"Development"}
2026-07-29 09:52:11.301 +02:00[INF] - HTTP GET /api/Pet/my-pets responded 200 in 265.5537 ms {"UserId":"7","RemoteIP":"::1","SourceContext":"Serilog.AspNetCore.RequestLoggingMiddleware","RequestId":"0HNND8P5TTJIR:00000002","ConnectionId":"0HNND8P5TTJIR","Application":"PetHealth.API","AppEnv":"Development"}
2026-07-29 09:53:21.429 +02:00[INF] - HTTP GET /api/AppUser/me responded 200 in 38.2447 ms {"UserId":"7","RemoteIP":"::1","SourceContext":"Serilog.AspNetCore.RequestLoggingMiddleware","RequestId":"0HNND8P5TTJIR:00000004","ConnectionId":"0HNND8P5TTJIR","Application":"PetHealth.API","AppEnv":"Development"}
2026-07-29 09:53:21.742 +02:00[INF] - HTTP GET /api/Pet/my-pets responded 200 in 3.2681 ms {"UserId":"7","RemoteIP":"::1","SourceContext":"Serilog.AspNetCore.RequestLoggingMiddleware","RequestId":"0HNND8P5TTJIR:00000006","ConnectionId":"0HNND8P5TTJIR","Application":"PetHealth.API","AppEnv":"Development"}
2026-07-29 09:53:22.945 +02:00[INF] - HTTP GET /api/Pet/my-pets responded 200 in 6.4105 ms {"UserId":"7","RemoteIP":"::1","SourceContext":"Serilog.AspNetCore.RequestLoggingMiddleware","RequestId":"0HNND8P5TTJIR:00000007","ConnectionId":"0HNND8P5TTJIR","Application":"PetHealth.API","AppEnv":"Development"}
2026-07-29 09:53:23.052 +02:00[INF] - HTTP GET /api/Appointment/2 responded 200 in 104.1421 ms {"UserId":"7","RemoteIP":"::1","SourceContext":"Serilog.AspNetCore.RequestLoggingMiddleware","RequestId":"0HNND8P5TTJIR:0000000A","ConnectionId":"0HNND8P5TTJIR","Application":"PetHealth.API","AppEnv":"Development"}
2026-07-29 09:53:23.052 +02:00[INF] - HTTP GET /api/Appointment/1 responded 200 in 104.1318 ms {"UserId":"7","RemoteIP":"::1","SourceContext":"Serilog.AspNetCore.RequestLoggingMiddleware","RequestId":"0HNND8P5TTJIS:00000001","ConnectionId":"0HNND8P5TTJIS","Application":"PetHealth.API","AppEnv":"Development"}
2026-07-29 09:53:24.233 +02:00[INF] - HTTP GET /api/Pet/my-pets responded 200 in 3.7814 ms {"UserId":"7","RemoteIP":"::1","SourceContext":"Serilog.AspNetCore.RequestLoggingMiddleware","RequestId":"0HNND8P5TTJIS:00000002","ConnectionId":"0HNND8P5TTJIS","Application":"PetHealth.API","AppEnv":"Development"}
2026-07-29 09:53:26.843 +02:00[INF] - HTTP GET /api/AppUser/me responded 200 in 4.6644 ms {"UserId":"7","RemoteIP":"::1","SourceContext":"Serilog.AspNetCore.RequestLoggingMiddleware","RequestId":"0HNND8P5TTJIS:00000004","ConnectionId":"0HNND8P5TTJIS","Application":"PetHealth.API","AppEnv":"Development"}
2026-07-29 09:53:27.454 +02:00[INF] - HTTP GET /api/Pet/my-pets responded 200 in 3.4711 ms {"UserId":"7","RemoteIP":"::1","SourceContext":"Serilog.AspNetCore.RequestLoggingMiddleware","RequestId":"0HNND8P5TTJIS:00000006","ConnectionId":"0HNND8P5TTJIS","Application":"PetHealth.API","AppEnv":"Development"}
2026-07-29 09:53:27.465 +02:00[INF] - HTTP GET /api/Appointment/1 responded 200 in 7.4037 ms {"UserId":"7","RemoteIP":"::1","SourceContext":"Serilog.AspNetCore.RequestLoggingMiddleware","RequestId":"0HNND8P5TTJIS:00000007","ConnectionId":"0HNND8P5TTJIS","Application":"PetHealth.API","AppEnv":"Development"}
2026-07-29 09:53:27.465 +02:00[INF] - HTTP GET /api/Appointment/2 responded 200 in 7.4038 ms {"UserId":"7","RemoteIP":"::1","SourceContext":"Serilog.AspNetCore.RequestLoggingMiddleware","RequestId":"0HNND8P5TTJIR:0000000B","ConnectionId":"0HNND8P5TTJIR","Application":"PetHealth.API","AppEnv":"Development"}
2026-07-29 09:54:31.957 +02:00[INF] - HTTP POST /Login responded 200 in 99.0930 ms {"UserId":"Anonymous","RemoteIP":"::1","SourceContext":"Serilog.AspNetCore.RequestLoggingMiddleware","RequestId":"0HNND8P5TTJIR:0000000D","ConnectionId":"0HNND8P5TTJIR","Application":"PetHealth.API","AppEnv":"Development"}
2026-07-29 09:54:36.002 +02:00[INF] - HTTP GET /api/AppUser/me responded 200 in 5.7039 ms {"UserId":"1","RemoteIP":"::1","SourceContext":"Serilog.AspNetCore.RequestLoggingMiddleware","RequestId":"0HNND8P5TTJIR:0000000F","ConnectionId":"0HNND8P5TTJIR","Application":"PetHealth.API","AppEnv":"Development"}
2026-07-29 09:54:39.961 +02:00[INF] - HTTP GET /api/Pet/my-pets responded 404 in 6.2533 ms {"UserId":"1","RemoteIP":"::1","SourceContext":"Serilog.AspNetCore.RequestLoggingMiddleware","RequestId":"0HNND8P5TTJIR:00000011","ConnectionId":"0HNND8P5TTJIR","Application":"PetHealth.API","AppEnv":"Development"}
2026-07-29 09:54:40.770 +02:00[INF] - HTTP GET /api/Pet responded 200 in 23.8736 ms {"UserId":"1","RemoteIP":"::1","SourceContext":"Serilog.AspNetCore.RequestLoggingMiddleware","RequestId":"0HNND8P5TTJIV:00000001","ConnectionId":"0HNND8P5TTJIV","Application":"PetHealth.API","AppEnv":"Development"}
2026-07-29 09:54:40.778 +02:00[INF] - HTTP GET /api/Appointment responded 200 in 31.8549 ms {"UserId":"1","RemoteIP":"::1","SourceContext":"Serilog.AspNetCore.RequestLoggingMiddleware","RequestId":"0HNND8P5TTJIS:00000009","ConnectionId":"0HNND8P5TTJIS","Application":"PetHealth.API","AppEnv":"Development"}
2026-07-29 09:54:40.787 +02:00[INF] - HTTP GET /api/Prescription responded 200 in 40.5490 ms {"UserId":"1","RemoteIP":"::1","SourceContext":"Serilog.AspNetCore.RequestLoggingMiddleware","RequestId":"0HNND8P5TTJIR:00000014","ConnectionId":"0HNND8P5TTJIR","Application":"PetHealth.API","AppEnv":"Development"}
2026-07-29 09:54:40.790 +02:00[INF] - HTTP GET /api/AppUser responded 200 in 43.9874 ms {"UserId":"1","RemoteIP":"::1","SourceContext":"Serilog.AspNetCore.RequestLoggingMiddleware","RequestId":"0HNND8P5TTJIU:00000002","ConnectionId":"0HNND8P5TTJIU","Application":"PetHealth.API","AppEnv":"Development"}
2026-07-29 09:54:41.675 +02:00[INF] - HTTP GET /api/Prescription responded 200 in 5.1147 ms {"UserId":"1","RemoteIP":"::1","SourceContext":"Serilog.AspNetCore.RequestLoggingMiddleware","RequestId":"0HNND8P5TTJIU:00000003","ConnectionId":"0HNND8P5TTJIU","Application":"PetHealth.API","AppEnv":"Development"}
2026-07-29 09:54:41.689 +02:00[INF] - HTTP GET /api/Medicine responded 200 in 18.8468 ms {"UserId":"1","RemoteIP":"::1","SourceContext":"Serilog.AspNetCore.RequestLoggingMiddleware","RequestId":"0HNND8P5TTJIR:00000016","ConnectionId":"0HNND8P5TTJIR","Application":"PetHealth.API","AppEnv":"Development"}
2026-07-29 09:54:42.393 +02:00[INF] - HTTP GET /api/AppUser responded 200 in 4.0345 ms {"UserId":"1","RemoteIP":"::1","SourceContext":"Serilog.AspNetCore.RequestLoggingMiddleware","RequestId":"0HNND8P5TTJIU:00000004","ConnectionId":"0HNND8P5TTJIU","Application":"PetHealth.API","AppEnv":"Development"}
2026-07-29 09:54:42.409 +02:00[INF] - HTTP GET /api/AppUserRole responded 200 in 19.6586 ms {"UserId":"1","RemoteIP":"::1","SourceContext":"Serilog.AspNetCore.RequestLoggingMiddleware","RequestId":"0HNND8P5TTJIR:00000018","ConnectionId":"0HNND8P5TTJIR","Application":"PetHealth.API","AppEnv":"Development"}
2026-07-29 09:54:47.254 +02:00[INF] - HTTP GET /api/Prescription responded 200 in 4.4737 ms {"UserId":"1","RemoteIP":"::1","SourceContext":"Serilog.AspNetCore.RequestLoggingMiddleware","RequestId":"0HNND8P5TTJIU:00000006","ConnectionId":"0HNND8P5TTJIU","Application":"PetHealth.API","AppEnv":"Development"}
2026-07-29 09:54:47.254 +02:00[INF] - HTTP GET /api/Medicine responded 200 in 4.4625 ms {"UserId":"1","RemoteIP":"::1","SourceContext":"Serilog.AspNetCore.RequestLoggingMiddleware","RequestId":"0HNND8P5TTJIR:0000001A","ConnectionId":"0HNND8P5TTJIR","Application":"PetHealth.API","AppEnv":"Development"}
2026-07-29 09:54:47.778 +02:00[INF] - HTTP GET /api/Prescription responded 200 in 4.7834 ms {"UserId":"1","RemoteIP":"::1","SourceContext":"Serilog.AspNetCore.RequestLoggingMiddleware","RequestId":"0HNND8P5TTJIV:00000002","ConnectionId":"0HNND8P5TTJIV","Application":"PetHealth.API","AppEnv":"Development"}
2026-07-29 09:54:47.778 +02:00[INF] - HTTP GET /api/AppUser responded 200 in 4.0343 ms {"UserId":"1","RemoteIP":"::1","SourceContext":"Serilog.AspNetCore.RequestLoggingMiddleware","RequestId":"0HNND8P5TTJIU:00000008","ConnectionId":"0HNND8P5TTJIU","Application":"PetHealth.API","AppEnv":"Development"}
2026-07-29 09:54:47.778 +02:00[INF] - HTTP GET /api/Pet responded 200 in 4.0795 ms {"UserId":"1","RemoteIP":"::1","SourceContext":"Serilog.AspNetCore.RequestLoggingMiddleware","RequestId":"0HNND8P5TTJIR:0000001C","ConnectionId":"0HNND8P5TTJIR","Application":"PetHealth.API","AppEnv":"Development"}
2026-07-29 09:54:47.800 +02:00[INF] - HTTP GET /api/Appointment responded 200 in 26.2940 ms {"UserId":"1","RemoteIP":"::1","SourceContext":"Serilog.AspNetCore.RequestLoggingMiddleware","RequestId":"0HNND8P5TTJIS:0000000B","ConnectionId":"0HNND8P5TTJIS","Application":"PetHealth.API","AppEnv":"Development"}
2026-07-29 09:54:48.416 +02:00[INF] - HTTP GET /api/Pet/my-pets responded 404 in 4.2057 ms {"UserId":"1","RemoteIP":"::1","SourceContext":"Serilog.AspNetCore.RequestLoggingMiddleware","RequestId":"0HNND8P5TTJIS:0000000D","ConnectionId":"0HNND8P5TTJIS","Application":"PetHealth.API","AppEnv":"Development"}
2026-07-29 09:54:49.514 +02:00[INF] - HTTP GET /api/AppUser/me responded 200 in 3.5110 ms {"UserId":"1","RemoteIP":"::1","SourceContext":"Serilog.AspNetCore.RequestLoggingMiddleware","RequestId":"0HNND8P5TTJIS:0000000F","ConnectionId":"0HNND8P5TTJIS","Application":"PetHealth.API","AppEnv":"Development"}
2026-07-29 09:54:51.692 +02:00[INF] - HTTP GET /api/Pet/my-pets responded 404 in 4.2933 ms {"UserId":"1","RemoteIP":"::1","SourceContext":"Serilog.AspNetCore.RequestLoggingMiddleware","RequestId":"0HNND8P5TTJIS:00000010","ConnectionId":"0HNND8P5TTJIS","Application":"PetHealth.API","AppEnv":"Development"}
2026-07-29 09:54:55.176 +02:00[INF] - HTTP GET /api/AppUser/me responded 200 in 3.0461 ms {"UserId":"1","RemoteIP":"::1","SourceContext":"Serilog.AspNetCore.RequestLoggingMiddleware","RequestId":"0HNND8P5TTJIS:00000012","ConnectionId":"0HNND8P5TTJIS","Application":"PetHealth.API","AppEnv":"Development"}
2026-07-29 09:55:40.682 +02:00[INF] - HTTP GET /api/AppUser responded 200 in 6.4548 ms {"UserId":"1","RemoteIP":"::1","SourceContext":"Serilog.AspNetCore.RequestLoggingMiddleware","RequestId":"0HNND8P5TTJIS:00000014","ConnectionId":"0HNND8P5TTJIS","Application":"PetHealth.API","AppEnv":"Development"}
2026-07-29 09:55:40.682 +02:00[INF] - HTTP GET /api/AppUserRole responded 200 in 6.4704 ms {"UserId":"1","RemoteIP":"::1","SourceContext":"Serilog.AspNetCore.RequestLoggingMiddleware","RequestId":"0HNND8P5TTJIR:0000001E","ConnectionId":"0HNND8P5TTJIR","Application":"PetHealth.API","AppEnv":"Development"}
2026-07-29 09:59:57.297 +02:00[INF] - HTTP GET /api/AppUserRole responded 200 in 5.5088 ms {"UserId":"1","RemoteIP":"::1","SourceContext":"Serilog.AspNetCore.RequestLoggingMiddleware","RequestId":"0HNND8P5TTJJ1:00000002","ConnectionId":"0HNND8P5TTJJ1","Application":"PetHealth.API","AppEnv":"Development"}
2026-07-29 09:59:57.297 +02:00[INF] - HTTP GET /api/AppUser responded 200 in 5.5527 ms {"UserId":"1","RemoteIP":"::1","SourceContext":"Serilog.AspNetCore.RequestLoggingMiddleware","RequestId":"0HNND8P5TTJJ0:00000002","ConnectionId":"0HNND8P5TTJJ0","Application":"PetHealth.API","AppEnv":"Development"}
2026-07-29 10:02:29.306 +02:00[INF] - HTTP GET /api/AppUser responded 200 in 5.6921 ms {"UserId":"1","RemoteIP":"::1","SourceContext":"Serilog.AspNetCore.RequestLoggingMiddleware","RequestId":"0HNND8P5TTJJ2:00000002","ConnectionId":"0HNND8P5TTJJ2","Application":"PetHealth.API","AppEnv":"Development"}
2026-07-29 10:02:29.306 +02:00[INF] - HTTP GET /api/AppUserRole responded 200 in 5.6647 ms {"UserId":"1","RemoteIP":"::1","SourceContext":"Serilog.AspNetCore.RequestLoggingMiddleware","RequestId":"0HNND8P5TTJJ3:00000002","ConnectionId":"0HNND8P5TTJJ3","Application":"PetHealth.API","AppEnv":"Development"}
2026-07-29 10:02:54.088 +02:00[INF] - HTTP GET /api/AppUserRole responded 200 in 2.4492 ms {"UserId":"1","RemoteIP":"::1","SourceContext":"Serilog.AspNetCore.RequestLoggingMiddleware","RequestId":"0HNND8P5TTJJ2:00000004","ConnectionId":"0HNND8P5TTJJ2","Application":"PetHealth.API","AppEnv":"Development"}
2026-07-29 10:02:54.088 +02:00[INF] - HTTP GET /api/AppUser responded 200 in 2.5129 ms {"UserId":"1","RemoteIP":"::1","SourceContext":"Serilog.AspNetCore.RequestLoggingMiddleware","RequestId":"0HNND8P5TTJJ3:00000004","ConnectionId":"0HNND8P5TTJJ3","Application":"PetHealth.API","AppEnv":"Development"}
2026-07-29 10:03:40.419 +02:00[INF] - HTTP GET /api/Pet responded 200 in 8.9309 ms {"UserId":"1","RemoteIP":"::1","SourceContext":"Serilog.AspNetCore.RequestLoggingMiddleware","RequestId":"0HNND8P5TTJJ3:00000006","ConnectionId":"0HNND8P5TTJJ3","Application":"PetHealth.API","AppEnv":"Development"}
2026-07-29 10:03:40.419 +02:00[INF] - HTTP GET /api/AppUser responded 200 in 8.9345 ms {"UserId":"1","RemoteIP":"::1","SourceContext":"Serilog.AspNetCore.RequestLoggingMiddleware","RequestId":"0HNND8P5TTJJ2:00000006","ConnectionId":"0HNND8P5TTJJ2","Application":"PetHealth.API","AppEnv":"Development"}
2026-07-29 10:07:13.170 +02:00[INF] - HTTP GET /api/AppUser responded 200 in 7.9631 ms {"UserId":"1","RemoteIP":"::1","SourceContext":"Serilog.AspNetCore.RequestLoggingMiddleware","RequestId":"0HNND8P5TTJJ7:00000002","ConnectionId":"0HNND8P5TTJJ7","Application":"PetHealth.API","AppEnv":"Development"}
2026-07-29 10:07:13.170 +02:00[INF] - HTTP GET /api/AppUserRole responded 200 in 7.8734 ms {"UserId":"1","RemoteIP":"::1","SourceContext":"Serilog.AspNetCore.RequestLoggingMiddleware","RequestId":"0HNND8P5TTJJ6:00000002","ConnectionId":"0HNND8P5TTJJ6","Application":"PetHealth.API","AppEnv":"Development"}
2026-07-29 10:07:13.754 +02:00[INF] - HTTP GET /api/AppUser responded 200 in 4.1596 ms {"UserId":"1","RemoteIP":"::1","SourceContext":"Serilog.AspNetCore.RequestLoggingMiddleware","RequestId":"0HNND8P5TTJJ7:00000003","ConnectionId":"0HNND8P5TTJJ7","Application":"PetHealth.API","AppEnv":"Development"}
2026-07-29 10:07:13.755 +02:00[INF] - HTTP GET /api/Pet responded 200 in 4.4897 ms {"UserId":"1","RemoteIP":"::1","SourceContext":"Serilog.AspNetCore.RequestLoggingMiddleware","RequestId":"0HNND8P5TTJJ6:00000004","ConnectionId":"0HNND8P5TTJJ6","Application":"PetHealth.API","AppEnv":"Development"}
2026-07-29 10:07:14.343 +02:00[INF] - HTTP GET /api/Medicine responded 200 in 4.7419 ms {"UserId":"1","RemoteIP":"::1","SourceContext":"Serilog.AspNetCore.RequestLoggingMiddleware","RequestId":"0HNND8P5TTJJ6:00000006","ConnectionId":"0HNND8P5TTJJ6","Application":"PetHealth.API","AppEnv":"Development"}
2026-07-29 10:07:14.343 +02:00[INF] - HTTP GET /api/Prescription responded 200 in 4.7679 ms {"UserId":"1","RemoteIP":"::1","SourceContext":"Serilog.AspNetCore.RequestLoggingMiddleware","RequestId":"0HNND8P5TTJJ7:00000005","ConnectionId":"0HNND8P5TTJJ7","Application":"PetHealth.API","AppEnv":"Development"}
2026-07-29 10:07:15.066 +02:00[INF] - HTTP GET /api/Pet/my-pets responded 404 in 2.5540 ms {"UserId":"1","RemoteIP":"::1","SourceContext":"Serilog.AspNetCore.RequestLoggingMiddleware","RequestId":"0HNND8P5TTJJ7:00000007","ConnectionId":"0HNND8P5TTJJ7","Application":"PetHealth.API","AppEnv":"Development"}
2026-07-29 10:07:15.582 +02:00[INF] - HTTP GET /api/Prescription responded 200 in 2.3063 ms {"UserId":"1","RemoteIP":"::1","SourceContext":"Serilog.AspNetCore.RequestLoggingMiddleware","RequestId":"0HNND8P5TTJJ8:00000001","ConnectionId":"0HNND8P5TTJJ8","Application":"PetHealth.API","AppEnv":"Development"}
2026-07-29 10:07:15.582 +02:00[INF] - HTTP GET /api/Pet responded 200 in 2.8034 ms {"UserId":"1","RemoteIP":"::1","SourceContext":"Serilog.AspNetCore.RequestLoggingMiddleware","RequestId":"0HNND8P5TTJJ6:00000007","ConnectionId":"0HNND8P5TTJJ6","Application":"PetHealth.API","AppEnv":"Development"}
2026-07-29 10:07:15.586 +02:00[INF] - HTTP GET /api/Appointment responded 200 in 5.9616 ms {"UserId":"1","RemoteIP":"::1","SourceContext":"Serilog.AspNetCore.RequestLoggingMiddleware","RequestId":"0HNND8P5TTJJ9:00000001","ConnectionId":"0HNND8P5TTJJ9","Application":"PetHealth.API","AppEnv":"Development"}
2026-07-29 10:07:15.611 +02:00[INF] - HTTP GET /api/AppUser responded 200 in 31.8885 ms {"UserId":"1","RemoteIP":"::1","SourceContext":"Serilog.AspNetCore.RequestLoggingMiddleware","RequestId":"0HNND8P5TTJJ7:00000009","ConnectionId":"0HNND8P5TTJJ7","Application":"PetHealth.API","AppEnv":"Development"}
2026-07-29 10:07:16.591 +02:00[INF] - HTTP GET /api/AppUser/me responded 200 in 3.1183 ms {"UserId":"1","RemoteIP":"::1","SourceContext":"Serilog.AspNetCore.RequestLoggingMiddleware","RequestId":"0HNND8P5TTJJ7:0000000B","ConnectionId":"0HNND8P5TTJJ7","Application":"PetHealth.API","AppEnv":"Development"}
2026-07-29 10:07:17.899 +02:00[INF] - HTTP GET /api/AppUser/me responded 200 in 3.0730 ms {"UserId":"1","RemoteIP":"::1","SourceContext":"Serilog.AspNetCore.RequestLoggingMiddleware","RequestId":"0HNND8P5TTJJ7:0000000C","ConnectionId":"0HNND8P5TTJJ7","Application":"PetHealth.API","AppEnv":"Development"}
2026-07-29 10:07:19.467 +02:00[INF] - HTTP GET /api/Pet/my-pets responded 404 in 2.1683 ms {"UserId":"1","RemoteIP":"::1","SourceContext":"Serilog.AspNetCore.RequestLoggingMiddleware","RequestId":"0HNND8P5TTJJ7:0000000D","ConnectionId":"0HNND8P5TTJJ7","Application":"PetHealth.API","AppEnv":"Development"}
2026-07-29 10:07:20.303 +02:00[INF] - HTTP GET /api/Appointment responded 200 in 5.4099 ms {"UserId":"1","RemoteIP":"::1","SourceContext":"Serilog.AspNetCore.RequestLoggingMiddleware","RequestId":"0HNND8P5TTJJ7:0000000E","ConnectionId":"0HNND8P5TTJJ7","Application":"PetHealth.API","AppEnv":"Development"}
2026-07-29 10:07:20.303 +02:00[INF] - HTTP GET /api/AppUser responded 200 in 3.0715 ms {"UserId":"1","RemoteIP":"::1","SourceContext":"Serilog.AspNetCore.RequestLoggingMiddleware","RequestId":"0HNND8P5TTJJ9:00000003","ConnectionId":"0HNND8P5TTJJ9","Application":"PetHealth.API","AppEnv":"Development"}
2026-07-29 10:07:20.303 +02:00[INF] - HTTP GET /api/Pet responded 200 in 3.8183 ms {"UserId":"1","RemoteIP":"::1","SourceContext":"Serilog.AspNetCore.RequestLoggingMiddleware","RequestId":"0HNND8P5TTJJ8:00000003","ConnectionId":"0HNND8P5TTJJ8","Application":"PetHealth.API","AppEnv":"Development"}
2026-07-29 10:07:20.321 +02:00[INF] - HTTP GET /api/Prescription responded 200 in 20.6716 ms {"UserId":"1","RemoteIP":"::1","SourceContext":"Serilog.AspNetCore.RequestLoggingMiddleware","RequestId":"0HNND8P5TTJJ6:00000009","ConnectionId":"0HNND8P5TTJJ6","Application":"PetHealth.API","AppEnv":"Development"}
2026-07-29 10:07:20.972 +02:00[INF] - HTTP GET /api/Medicine responded 200 in 2.5404 ms {"UserId":"1","RemoteIP":"::1","SourceContext":"Serilog.AspNetCore.RequestLoggingMiddleware","RequestId":"0HNND8P5TTJJ8:00000005","ConnectionId":"0HNND8P5TTJJ8","Application":"PetHealth.API","AppEnv":"Development"}
2026-07-29 10:07:20.972 +02:00[INF] - HTTP GET /api/Prescription responded 200 in 3.0884 ms {"UserId":"1","RemoteIP":"::1","SourceContext":"Serilog.AspNetCore.RequestLoggingMiddleware","RequestId":"0HNND8P5TTJJ6:0000000A","ConnectionId":"0HNND8P5TTJJ6","Application":"PetHealth.API","AppEnv":"Development"}
2026-07-29 10:07:21.422 +02:00[INF] - HTTP GET /api/AppUser responded 200 in 1.5662 ms {"UserId":"1","RemoteIP":"::1","SourceContext":"Serilog.AspNetCore.RequestLoggingMiddleware","RequestId":"0HNND8P5TTJJ8:00000006","ConnectionId":"0HNND8P5TTJJ8","Application":"PetHealth.API","AppEnv":"Development"}
2026-07-29 10:07:21.422 +02:00[INF] - HTTP GET /api/Pet responded 200 in 1.5666 ms {"UserId":"1","RemoteIP":"::1","SourceContext":"Serilog.AspNetCore.RequestLoggingMiddleware","RequestId":"0HNND8P5TTJJ6:0000000B","ConnectionId":"0HNND8P5TTJJ6","Application":"PetHealth.API","AppEnv":"Development"}
2026-07-29 10:07:22.458 +02:00[INF] - HTTP GET /api/AppUser responded 200 in 2.2180 ms {"UserId":"1","RemoteIP":"::1","SourceContext":"Serilog.AspNetCore.RequestLoggingMiddleware","RequestId":"0HNND8P5TTJJ8:00000007","ConnectionId":"0HNND8P5TTJJ8","Application":"PetHealth.API","AppEnv":"Development"}
2026-07-29 10:07:22.458 +02:00[INF] - HTTP GET /api/AppUserRole responded 200 in 1.8864 ms {"UserId":"1","RemoteIP":"::1","SourceContext":"Serilog.AspNetCore.RequestLoggingMiddleware","RequestId":"0HNND8P5TTJJ6:0000000D","ConnectionId":"0HNND8P5TTJJ6","Application":"PetHealth.API","AppEnv":"Development"}
2026-07-29 10:11:54.392 +02:00[INF] - HTTP GET /api/AppUserRole responded 200 in 36.4143 ms {"UserId":"1","RemoteIP":"::1","SourceContext":"Serilog.AspNetCore.RequestLoggingMiddleware","RequestId":"0HNND8P5TTJJE:00000002","ConnectionId":"0HNND8P5TTJJE","Application":"PetHealth.API","AppEnv":"Development"}
2026-07-29 10:11:54.405 +02:00[INF] - HTTP GET /api/AppUser responded 200 in 49.5397 ms {"UserId":"1","RemoteIP":"::1","SourceContext":"Serilog.AspNetCore.RequestLoggingMiddleware","RequestId":"0HNND8P5TTJJD:00000002","ConnectionId":"0HNND8P5TTJJD","Application":"PetHealth.API","AppEnv":"Development"}
2026-07-29 10:12:12.145 +02:00[INF] - HTTP GET /api/AppUserRole responded 200 in 2.3685 ms {"UserId":"1","RemoteIP":"::1","SourceContext":"Serilog.AspNetCore.RequestLoggingMiddleware","RequestId":"0HNND8P5TTJJI:00000002","ConnectionId":"0HNND8P5TTJJI","Application":"PetHealth.API","AppEnv":"Development"}
2026-07-29 10:12:12.146 +02:00[INF] - HTTP GET /api/AppUser responded 200 in 1.9898 ms {"UserId":"1","RemoteIP":"::1","SourceContext":"Serilog.AspNetCore.RequestLoggingMiddleware","RequestId":"0HNND8P5TTJJH:00000002","ConnectionId":"0HNND8P5TTJJH","Application":"PetHealth.API","AppEnv":"Development"}
2026-07-29 10:13:25.613 +02:00[INF] - HTTP GET /api/AppUser responded 200 in 3.3859 ms {"UserId":"1","RemoteIP":"::1","SourceContext":"Serilog.AspNetCore.RequestLoggingMiddleware","RequestId":"0HNND8P5TTJJN:00000002","ConnectionId":"0HNND8P5TTJJN","Application":"PetHealth.API","AppEnv":"Development"}
2026-07-29 10:13:25.613 +02:00[INF] - HTTP GET /api/Pet responded 200 in 3.5120 ms {"UserId":"1","RemoteIP":"::1","SourceContext":"Serilog.AspNetCore.RequestLoggingMiddleware","RequestId":"0HNND8P5TTJJO:00000002","ConnectionId":"0HNND8P5TTJJO","Application":"PetHealth.API","AppEnv":"Development"}
2026-07-29 10:13:25.617 +02:00[INF] - HTTP GET /api/Prescription responded 200 in 6.9382 ms {"UserId":"1","RemoteIP":"::1","SourceContext":"Serilog.AspNetCore.RequestLoggingMiddleware","RequestId":"0HNND8P5TTJJP:00000002","ConnectionId":"0HNND8P5TTJJP","Application":"PetHealth.API","AppEnv":"Development"}
2026-07-29 10:13:25.618 +02:00[INF] - HTTP GET /api/Appointment responded 200 in 8.7575 ms {"UserId":"1","RemoteIP":"::1","SourceContext":"Serilog.AspNetCore.RequestLoggingMiddleware","RequestId":"0HNND8P5TTJJQ:00000002","ConnectionId":"0HNND8P5TTJJQ","Application":"PetHealth.API","AppEnv":"Development"}
2026-07-29 10:13:25.667 +02:00[INF] - HTTP GET /api/AppUserRole responded 200 in 57.2720 ms {"UserId":"1","RemoteIP":"::1","SourceContext":"Serilog.AspNetCore.RequestLoggingMiddleware","RequestId":"0HNND8P5TTJJR:00000001","ConnectionId":"0HNND8P5TTJJR","Application":"PetHealth.API","AppEnv":"Development"}
2026-07-29 10:13:25.701 +02:00[INF] - HTTP GET /api/Treatment responded 200 in 91.6334 ms {"UserId":"1","RemoteIP":"::1","SourceContext":"Serilog.AspNetCore.RequestLoggingMiddleware","RequestId":"0HNND8P5TTJJM:00000003","ConnectionId":"0HNND8P5TTJJM","Application":"PetHealth.API","AppEnv":"Development"}
2026-07-29 10:13:40.207 +02:00[INF] - HTTP GET /api/Pet/my-pets responded 404 in 2.7884 ms {"UserId":"1","RemoteIP":"::1","SourceContext":"Serilog.AspNetCore.RequestLoggingMiddleware","RequestId":"0HNND8P5TTJJM:00000005","ConnectionId":"0HNND8P5TTJJM","Application":"PetHealth.API","AppEnv":"Development"}
2026-07-29 10:23:35.221 +02:00[INF] - HTTP GET /api/Pet responded 200 in 34.5617 ms {"UserId":"1","RemoteIP":"::1","SourceContext":"Serilog.AspNetCore.RequestLoggingMiddleware","RequestId":"0HNND8P5TTJJT:00000002","ConnectionId":"0HNND8P5TTJJT","Application":"PetHealth.API","AppEnv":"Development"}
2026-07-29 10:23:35.226 +02:00[INF] - HTTP GET /api/Appointment responded 200 in 39.0210 ms {"UserId":"1","RemoteIP":"::1","SourceContext":"Serilog.AspNetCore.RequestLoggingMiddleware","RequestId":"0HNND8P5TTJK0:00000002","ConnectionId":"0HNND8P5TTJK0","Application":"PetHealth.API","AppEnv":"Development"}
2026-07-29 10:23:35.228 +02:00[INF] - HTTP GET /api/AppUserRole responded 200 in 41.6820 ms {"UserId":"1","RemoteIP":"::1","SourceContext":"Serilog.AspNetCore.RequestLoggingMiddleware","RequestId":"0HNND8P5TTJJU:00000002","ConnectionId":"0HNND8P5TTJJU","Application":"PetHealth.API","AppEnv":"Development"}
2026-07-29 10:23:35.230 +02:00[INF] - HTTP GET /api/AppUser responded 200 in 43.8490 ms {"UserId":"1","RemoteIP":"::1","SourceContext":"Serilog.AspNetCore.RequestLoggingMiddleware","RequestId":"0HNND8P5TTJK1:00000002","ConnectionId":"0HNND8P5TTJK1","Application":"PetHealth.API","AppEnv":"Development"}
2026-07-29 10:23:35.236 +02:00[INF] - HTTP GET /api/Treatment responded 200 in 50.3553 ms {"UserId":"1","RemoteIP":"::1","SourceContext":"Serilog.AspNetCore.RequestLoggingMiddleware","RequestId":"0HNND8P5TTJJS:00000002","ConnectionId":"0HNND8P5TTJJS","Application":"PetHealth.API","AppEnv":"Development"}
2026-07-29 10:23:35.237 +02:00[INF] - HTTP GET /api/Prescription responded 200 in 51.1098 ms {"UserId":"1","RemoteIP":"::1","SourceContext":"Serilog.AspNetCore.RequestLoggingMiddleware","RequestId":"0HNND8P5TTJJV:00000002","ConnectionId":"0HNND8P5TTJJV","Application":"PetHealth.API","AppEnv":"Development"}
2026-07-29 10:23:35.817 +02:00[INF] - HTTP GET /api/AppUser/me responded 200 in 4.0110 ms {"UserId":"1","RemoteIP":"::1","SourceContext":"Serilog.AspNetCore.RequestLoggingMiddleware","RequestId":"0HNND8P5TTJJV:00000004","ConnectionId":"0HNND8P5TTJJV","Application":"PetHealth.API","AppEnv":"Development"}
2026-07-29 10:23:36.533 +02:00[INF] - HTTP GET /api/AppUser responded 200 in 3.9041 ms {"UserId":"1","RemoteIP":"::1","SourceContext":"Serilog.AspNetCore.RequestLoggingMiddleware","RequestId":"0HNND8P5TTJJV:00000005","ConnectionId":"0HNND8P5TTJJV","Application":"PetHealth.API","AppEnv":"Development"}
2026-07-29 10:23:36.533 +02:00[INF] - HTTP GET /api/AppUserRole responded 200 in 3.5889 ms {"UserId":"1","RemoteIP":"::1","SourceContext":"Serilog.AspNetCore.RequestLoggingMiddleware","RequestId":"0HNND8P5TTJJS:00000003","ConnectionId":"0HNND8P5TTJJS","Application":"PetHealth.API","AppEnv":"Development"}
2026-07-29 10:23:36.540 +02:00[INF] - HTTP GET /api/Prescription responded 200 in 10.2652 ms {"UserId":"1","RemoteIP":"::1","SourceContext":"Serilog.AspNetCore.RequestLoggingMiddleware","RequestId":"0HNND8P5TTJK0:00000003","ConnectionId":"0HNND8P5TTJK0","Application":"PetHealth.API","AppEnv":"Development"}
2026-07-29 10:23:36.540 +02:00[INF] - HTTP GET /api/Appointment responded 200 in 10.5203 ms {"UserId":"1","RemoteIP":"::1","SourceContext":"Serilog.AspNetCore.RequestLoggingMiddleware","RequestId":"0HNND8P5TTJJU:00000003","ConnectionId":"0HNND8P5TTJJU","Application":"PetHealth.API","AppEnv":"Development"}
2026-07-29 10:23:36.548 +02:00[INF] - HTTP GET /api/Treatment responded 200 in 18.4359 ms {"UserId":"1","RemoteIP":"::1","SourceContext":"Serilog.AspNetCore.RequestLoggingMiddleware","RequestId":"0HNND8P5TTJJT:00000003","ConnectionId":"0HNND8P5TTJJT","Application":"PetHealth.API","AppEnv":"Development"}
2026-07-29 10:23:36.556 +02:00[INF] - HTTP GET /api/Pet responded 200 in 26.9860 ms {"UserId":"1","RemoteIP":"::1","SourceContext":"Serilog.AspNetCore.RequestLoggingMiddleware","RequestId":"0HNND8P5TTJK1:00000003","ConnectionId":"0HNND8P5TTJK1","Application":"PetHealth.API","AppEnv":"Development"}
2026-07-29 10:23:37.522 +02:00[INF] - HTTP GET /api/Pet/my-pets responded 404 in 3.1683 ms {"UserId":"1","RemoteIP":"::1","SourceContext":"Serilog.AspNetCore.RequestLoggingMiddleware","RequestId":"0HNND8P5TTJK1:00000005","ConnectionId":"0HNND8P5TTJK1","Application":"PetHealth.API","AppEnv":"Development"}
2026-07-29 10:23:38.328 +02:00[INF] - HTTP GET /api/Prescription responded 200 in 2.9508 ms {"UserId":"1","RemoteIP":"::1","SourceContext":"Serilog.AspNetCore.RequestLoggingMiddleware","RequestId":"0HNND8P5TTJK0:00000004","ConnectionId":"0HNND8P5TTJK0","Application":"PetHealth.API","AppEnv":"Development"}
2026-07-29 10:23:38.328 +02:00[INF] - HTTP GET /api/Pet responded 200 in 3.0393 ms {"UserId":"1","RemoteIP":"::1","SourceContext":"Serilog.AspNetCore.RequestLoggingMiddleware","RequestId":"0HNND8P5TTJJT:00000004","ConnectionId":"0HNND8P5TTJJT","Application":"PetHealth.API","AppEnv":"Development"}
2026-07-29 10:23:38.330 +02:00[INF] - HTTP GET /api/Appointment responded 200 in 5.0475 ms {"UserId":"1","RemoteIP":"::1","SourceContext":"Serilog.AspNetCore.RequestLoggingMiddleware","RequestId":"0HNND8P5TTJK1:00000006","ConnectionId":"0HNND8P5TTJK1","Application":"PetHealth.API","AppEnv":"Development"}
2026-07-29 10:23:38.345 +02:00[INF] - HTTP GET /api/AppUser responded 200 in 19.8199 ms {"UserId":"1","RemoteIP":"::1","SourceContext":"Serilog.AspNetCore.RequestLoggingMiddleware","RequestId":"0HNND8P5TTJJU:00000004","ConnectionId":"0HNND8P5TTJJU","Application":"PetHealth.API","AppEnv":"Development"}
2026-07-29 10:23:38.900 +02:00[INF] - HTTP GET /api/Medicine responded 200 in 2.2575 ms {"UserId":"1","RemoteIP":"::1","SourceContext":"Serilog.AspNetCore.RequestLoggingMiddleware","RequestId":"0HNND8P5TTJK1:00000008","ConnectionId":"0HNND8P5TTJK1","Application":"PetHealth.API","AppEnv":"Development"}
2026-07-29 10:23:38.900 +02:00[INF] - HTTP GET /api/Prescription responded 200 in 2.6882 ms {"UserId":"1","RemoteIP":"::1","SourceContext":"Serilog.AspNetCore.RequestLoggingMiddleware","RequestId":"0HNND8P5TTJJU:00000005","ConnectionId":"0HNND8P5TTJJU","Application":"PetHealth.API","AppEnv":"Development"}
2026-07-29 10:23:39.434 +02:00[INF] - HTTP GET /api/Pet responded 200 in 2.8398 ms {"UserId":"1","RemoteIP":"::1","SourceContext":"Serilog.AspNetCore.RequestLoggingMiddleware","RequestId":"0HNND8P5TTJJU:00000006","ConnectionId":"0HNND8P5TTJJU","Application":"PetHealth.API","AppEnv":"Development"}
2026-07-29 10:23:39.434 +02:00[INF] - HTTP GET /api/AppUser responded 200 in 2.8398 ms {"UserId":"1","RemoteIP":"::1","SourceContext":"Serilog.AspNetCore.RequestLoggingMiddleware","RequestId":"0HNND8P5TTJK1:00000009","ConnectionId":"0HNND8P5TTJK1","Application":"PetHealth.API","AppEnv":"Development"}
2026-07-29 10:23:40.011 +02:00[INF] - HTTP GET /api/AppUserRole responded 200 in 2.7125 ms {"UserId":"1","RemoteIP":"::1","SourceContext":"Serilog.AspNetCore.RequestLoggingMiddleware","RequestId":"0HNND8P5TTJK1:0000000A","ConnectionId":"0HNND8P5TTJK1","Application":"PetHealth.API","AppEnv":"Development"}
2026-07-29 10:23:40.011 +02:00[INF] - HTTP GET /api/AppUser responded 200 in 2.6778 ms {"UserId":"1","RemoteIP":"::1","SourceContext":"Serilog.AspNetCore.RequestLoggingMiddleware","RequestId":"0HNND8P5TTJJU:00000007","ConnectionId":"0HNND8P5TTJJU","Application":"PetHealth.API","AppEnv":"Development"}
2026-07-29 10:23:42.911 +02:00[INF] - HTTP GET /api/AppUser responded 200 in 2.7201 ms {"UserId":"1","RemoteIP":"::1","SourceContext":"Serilog.AspNetCore.RequestLoggingMiddleware","RequestId":"0HNND8P5TTJJU:00000009","ConnectionId":"0HNND8P5TTJJU","Application":"PetHealth.API","AppEnv":"Development"}
2026-07-29 10:23:42.911 +02:00[INF] - HTTP GET /api/Pet responded 200 in 2.7218 ms {"UserId":"1","RemoteIP":"::1","SourceContext":"Serilog.AspNetCore.RequestLoggingMiddleware","RequestId":"0HNND8P5TTJK1:0000000C","ConnectionId":"0HNND8P5TTJK1","Application":"PetHealth.API","AppEnv":"Development"}
2026-07-29 10:23:43.478 +02:00[INF] - HTTP GET /api/Medicine responded 200 in 3.1493 ms {"UserId":"1","RemoteIP":"::1","SourceContext":"Serilog.AspNetCore.RequestLoggingMiddleware","RequestId":"0HNND8P5TTJK1:0000000D","ConnectionId":"0HNND8P5TTJK1","Application":"PetHealth.API","AppEnv":"Development"}
2026-07-29 10:23:43.478 +02:00[INF] - HTTP GET /api/Prescription responded 200 in 2.6366 ms {"UserId":"1","RemoteIP":"::1","SourceContext":"Serilog.AspNetCore.RequestLoggingMiddleware","RequestId":"0HNND8P5TTJJU:0000000B","ConnectionId":"0HNND8P5TTJJU","Application":"PetHealth.API","AppEnv":"Development"}
2026-07-29 10:23:43.969 +02:00[INF] - HTTP GET /api/AppUser responded 200 in 3.0438 ms {"UserId":"1","RemoteIP":"::1","SourceContext":"Serilog.AspNetCore.RequestLoggingMiddleware","RequestId":"0HNND8P5TTJJT:00000005","ConnectionId":"0HNND8P5TTJJT","Application":"PetHealth.API","AppEnv":"Development"}
2026-07-29 10:23:43.969 +02:00[INF] - HTTP GET /api/Prescription responded 200 in 3.0345 ms {"UserId":"1","RemoteIP":"::1","SourceContext":"Serilog.AspNetCore.RequestLoggingMiddleware","RequestId":"0HNND8P5TTJK0:00000005","ConnectionId":"0HNND8P5TTJK0","Application":"PetHealth.API","AppEnv":"Development"}
2026-07-29 10:23:43.970 +02:00[INF] - HTTP GET /api/Appointment responded 200 in 3.3833 ms {"UserId":"1","RemoteIP":"::1","SourceContext":"Serilog.AspNetCore.RequestLoggingMiddleware","RequestId":"0HNND8P5TTJJU:0000000D","ConnectionId":"0HNND8P5TTJJU","Application":"PetHealth.API","AppEnv":"Development"}
2026-07-29 10:23:43.970 +02:00[INF] - HTTP GET /api/Pet responded 200 in 4.2706 ms {"UserId":"1","RemoteIP":"::1","SourceContext":"Serilog.AspNetCore.RequestLoggingMiddleware","RequestId":"0HNND8P5TTJK1:0000000E","ConnectionId":"0HNND8P5TTJK1","Application":"PetHealth.API","AppEnv":"Development"}
2026-07-29 10:36:14.472 +02:00[INF] - HTTP GET /api/AppUser/me responded 200 in 34.2841 ms {"UserId":"1","RemoteIP":"::1","SourceContext":"Serilog.AspNetCore.RequestLoggingMiddleware","RequestId":"0HNND8P5TTJK2:00000002","ConnectionId":"0HNND8P5TTJK2","Application":"PetHealth.API","AppEnv":"Development"}
2026-07-29 10:36:19.045 +02:00[INF] - HTTP GET /api/AppUser/me responded 200 in 2.1540 ms {"UserId":"1","RemoteIP":"::1","SourceContext":"Serilog.AspNetCore.RequestLoggingMiddleware","RequestId":"0HNND8P5TTJK2:00000003","ConnectionId":"0HNND8P5TTJK2","Application":"PetHealth.API","AppEnv":"Development"}
2026-07-29 10:36:21.145 +02:00[INF] - HTTP GET /api/AppUser responded 200 in 3.5475 ms {"UserId":"1","RemoteIP":"::1","SourceContext":"Serilog.AspNetCore.RequestLoggingMiddleware","RequestId":"0HNND8P5TTJK6:00000001","ConnectionId":"0HNND8P5TTJK6","Application":"PetHealth.API","AppEnv":"Development"}
2026-07-29 10:36:21.148 +02:00[INF] - HTTP GET /api/Pet responded 200 in 4.8743 ms {"UserId":"1","RemoteIP":"::1","SourceContext":"Serilog.AspNetCore.RequestLoggingMiddleware","RequestId":"0HNND8P5TTJK5:00000002","ConnectionId":"0HNND8P5TTJK5","Application":"PetHealth.API","AppEnv":"Development"}
2026-07-29 10:36:21.152 +02:00[INF] - HTTP GET /api/Appointment responded 200 in 8.7633 ms {"UserId":"1","RemoteIP":"::1","SourceContext":"Serilog.AspNetCore.RequestLoggingMiddleware","RequestId":"0HNND8P5TTJK4:00000002","ConnectionId":"0HNND8P5TTJK4","Application":"PetHealth.API","AppEnv":"Development"}
2026-07-29 10:36:21.154 +02:00[INF] - HTTP GET /api/Prescription responded 200 in 10.8568 ms {"UserId":"1","RemoteIP":"::1","SourceContext":"Serilog.AspNetCore.RequestLoggingMiddleware","RequestId":"0HNND8P5TTJK2:00000006","ConnectionId":"0HNND8P5TTJK2","Application":"PetHealth.API","AppEnv":"Development"}
2026-07-29 10:36:21.163 +02:00[INF] - HTTP GET /api/Treatment responded 200 in 19.9704 ms {"UserId":"1","RemoteIP":"::1","SourceContext":"Serilog.AspNetCore.RequestLoggingMiddleware","RequestId":"0HNND8P5TTJK3:00000003","ConnectionId":"0HNND8P5TTJK3","Application":"PetHealth.API","AppEnv":"Development"}
2026-07-29 10:36:21.164 +02:00[INF] - HTTP GET /api/AppUserRole responded 200 in 22.3725 ms {"UserId":"1","RemoteIP":"::1","SourceContext":"Serilog.AspNetCore.RequestLoggingMiddleware","RequestId":"0HNND8P5TTJK7:00000001","ConnectionId":"0HNND8P5TTJK7","Application":"PetHealth.API","AppEnv":"Development"}
2026-07-29 10:36:22.772 +02:00[INF] - HTTP GET /api/Pet/my-pets responded 404 in 2.6213 ms {"UserId":"1","RemoteIP":"::1","SourceContext":"Serilog.AspNetCore.RequestLoggingMiddleware","RequestId":"0HNND8P5TTJK7:00000003","ConnectionId":"0HNND8P5TTJK7","Application":"PetHealth.API","AppEnv":"Development"}
2026-07-29 10:36:23.530 +02:00[INF] - HTTP GET /api/AppUser responded 200 in 3.9435 ms {"UserId":"1","RemoteIP":"::1","SourceContext":"Serilog.AspNetCore.RequestLoggingMiddleware","RequestId":"0HNND8P5TTJK2:00000007","ConnectionId":"0HNND8P5TTJK2","Application":"PetHealth.API","AppEnv":"Development"}
2026-07-29 10:36:23.531 +02:00[INF] - HTTP GET /api/Appointment responded 200 in 5.8496 ms {"UserId":"1","RemoteIP":"::1","SourceContext":"Serilog.AspNetCore.RequestLoggingMiddleware","RequestId":"0HNND8P5TTJK7:00000004","ConnectionId":"0HNND8P5TTJK7","Application":"PetHealth.API","AppEnv":"Development"}
2026-07-29 10:36:23.532 +02:00[INF] - HTTP GET /api/Prescription responded 200 in 6.6932 ms {"UserId":"1","RemoteIP":"::1","SourceContext":"Serilog.AspNetCore.RequestLoggingMiddleware","RequestId":"0HNND8P5TTJK4:00000003","ConnectionId":"0HNND8P5TTJK4","Application":"PetHealth.API","AppEnv":"Development"}
2026-07-29 10:36:23.550 +02:00[INF] - HTTP GET /api/Pet responded 200 in 24.7497 ms {"UserId":"1","RemoteIP":"::1","SourceContext":"Serilog.AspNetCore.RequestLoggingMiddleware","RequestId":"0HNND8P5TTJK3:00000004","ConnectionId":"0HNND8P5TTJK3","Application":"PetHealth.API","AppEnv":"Development"}
2026-07-29 10:36:24.646 +02:00[INF] - HTTP GET /api/Medicine responded 200 in 3.5056 ms {"UserId":"1","RemoteIP":"::1","SourceContext":"Serilog.AspNetCore.RequestLoggingMiddleware","RequestId":"0HNND8P5TTJK4:00000005","ConnectionId":"0HNND8P5TTJK4","Application":"PetHealth.API","AppEnv":"Development"}
2026-07-29 10:36:24.646 +02:00[INF] - HTTP GET /api/Prescription responded 200 in 4.0064 ms {"UserId":"1","RemoteIP":"::1","SourceContext":"Serilog.AspNetCore.RequestLoggingMiddleware","RequestId":"0HNND8P5TTJK3:00000005","ConnectionId":"0HNND8P5TTJK3","Application":"PetHealth.API","AppEnv":"Development"}
2026-07-29 10:36:25.634 +02:00[INF] - HTTP GET /api/Pet responded 200 in 4.5419 ms {"UserId":"1","RemoteIP":"::1","SourceContext":"Serilog.AspNetCore.RequestLoggingMiddleware","RequestId":"0HNND8P5TTJK3:00000006","ConnectionId":"0HNND8P5TTJK3","Application":"PetHealth.API","AppEnv":"Development"}
2026-07-29 10:36:25.634 +02:00[INF] - HTTP GET /api/AppUser responded 200 in 4.5419 ms {"UserId":"1","RemoteIP":"::1","SourceContext":"Serilog.AspNetCore.RequestLoggingMiddleware","RequestId":"0HNND8P5TTJK4:00000006","ConnectionId":"0HNND8P5TTJK4","Application":"PetHealth.API","AppEnv":"Development"}
2026-07-29 10:36:26.055 +02:00[INF] - HTTP GET /api/AppUser responded 200 in 3.0150 ms {"UserId":"1","RemoteIP":"::1","SourceContext":"Serilog.AspNetCore.RequestLoggingMiddleware","RequestId":"0HNND8P5TTJK4:00000007","ConnectionId":"0HNND8P5TTJK4","Application":"PetHealth.API","AppEnv":"Development"}
2026-07-29 10:36:26.055 +02:00[INF] - HTTP GET /api/AppUserRole responded 200 in 3.0947 ms {"UserId":"1","RemoteIP":"::1","SourceContext":"Serilog.AspNetCore.RequestLoggingMiddleware","RequestId":"0HNND8P5TTJK3:00000007","ConnectionId":"0HNND8P5TTJK3","Application":"PetHealth.API","AppEnv":"Development"}
2026-07-29 10:36:26.618 +02:00[INF] - HTTP GET /api/Pet responded 200 in 2.7098 ms {"UserId":"1","RemoteIP":"::1","SourceContext":"Serilog.AspNetCore.RequestLoggingMiddleware","RequestId":"0HNND8P5TTJK2:00000009","ConnectionId":"0HNND8P5TTJK2","Application":"PetHealth.API","AppEnv":"Development"}
2026-07-29 10:36:26.618 +02:00[INF] - HTTP GET /api/AppUser responded 200 in 2.6010 ms {"UserId":"1","RemoteIP":"::1","SourceContext":"Serilog.AspNetCore.RequestLoggingMiddleware","RequestId":"0HNND8P5TTJK7:00000006","ConnectionId":"0HNND8P5TTJK7","Application":"PetHealth.API","AppEnv":"Development"}
2026-07-29 10:36:26.619 +02:00[INF] - HTTP GET /api/Appointment responded 200 in 4.5969 ms {"UserId":"1","RemoteIP":"::1","SourceContext":"Serilog.AspNetCore.RequestLoggingMiddleware","RequestId":"0HNND8P5TTJK4:00000009","ConnectionId":"0HNND8P5TTJK4","Application":"PetHealth.API","AppEnv":"Development"}
2026-07-29 10:36:26.635 +02:00[INF] - HTTP GET /api/Prescription responded 200 in 19.4225 ms {"UserId":"1","RemoteIP":"::1","SourceContext":"Serilog.AspNetCore.RequestLoggingMiddleware","RequestId":"0HNND8P5TTJK3:00000009","ConnectionId":"0HNND8P5TTJK3","Application":"PetHealth.API","AppEnv":"Development"}
2026-07-29 10:36:30.075 +02:00[INF] - HTTP GET /api/AppUser responded 200 in 3.2360 ms {"UserId":"1","RemoteIP":"::1","SourceContext":"Serilog.AspNetCore.RequestLoggingMiddleware","RequestId":"0HNND8P5TTJK4:0000000A","ConnectionId":"0HNND8P5TTJK4","Application":"PetHealth.API","AppEnv":"Development"}
2026-07-29 10:36:30.075 +02:00[INF] - HTTP GET /api/Pet responded 200 in 3.2361 ms {"UserId":"1","RemoteIP":"::1","SourceContext":"Serilog.AspNetCore.RequestLoggingMiddleware","RequestId":"0HNND8P5TTJK3:0000000A","ConnectionId":"0HNND8P5TTJK3","Application":"PetHealth.API","AppEnv":"Development"}
2026-07-29 10:36:30.603 +02:00[INF] - HTTP GET /api/AppUser responded 200 in 2.9295 ms {"UserId":"1","RemoteIP":"::1","SourceContext":"Serilog.AspNetCore.RequestLoggingMiddleware","RequestId":"0HNND8P5TTJK3:0000000B","ConnectionId":"0HNND8P5TTJK3","Application":"PetHealth.API","AppEnv":"Development"}
2026-07-29 10:36:30.603 +02:00[INF] - HTTP GET /api/AppUserRole responded 200 in 2.5098 ms {"UserId":"1","RemoteIP":"::1","SourceContext":"Serilog.AspNetCore.RequestLoggingMiddleware","RequestId":"0HNND8P5TTJK4:0000000C","ConnectionId":"0HNND8P5TTJK4","Application":"PetHealth.API","AppEnv":"Development"}
2026-07-29 10:36:53.527 +02:00[INF] - HTTP POST /Login responded 200 in 14.7986 ms {"UserId":"Anonymous","RemoteIP":"::1","SourceContext":"Serilog.AspNetCore.RequestLoggingMiddleware","RequestId":"0HNND8P5TTJK4:0000000E","ConnectionId":"0HNND8P5TTJK4","Application":"PetHealth.API","AppEnv":"Development"}
2026-07-29 10:36:57.293 +02:00[INF] - HTTP GET /api/AppUser/me responded 200 in 3.1538 ms {"UserId":"7","RemoteIP":"::1","SourceContext":"Serilog.AspNetCore.RequestLoggingMiddleware","RequestId":"0HNND8P5TTJK4:00000010","ConnectionId":"0HNND8P5TTJK4","Application":"PetHealth.API","AppEnv":"Development"}
2026-07-29 10:36:58.709 +02:00[INF] - HTTP GET /api/Pet/my-pets responded 200 in 3.1303 ms {"UserId":"7","RemoteIP":"::1","SourceContext":"Serilog.AspNetCore.RequestLoggingMiddleware","RequestId":"0HNND8P5TTJK4:00000012","ConnectionId":"0HNND8P5TTJK4","Application":"PetHealth.API","AppEnv":"Development"}
2026-07-29 10:37:00.018 +02:00[INF] - HTTP GET /api/Pet/1 responded 200 in 26.9165 ms {"UserId":"7","RemoteIP":"::1","SourceContext":"Serilog.AspNetCore.RequestLoggingMiddleware","RequestId":"0HNND8P5TTJK4:00000014","ConnectionId":"0HNND8P5TTJK4","Application":"PetHealth.API","AppEnv":"Development"}
2026-07-29 10:37:01.290 +02:00[INF] - HTTP GET /api/Pet/1 responded 200 in 3.5405 ms {"UserId":"7","RemoteIP":"::1","SourceContext":"Serilog.AspNetCore.RequestLoggingMiddleware","RequestId":"0HNND8P5TTJK4:00000015","ConnectionId":"0HNND8P5TTJK4","Application":"PetHealth.API","AppEnv":"Development"}
2026-07-29 10:37:01.322 +02:00[INF] - HTTP GET /api/WeightRecord/1 responded 200 in 34.4472 ms {"UserId":"7","RemoteIP":"::1","SourceContext":"Serilog.AspNetCore.RequestLoggingMiddleware","RequestId":"0HNND8P5TTJK3:0000000D","ConnectionId":"0HNND8P5TTJK3","Application":"PetHealth.API","AppEnv":"Development"}
2026-07-29 10:37:03.243 +02:00[INF] - HTTP GET /api/Pet/1 responded 200 in 3.2816 ms {"UserId":"7","RemoteIP":"::1","SourceContext":"Serilog.AspNetCore.RequestLoggingMiddleware","RequestId":"0HNND8P5TTJK3:0000000E","ConnectionId":"0HNND8P5TTJK3","Application":"PetHealth.API","AppEnv":"Development"}
2026-07-29 10:37:04.203 +02:00[INF] - HTTP GET /api/Pet/1 responded 200 in 3.2158 ms {"UserId":"7","RemoteIP":"::1","SourceContext":"Serilog.AspNetCore.RequestLoggingMiddleware","RequestId":"0HNND8P5TTJK3:0000000F","ConnectionId":"0HNND8P5TTJK3","Application":"PetHealth.API","AppEnv":"Development"}
2026-07-29 10:37:04.229 +02:00[INF] - HTTP GET /api/Treatment/Pet/1 responded 200 in 28.6758 ms {"UserId":"7","RemoteIP":"::1","SourceContext":"Serilog.AspNetCore.RequestLoggingMiddleware","RequestId":"0HNND8P5TTJK4:00000017","ConnectionId":"0HNND8P5TTJK4","Application":"PetHealth.API","AppEnv":"Development"}
2026-07-29 10:37:07.068 +02:00[INF] - HTTP GET /api/Pet/1 responded 200 in 3.6897 ms {"UserId":"7","RemoteIP":"::1","SourceContext":"Serilog.AspNetCore.RequestLoggingMiddleware","RequestId":"0HNND8P5TTJK4:00000019","ConnectionId":"0HNND8P5TTJK4","Application":"PetHealth.API","AppEnv":"Development"}
2026-07-29 10:37:07.855 +02:00[INF] - HTTP GET /api/Pet/1 responded 200 in 3.0160 ms {"UserId":"7","RemoteIP":"::1","SourceContext":"Serilog.AspNetCore.RequestLoggingMiddleware","RequestId":"0HNND8P5TTJK4:0000001A","ConnectionId":"0HNND8P5TTJK4","Application":"PetHealth.API","AppEnv":"Development"}
2026-07-29 10:37:07.876 +02:00[INF] - HTTP GET /api/Vaccination/1 responded 200 in 23.9765 ms {"UserId":"7","RemoteIP":"::1","SourceContext":"Serilog.AspNetCore.RequestLoggingMiddleware","RequestId":"0HNND8P5TTJK3:00000011","ConnectionId":"0HNND8P5TTJK3","Application":"PetHealth.API","AppEnv":"Development"}
2026-07-29 10:37:12.484 +02:00[INF] - HTTP GET /api/Pet/my-pets responded 200 in 4.9478 ms {"UserId":"7","RemoteIP":"::1","SourceContext":"Serilog.AspNetCore.RequestLoggingMiddleware","RequestId":"0HNND8P5TTJK3:00000013","ConnectionId":"0HNND8P5TTJK3","Application":"PetHealth.API","AppEnv":"Development"}
2026-07-29 10:37:12.493 +02:00[INF] - HTTP GET /api/Appointment/1 responded 200 in 5.5226 ms {"UserId":"7","RemoteIP":"::1","SourceContext":"Serilog.AspNetCore.RequestLoggingMiddleware","RequestId":"0HNND8P5TTJK4:0000001C","ConnectionId":"0HNND8P5TTJK4","Application":"PetHealth.API","AppEnv":"Development"}
2026-07-29 10:37:12.493 +02:00[INF] - HTTP GET /api/Appointment/2 responded 200 in 5.5470 ms {"UserId":"7","RemoteIP":"::1","SourceContext":"Serilog.AspNetCore.RequestLoggingMiddleware","RequestId":"0HNND8P5TTJK3:00000015","ConnectionId":"0HNND8P5TTJK3","Application":"PetHealth.API","AppEnv":"Development"}
2026-07-29 10:37:16.057 +02:00[INF] - HTTP GET /api/AppUser/me responded 200 in 2.9546 ms {"UserId":"7","RemoteIP":"::1","SourceContext":"Serilog.AspNetCore.RequestLoggingMiddleware","RequestId":"0HNND8P5TTJK3:00000017","ConnectionId":"0HNND8P5TTJK3","Application":"PetHealth.API","AppEnv":"Development"}
2026-07-29 10:37:16.618 +02:00[INF] - HTTP GET /api/Pet/my-pets responded 200 in 3.3850 ms {"UserId":"7","RemoteIP":"::1","SourceContext":"Serilog.AspNetCore.RequestLoggingMiddleware","RequestId":"0HNND8P5TTJK3:00000018","ConnectionId":"0HNND8P5TTJK3","Application":"PetHealth.API","AppEnv":"Development"}
2026-07-29 10:37:17.200 +02:00[INF] - HTTP GET /api/Pet/my-pets responded 200 in 2.6860 ms {"UserId":"7","RemoteIP":"::1","SourceContext":"Serilog.AspNetCore.RequestLoggingMiddleware","RequestId":"0HNND8P5TTJK3:00000019","ConnectionId":"0HNND8P5TTJK3","Application":"PetHealth.API","AppEnv":"Development"}
2026-07-29 10:37:17.206 +02:00[INF] - HTTP GET /api/Appointment/2 responded 200 in 3.6561 ms {"UserId":"7","RemoteIP":"::1","SourceContext":"Serilog.AspNetCore.RequestLoggingMiddleware","RequestId":"0HNND8P5TTJK4:0000001D","ConnectionId":"0HNND8P5TTJK4","Application":"PetHealth.API","AppEnv":"Development"}
2026-07-29 10:37:17.206 +02:00[INF] - HTTP GET /api/Appointment/1 responded 200 in 3.6561 ms {"UserId":"7","RemoteIP":"::1","SourceContext":"Serilog.AspNetCore.RequestLoggingMiddleware","RequestId":"0HNND8P5TTJK3:0000001A","ConnectionId":"0HNND8P5TTJK3","Application":"PetHealth.API","AppEnv":"Development"}
2026-07-29 10:44:16.419 +02:00[INF] - HTTP GET /api/Pet/my-pets responded 200 in 33.6600 ms {"UserId":"7","RemoteIP":"::1","SourceContext":"Serilog.AspNetCore.RequestLoggingMiddleware","RequestId":"0HNND8P5TTJKE:00000002","ConnectionId":"0HNND8P5TTJKE","Application":"PetHealth.API","AppEnv":"Development"}
2026-07-29 10:44:16.427 +02:00[INF] - HTTP GET /api/Appointment/2 responded 200 in 5.7587 ms {"UserId":"7","RemoteIP":"::1","SourceContext":"Serilog.AspNetCore.RequestLoggingMiddleware","RequestId":"0HNND8P5TTJKE:00000004","ConnectionId":"0HNND8P5TTJKE","Application":"PetHealth.API","AppEnv":"Development"}
2026-07-29 10:44:16.440 +02:00[INF] - HTTP GET /api/Appointment/1 responded 200 in 18.5450 ms {"UserId":"7","RemoteIP":"::1","SourceContext":"Serilog.AspNetCore.RequestLoggingMiddleware","RequestId":"0HNND8P5TTJKF:00000002","ConnectionId":"0HNND8P5TTJKF","Application":"PetHealth.API","AppEnv":"Development"}
2026-07-29 10:47:01.731 +02:00[INF] - HTTP GET /api/Pet/my-pets responded 200 in 3.6770 ms {"UserId":"7","RemoteIP":"::1","SourceContext":"Serilog.AspNetCore.RequestLoggingMiddleware","RequestId":"0HNND8P5TTJKM:00000002","ConnectionId":"0HNND8P5TTJKM","Application":"PetHealth.API","AppEnv":"Development"}
2026-07-29 10:47:01.737 +02:00[INF] - HTTP GET /api/Appointment/1 responded 200 in 4.1622 ms {"UserId":"7","RemoteIP":"::1","SourceContext":"Serilog.AspNetCore.RequestLoggingMiddleware","RequestId":"0HNND8P5TTJKN:00000001","ConnectionId":"0HNND8P5TTJKN","Application":"PetHealth.API","AppEnv":"Development"}
2026-07-29 10:47:01.737 +02:00[INF] - HTTP GET /api/Appointment/2 responded 200 in 4.1240 ms {"UserId":"7","RemoteIP":"::1","SourceContext":"Serilog.AspNetCore.RequestLoggingMiddleware","RequestId":"0HNND8P5TTJKM:00000005","ConnectionId":"0HNND8P5TTJKM","Application":"PetHealth.API","AppEnv":"Development"}
2026-07-29 10:58:13.135 +02:00[INF] - HTTP GET /api/Pet/my-pets responded 200 in 8.8117 ms {"UserId":"7","RemoteIP":"::1","SourceContext":"Serilog.AspNetCore.RequestLoggingMiddleware","RequestId":"0HNND8P5TTJKM:00000007","ConnectionId":"0HNND8P5TTJKM","Application":"PetHealth.API","AppEnv":"Development"}
2026-07-29 10:58:13.725 +02:00[INF] - HTTP GET /api/AppUser/me responded 200 in 4.1912 ms {"UserId":"7","RemoteIP":"::1","SourceContext":"Serilog.AspNetCore.RequestLoggingMiddleware","RequestId":"0HNND8P5TTJKM:00000009","ConnectionId":"0HNND8P5TTJKM","Application":"PetHealth.API","AppEnv":"Development"}
2026-07-29 10:58:16.481 +02:00[INF] - HTTP GET /api/AppUser/me responded 200 in 2.5493 ms {"UserId":"7","RemoteIP":"::1","SourceContext":"Serilog.AspNetCore.RequestLoggingMiddleware","RequestId":"0HNND8P5TTJKM:0000000A","ConnectionId":"0HNND8P5TTJKM","Application":"PetHealth.API","AppEnv":"Development"}
2026-07-29 10:58:57.424 +02:00[INF] - HTTP GET /api/Pet/my-pets responded 200 in 3.5429 ms {"UserId":"7","RemoteIP":"::1","SourceContext":"Serilog.AspNetCore.RequestLoggingMiddleware","RequestId":"0HNND8P5TTJKM:0000000C","ConnectionId":"0HNND8P5TTJKM","Application":"PetHealth.API","AppEnv":"Development"}
2026-07-29 10:58:58.641 +02:00[INF] - HTTP GET /api/Pet/2 responded 200 in 4.1504 ms {"UserId":"7","RemoteIP":"::1","SourceContext":"Serilog.AspNetCore.RequestLoggingMiddleware","RequestId":"0HNND8P5TTJKM:0000000E","ConnectionId":"0HNND8P5TTJKM","Application":"PetHealth.API","AppEnv":"Development"}
2026-07-29 10:58:59.480 +02:00[INF] - HTTP GET /api/Pet/2 responded 200 in 4.0578 ms {"UserId":"7","RemoteIP":"::1","SourceContext":"Serilog.AspNetCore.RequestLoggingMiddleware","RequestId":"0HNND8P5TTJKM:0000000F","ConnectionId":"0HNND8P5TTJKM","Application":"PetHealth.API","AppEnv":"Development"}
2026-07-29 10:58:59.485 +02:00[INF] - HTTP GET /api/Vaccination/2 responded 200 in 8.9001 ms {"UserId":"7","RemoteIP":"::1","SourceContext":"Serilog.AspNetCore.RequestLoggingMiddleware","RequestId":"0HNND8P5TTJKN:00000003","ConnectionId":"0HNND8P5TTJKN","Application":"PetHealth.API","AppEnv":"Development"}
2026-07-29 10:59:03.742 +02:00[INF] - HTTP GET /api/Pet/2 responded 200 in 2.4639 ms {"UserId":"7","RemoteIP":"::1","SourceContext":"Serilog.AspNetCore.RequestLoggingMiddleware","RequestId":"0HNND8P5TTJKN:00000005","ConnectionId":"0HNND8P5TTJKN","Application":"PetHealth.API","AppEnv":"Development"}
2026-07-29 11:22:23.625 +02:00[INF] - HTTP GET /api/AppUser/me responded 200 in 36.1149 ms {"UserId":"7","RemoteIP":"::1","SourceContext":"Serilog.AspNetCore.RequestLoggingMiddleware","RequestId":"0HNND8P5TTJKP:00000002","ConnectionId":"0HNND8P5TTJKP","Application":"PetHealth.API","AppEnv":"Development"}
2026-07-29 11:22:24.541 +02:00[INF] - HTTP GET /api/Pet/my-pets responded 200 in 3.4912 ms {"UserId":"7","RemoteIP":"::1","SourceContext":"Serilog.AspNetCore.RequestLoggingMiddleware","RequestId":"0HNND8P5TTJKP:00000004","ConnectionId":"0HNND8P5TTJKP","Application":"PetHealth.API","AppEnv":"Development"}
2026-07-29 11:22:25.654 +02:00[INF] - HTTP GET /api/Pet/my-pets responded 200 in 2.1068 ms {"UserId":"7","RemoteIP":"::1","SourceContext":"Serilog.AspNetCore.RequestLoggingMiddleware","RequestId":"0HNND8P5TTJKP:00000005","ConnectionId":"0HNND8P5TTJKP","Application":"PetHealth.API","AppEnv":"Development"}
2026-07-29 11:22:25.663 +02:00[INF] - HTTP GET /api/Appointment/1 responded 200 in 7.3275 ms {"UserId":"7","RemoteIP":"::1","SourceContext":"Serilog.AspNetCore.RequestLoggingMiddleware","RequestId":"0HNND8P5TTJKQ:00000002","ConnectionId":"0HNND8P5TTJKQ","Application":"PetHealth.API","AppEnv":"Development"}
2026-07-29 11:22:25.680 +02:00[INF] - HTTP GET /api/Appointment/2 responded 200 in 23.5620 ms {"UserId":"7","RemoteIP":"::1","SourceContext":"Serilog.AspNetCore.RequestLoggingMiddleware","RequestId":"0HNND8P5TTJKP:00000007","ConnectionId":"0HNND8P5TTJKP","Application":"PetHealth.API","AppEnv":"Development"}
2026-07-29 11:22:27.555 +02:00[INF] - HTTP GET /api/Pet/my-pets responded 200 in 2.2319 ms {"UserId":"7","RemoteIP":"::1","SourceContext":"Serilog.AspNetCore.RequestLoggingMiddleware","RequestId":"0HNND8P5TTJKP:00000008","ConnectionId":"0HNND8P5TTJKP","Application":"PetHealth.API","AppEnv":"Development"}
2026-07-29 11:22:29.579 +02:00[INF] - HTTP GET /api/AppUser/me responded 200 in 1.7695 ms {"UserId":"7","RemoteIP":"::1","SourceContext":"Serilog.AspNetCore.RequestLoggingMiddleware","RequestId":"0HNND8P5TTJKP:0000000A","ConnectionId":"0HNND8P5TTJKP","Application":"PetHealth.API","AppEnv":"Development"}
2026-07-29 11:23:00.833 +02:00[INF] - HTTP POST /Login responded 200 in 9.2271 ms {"UserId":"Anonymous","RemoteIP":"::1","SourceContext":"Serilog.AspNetCore.RequestLoggingMiddleware","RequestId":"0HNND8P5TTJKP:0000000C","ConnectionId":"0HNND8P5TTJKP","Application":"PetHealth.API","AppEnv":"Development"}
2026-07-29 11:23:06.634 +02:00[INF] - HTTP GET /api/Pet responded 200 in 4.4501 ms {"UserId":"1","RemoteIP":"::1","SourceContext":"Serilog.AspNetCore.RequestLoggingMiddleware","RequestId":"0HNND8P5TTJKS:00000001","ConnectionId":"0HNND8P5TTJKS","Application":"PetHealth.API","AppEnv":"Development"}
2026-07-29 11:23:06.635 +02:00[INF] - HTTP GET /api/Appointment responded 200 in 6.0565 ms {"UserId":"1","RemoteIP":"::1","SourceContext":"Serilog.AspNetCore.RequestLoggingMiddleware","RequestId":"0HNND8P5TTJKQ:00000004","ConnectionId":"0HNND8P5TTJKQ","Application":"PetHealth.API","AppEnv":"Development"}
2026-07-29 11:23:06.637 +02:00[INF] - HTTP GET /api/Prescription responded 200 in 6.5583 ms {"UserId":"1","RemoteIP":"::1","SourceContext":"Serilog.AspNetCore.RequestLoggingMiddleware","RequestId":"0HNND8P5TTJKP:0000000F","ConnectionId":"0HNND8P5TTJKP","Application":"PetHealth.API","AppEnv":"Development"}
2026-07-29 11:23:06.654 +02:00[INF] - HTTP GET /api/AppUser responded 200 in 24.0789 ms {"UserId":"1","RemoteIP":"::1","SourceContext":"Serilog.AspNetCore.RequestLoggingMiddleware","RequestId":"0HNND8P5TTJKR:00000002","ConnectionId":"0HNND8P5TTJKR","Application":"PetHealth.API","AppEnv":"Development"}
2026-07-29 11:23:08.759 +02:00[INF] - HTTP GET /api/Vaccination/23 responded 200 in 5.6668 ms {"UserId":"1","RemoteIP":"::1","SourceContext":"Serilog.AspNetCore.RequestLoggingMiddleware","RequestId":"0HNND8P5TTJKR:00000004","ConnectionId":"0HNND8P5TTJKR","Application":"PetHealth.API","AppEnv":"Development"}
2026-07-29 11:23:14.937 +02:00[INF] - HTTP GET /api/Prescription responded 200 in 3.7370 ms {"UserId":"1","RemoteIP":"::1","SourceContext":"Serilog.AspNetCore.RequestLoggingMiddleware","RequestId":"0HNND8P5TTJKP:00000011","ConnectionId":"0HNND8P5TTJKP","Application":"PetHealth.API","AppEnv":"Development"}
2026-07-29 11:23:14.937 +02:00[INF] - HTTP GET /api/Medicine responded 200 in 3.6920 ms {"UserId":"1","RemoteIP":"::1","SourceContext":"Serilog.AspNetCore.RequestLoggingMiddleware","RequestId":"0HNND8P5TTJKR:00000006","ConnectionId":"0HNND8P5TTJKR","Application":"PetHealth.API","AppEnv":"Development"}
2026-07-29 11:23:18.099 +02:00[INF] - HTTP GET /api/Prescription responded 200 in 4.9548 ms {"UserId":"1","RemoteIP":"::1","SourceContext":"Serilog.AspNetCore.RequestLoggingMiddleware","RequestId":"0HNND8P5TTJKS:00000002","ConnectionId":"0HNND8P5TTJKS","Application":"PetHealth.API","AppEnv":"Development"}
2026-07-29 11:23:18.100 +02:00[INF] - HTTP GET /api/Pet responded 200 in 4.0081 ms {"UserId":"1","RemoteIP":"::1","SourceContext":"Serilog.AspNetCore.RequestLoggingMiddleware","RequestId":"0HNND8P5TTJKQ:00000006","ConnectionId":"0HNND8P5TTJKQ","Application":"PetHealth.API","AppEnv":"Development"}
2026-07-29 11:23:18.101 +02:00[INF] - HTTP GET /api/Appointment responded 200 in 6.0267 ms {"UserId":"1","RemoteIP":"::1","SourceContext":"Serilog.AspNetCore.RequestLoggingMiddleware","RequestId":"0HNND8P5TTJKP:00000013","ConnectionId":"0HNND8P5TTJKP","Application":"PetHealth.API","AppEnv":"Development"}
2026-07-29 11:23:18.129 +02:00[INF] - HTTP GET /api/AppUser responded 200 in 33.8462 ms {"UserId":"1","RemoteIP":"::1","SourceContext":"Serilog.AspNetCore.RequestLoggingMiddleware","RequestId":"0HNND8P5TTJKR:00000008","ConnectionId":"0HNND8P5TTJKR","Application":"PetHealth.API","AppEnv":"Development"}
2026-07-29 11:23:22.080 +02:00[INF] - HTTP GET /api/Medicine responded 200 in 3.8027 ms {"UserId":"1","RemoteIP":"::1","SourceContext":"Serilog.AspNetCore.RequestLoggingMiddleware","RequestId":"0HNND8P5TTJKR:0000000A","ConnectionId":"0HNND8P5TTJKR","Application":"PetHealth.API","AppEnv":"Development"}
2026-07-29 11:23:22.080 +02:00[INF] - HTTP GET /api/Prescription responded 200 in 3.8027 ms {"UserId":"1","RemoteIP":"::1","SourceContext":"Serilog.AspNetCore.RequestLoggingMiddleware","RequestId":"0HNND8P5TTJKP:00000015","ConnectionId":"0HNND8P5TTJKP","Application":"PetHealth.API","AppEnv":"Development"}
2026-07-29 11:23:22.110 +02:00[INF] - HTTP GET /api/Prescription/Item/1004 responded 404 in 26.7696 ms {"UserId":"1","RemoteIP":"::1","SourceContext":"Serilog.AspNetCore.RequestLoggingMiddleware","RequestId":"0HNND8P5TTJKP:00000017","ConnectionId":"0HNND8P5TTJKP","Application":"PetHealth.API","AppEnv":"Development"}
2026-07-29 11:23:26.555 +02:00[INF] - HTTP GET /api/AppUserRole responded 200 in 3.5804 ms {"UserId":"1","RemoteIP":"::1","SourceContext":"Serilog.AspNetCore.RequestLoggingMiddleware","RequestId":"0HNND8P5TTJKR:0000000C","ConnectionId":"0HNND8P5TTJKR","Application":"PetHealth.API","AppEnv":"Development"}
2026-07-29 11:23:26.555 +02:00[INF] - HTTP GET /api/AppUser responded 200 in 3.6235 ms {"UserId":"1","RemoteIP":"::1","SourceContext":"Serilog.AspNetCore.RequestLoggingMiddleware","RequestId":"0HNND8P5TTJKP:00000019","ConnectionId":"0HNND8P5TTJKP","Application":"PetHealth.API","AppEnv":"Development"}
2026-07-29 11:23:30.582 +02:00[INF] - HTTP GET /api/Pet responded 200 in 3.8591 ms {"UserId":"1","RemoteIP":"::1","SourceContext":"Serilog.AspNetCore.RequestLoggingMiddleware","RequestId":"0HNND8P5TTJKP:0000001B","ConnectionId":"0HNND8P5TTJKP","Application":"PetHealth.API","AppEnv":"Development"}
2026-07-29 11:23:30.582 +02:00[INF] - HTTP GET /api/AppUser responded 200 in 3.9500 ms {"UserId":"1","RemoteIP":"::1","SourceContext":"Serilog.AspNetCore.RequestLoggingMiddleware","RequestId":"0HNND8P5TTJKR:0000000D","ConnectionId":"0HNND8P5TTJKR","Application":"PetHealth.API","AppEnv":"Development"}
2026-07-29 11:23:46.750 +02:00[INF] - HTTP GET /api/Pet/my-pets responded 404 in 3.3589 ms {"UserId":"1","RemoteIP":"::1","SourceContext":"Serilog.AspNetCore.RequestLoggingMiddleware","RequestId":"0HNND8P5TTJKR:0000000F","ConnectionId":"0HNND8P5TTJKR","Application":"PetHealth.API","AppEnv":"Development"}
2026-07-29 11:23:47.928 +02:00[INF] - HTTP GET /api/Pet responded 200 in 2.9478 ms {"UserId":"1","RemoteIP":"::1","SourceContext":"Serilog.AspNetCore.RequestLoggingMiddleware","RequestId":"0HNND8P5TTJKQ:00000008","ConnectionId":"0HNND8P5TTJKQ","Application":"PetHealth.API","AppEnv":"Development"}
2026-07-29 11:23:47.928 +02:00[INF] - HTTP GET /api/AppUser responded 200 in 3.9162 ms {"UserId":"1","RemoteIP":"::1","SourceContext":"Serilog.AspNetCore.RequestLoggingMiddleware","RequestId":"0HNND8P5TTJKR:00000011","ConnectionId":"0HNND8P5TTJKR","Application":"PetHealth.API","AppEnv":"Development"}
2026-07-29 11:23:47.929 +02:00[INF] - HTTP GET /api/AppUserRole responded 200 in 3.9263 ms {"UserId":"1","RemoteIP":"::1","SourceContext":"Serilog.AspNetCore.RequestLoggingMiddleware","RequestId":"0HNND8P5TTJKS:00000004","ConnectionId":"0HNND8P5TTJKS","Application":"PetHealth.API","AppEnv":"Development"}
2026-07-29 11:23:47.929 +02:00[INF] - HTTP GET /api/Appointment responded 200 in 4.3190 ms {"UserId":"1","RemoteIP":"::1","SourceContext":"Serilog.AspNetCore.RequestLoggingMiddleware","RequestId":"0HNND8P5TTJKP:0000001D","ConnectionId":"0HNND8P5TTJKP","Application":"PetHealth.API","AppEnv":"Development"}
2026-07-29 11:23:47.937 +02:00[INF] - HTTP GET /api/Treatment responded 200 in 10.3985 ms {"UserId":"1","RemoteIP":"::1","SourceContext":"Serilog.AspNetCore.RequestLoggingMiddleware","RequestId":"0HNND8P5TTJKT:00000003","ConnectionId":"0HNND8P5TTJKT","Application":"PetHealth.API","AppEnv":"Development"}
2026-07-29 11:23:47.951 +02:00[INF] - HTTP GET /api/Prescription responded 200 in 24.7202 ms {"UserId":"1","RemoteIP":"::1","SourceContext":"Serilog.AspNetCore.RequestLoggingMiddleware","RequestId":"0HNND8P5TTJKU:00000001","ConnectionId":"0HNND8P5TTJKU","Application":"PetHealth.API","AppEnv":"Development"}
2026-07-29 11:23:56.356 +02:00[INF] - HTTP GET /api/AppUser/me responded 200 in 2.9420 ms {"UserId":"1","RemoteIP":"::1","SourceContext":"Serilog.AspNetCore.RequestLoggingMiddleware","RequestId":"0HNND8P5TTJKU:00000003","ConnectionId":"0HNND8P5TTJKU","Application":"PetHealth.API","AppEnv":"Development"}
2026-07-29 11:23:59.840 +02:00[INF] - HTTP GET /api/AppUser responded 200 in 3.0099 ms {"UserId":"1","RemoteIP":"::1","SourceContext":"Serilog.AspNetCore.RequestLoggingMiddleware","RequestId":"0HNND8P5TTJKR:00000013","ConnectionId":"0HNND8P5TTJKR","Application":"PetHealth.API","AppEnv":"Development"}
2026-07-29 11:23:59.841 +02:00[INF] - HTTP GET /api/Pet responded 200 in 3.3943 ms {"UserId":"1","RemoteIP":"::1","SourceContext":"Serilog.AspNetCore.RequestLoggingMiddleware","RequestId":"0HNND8P5TTJKQ:0000000A","ConnectionId":"0HNND8P5TTJKQ","Application":"PetHealth.API","AppEnv":"Development"}
2026-07-29 11:23:59.842 +02:00[INF] - HTTP GET /api/Appointment responded 200 in 5.0695 ms {"UserId":"1","RemoteIP":"::1","SourceContext":"Serilog.AspNetCore.RequestLoggingMiddleware","RequestId":"0HNND8P5TTJKU:00000005","ConnectionId":"0HNND8P5TTJKU","Application":"PetHealth.API","AppEnv":"Development"}
2026-07-29 11:23:59.842 +02:00[INF] - HTTP GET /api/Prescription responded 200 in 4.4226 ms {"UserId":"1","RemoteIP":"::1","SourceContext":"Serilog.AspNetCore.RequestLoggingMiddleware","RequestId":"0HNND8P5TTJKT:00000005","ConnectionId":"0HNND8P5TTJKT","Application":"PetHealth.API","AppEnv":"Development"}
2026-07-29 11:30:27.881 +02:00[INF] - HTTP GET /api/Medicine responded 200 in 42.4480 ms {"UserId":"1","RemoteIP":"::1","SourceContext":"Serilog.AspNetCore.RequestLoggingMiddleware","RequestId":"0HNND8P5TTJKV:00000002","ConnectionId":"0HNND8P5TTJKV","Application":"PetHealth.API","AppEnv":"Development"}
2026-07-29 11:30:27.896 +02:00[INF] - HTTP GET /api/Prescription responded 200 in 57.5615 ms {"UserId":"1","RemoteIP":"::1","SourceContext":"Serilog.AspNetCore.RequestLoggingMiddleware","RequestId":"0HNND8P5TTJL0:00000002","ConnectionId":"0HNND8P5TTJL0","Application":"PetHealth.API","AppEnv":"Development"}
2026-07-29 11:30:30.183 +02:00[INF] - HTTP GET /api/Pet/my-pets responded 404 in 5.4691 ms {"UserId":"1","RemoteIP":"::1","SourceContext":"Serilog.AspNetCore.RequestLoggingMiddleware","RequestId":"0HNND8P5TTJL0:00000004","ConnectionId":"0HNND8P5TTJL0","Application":"PetHealth.API","AppEnv":"Development"}
2026-07-29 11:30:30.720 +02:00[INF] - HTTP GET /api/AppUserRole responded 200 in 4.1089 ms {"UserId":"1","RemoteIP":"::1","SourceContext":"Serilog.AspNetCore.RequestLoggingMiddleware","RequestId":"0HNND8P5TTJL2:00000001","ConnectionId":"0HNND8P5TTJL2","Application":"PetHealth.API","AppEnv":"Development"}
2026-07-29 11:30:30.720 +02:00[INF] - HTTP GET /api/AppUser responded 200 in 4.2754 ms {"UserId":"1","RemoteIP":"::1","SourceContext":"Serilog.AspNetCore.RequestLoggingMiddleware","RequestId":"0HNND8P5TTJL1:00000001","ConnectionId":"0HNND8P5TTJL1","Application":"PetHealth.API","AppEnv":"Development"}
2026-07-29 11:30:30.723 +02:00[INF] - HTTP GET /api/Prescription responded 200 in 5.0688 ms {"UserId":"1","RemoteIP":"::1","SourceContext":"Serilog.AspNetCore.RequestLoggingMiddleware","RequestId":"0HNND8P5TTJL0:00000007","ConnectionId":"0HNND8P5TTJL0","Application":"PetHealth.API","AppEnv":"Development"}
2026-07-29 11:30:30.725 +02:00[INF] - HTTP GET /api/Appointment responded 200 in 8.0569 ms {"UserId":"1","RemoteIP":"::1","SourceContext":"Serilog.AspNetCore.RequestLoggingMiddleware","RequestId":"0HNND8P5TTJL4:00000001","ConnectionId":"0HNND8P5TTJL4","Application":"PetHealth.API","AppEnv":"Development"}
2026-07-29 11:30:30.733 +02:00[INF] - HTTP GET /api/Treatment responded 200 in 14.3601 ms {"UserId":"1","RemoteIP":"::1","SourceContext":"Serilog.AspNetCore.RequestLoggingMiddleware","RequestId":"0HNND8P5TTJKV:00000006","ConnectionId":"0HNND8P5TTJKV","Application":"PetHealth.API","AppEnv":"Development"}
2026-07-29 11:30:30.742 +02:00[INF] - HTTP GET /api/Pet responded 200 in 26.0668 ms {"UserId":"1","RemoteIP":"::1","SourceContext":"Serilog.AspNetCore.RequestLoggingMiddleware","RequestId":"0HNND8P5TTJL3:00000001","ConnectionId":"0HNND8P5TTJL3","Application":"PetHealth.API","AppEnv":"Development"}
2026-07-29 11:30:36.036 +02:00[INF] - HTTP GET /api/AppUser/me responded 200 in 3.1540 ms {"UserId":"1","RemoteIP":"::1","SourceContext":"Serilog.AspNetCore.RequestLoggingMiddleware","RequestId":"0HNND8P5TTJL3:00000003","ConnectionId":"0HNND8P5TTJL3","Application":"PetHealth.API","AppEnv":"Development"}
2026-07-29 11:44:05.992 +02:00[INF] - HTTP GET /api/Appointment responded 200 in 30.3520 ms {"UserId":"1","RemoteIP":"::1","SourceContext":"Serilog.AspNetCore.RequestLoggingMiddleware","RequestId":"0HNND8P5TTJL6:00000002","ConnectionId":"0HNND8P5TTJL6","Application":"PetHealth.API","AppEnv":"Development"}
2026-07-29 11:44:05.994 +02:00[INF] - HTTP GET /api/Pet responded 200 in 32.5859 ms {"UserId":"1","RemoteIP":"::1","SourceContext":"Serilog.AspNetCore.RequestLoggingMiddleware","RequestId":"0HNND8P5TTJL5:00000002","ConnectionId":"0HNND8P5TTJL5","Application":"PetHealth.API","AppEnv":"Development"}
2026-07-29 11:44:05.996 +02:00[INF] - HTTP GET /api/AppUser responded 200 in 33.9000 ms {"UserId":"1","RemoteIP":"::1","SourceContext":"Serilog.AspNetCore.RequestLoggingMiddleware","RequestId":"0HNND8P5TTJL7:00000002","ConnectionId":"0HNND8P5TTJL7","Application":"PetHealth.API","AppEnv":"Development"}
2026-07-29 11:44:05.997 +02:00[INF] - HTTP GET /api/AppUserRole responded 200 in 35.1890 ms {"UserId":"1","RemoteIP":"::1","SourceContext":"Serilog.AspNetCore.RequestLoggingMiddleware","RequestId":"0HNND8P5TTJL8:00000002","ConnectionId":"0HNND8P5TTJL8","Application":"PetHealth.API","AppEnv":"Development"}
2026-07-29 11:44:05.999 +02:00[INF] - HTTP GET /api/Prescription responded 200 in 37.0358 ms {"UserId":"1","RemoteIP":"::1","SourceContext":"Serilog.AspNetCore.RequestLoggingMiddleware","RequestId":"0HNND8P5TTJLA:00000002","ConnectionId":"0HNND8P5TTJLA","Application":"PetHealth.API","AppEnv":"Development"}
2026-07-29 11:44:06.011 +02:00[INF] - HTTP GET /api/Treatment responded 200 in 49.1608 ms {"UserId":"1","RemoteIP":"::1","SourceContext":"Serilog.AspNetCore.RequestLoggingMiddleware","RequestId":"0HNND8P5TTJL9:00000002","ConnectionId":"0HNND8P5TTJL9","Application":"PetHealth.API","AppEnv":"Development"}
2026-07-29 11:44:06.520 +02:00[INF] - HTTP GET /api/Pet/my-pets responded 404 in 3.4465 ms {"UserId":"1","RemoteIP":"::1","SourceContext":"Serilog.AspNetCore.RequestLoggingMiddleware","RequestId":"0HNND8P5TTJL9:00000004","ConnectionId":"0HNND8P5TTJL9","Application":"PetHealth.API","AppEnv":"Development"}
2026-07-29 11:44:07.829 +02:00[INF] - HTTP GET /api/Pet responded 200 in 2.1770 ms {"UserId":"1","RemoteIP":"::1","SourceContext":"Serilog.AspNetCore.RequestLoggingMiddleware","RequestId":"0HNND8P5TTJLA:00000003","ConnectionId":"0HNND8P5TTJLA","Application":"PetHealth.API","AppEnv":"Development"}
2026-07-29 11:44:07.831 +02:00[INF] - HTTP GET /api/Appointment responded 200 in 4.0872 ms {"UserId":"1","RemoteIP":"::1","SourceContext":"Serilog.AspNetCore.RequestLoggingMiddleware","RequestId":"0HNND8P5TTJL9:00000005","ConnectionId":"0HNND8P5TTJL9","Application":"PetHealth.API","AppEnv":"Development"}
2026-07-29 11:44:07.831 +02:00[INF] - HTTP GET /api/Prescription responded 200 in 3.8060 ms {"UserId":"1","RemoteIP":"::1","SourceContext":"Serilog.AspNetCore.RequestLoggingMiddleware","RequestId":"0HNND8P5TTJL7:00000003","ConnectionId":"0HNND8P5TTJL7","Application":"PetHealth.API","AppEnv":"Development"}
2026-07-29 11:44:07.846 +02:00[INF] - HTTP GET /api/AppUser responded 200 in 18.6803 ms {"UserId":"1","RemoteIP":"::1","SourceContext":"Serilog.AspNetCore.RequestLoggingMiddleware","RequestId":"0HNND8P5TTJL8:00000003","ConnectionId":"0HNND8P5TTJL8","Application":"PetHealth.API","AppEnv":"Development"}
2026-07-29 11:44:09.575 +02:00[INF] - HTTP GET /api/Pet/my-pets responded 404 in 2.3181 ms {"UserId":"1","RemoteIP":"::1","SourceContext":"Serilog.AspNetCore.RequestLoggingMiddleware","RequestId":"0HNND8P5TTJL8:00000004","ConnectionId":"0HNND8P5TTJL8","Application":"PetHealth.API","AppEnv":"Development"}
2026-07-29 11:44:10.665 +02:00[INF] - HTTP GET /api/Medicine responded 200 in 1.9033 ms {"UserId":"1","RemoteIP":"::1","SourceContext":"Serilog.AspNetCore.RequestLoggingMiddleware","RequestId":"0HNND8P5TTJL7:00000005","ConnectionId":"0HNND8P5TTJL7","Application":"PetHealth.API","AppEnv":"Development"}
2026-07-29 11:44:10.665 +02:00[INF] - HTTP GET /api/Prescription responded 200 in 2.2941 ms {"UserId":"1","RemoteIP":"::1","SourceContext":"Serilog.AspNetCore.RequestLoggingMiddleware","RequestId":"0HNND8P5TTJL8:00000005","ConnectionId":"0HNND8P5TTJL8","Application":"PetHealth.API","AppEnv":"Development"}
2026-07-29 11:44:11.795 +02:00[INF] - HTTP GET /api/Pet responded 200 in 2.8228 ms {"UserId":"1","RemoteIP":"::1","SourceContext":"Serilog.AspNetCore.RequestLoggingMiddleware","RequestId":"0HNND8P5TTJL7:00000007","ConnectionId":"0HNND8P5TTJL7","Application":"PetHealth.API","AppEnv":"Development"}
2026-07-29 11:44:11.795 +02:00[INF] - HTTP GET /api/AppUser responded 200 in 2.8435 ms {"UserId":"1","RemoteIP":"::1","SourceContext":"Serilog.AspNetCore.RequestLoggingMiddleware","RequestId":"0HNND8P5TTJL8:00000007","ConnectionId":"0HNND8P5TTJL8","Application":"PetHealth.API","AppEnv":"Development"}
2026-07-29 11:44:12.837 +02:00[INF] - HTTP GET /api/AppUserRole responded 200 in 2.1221 ms {"UserId":"1","RemoteIP":"::1","SourceContext":"Serilog.AspNetCore.RequestLoggingMiddleware","RequestId":"0HNND8P5TTJL8:00000009","ConnectionId":"0HNND8P5TTJL8","Application":"PetHealth.API","AppEnv":"Development"}
2026-07-29 11:44:12.837 +02:00[INF] - HTTP GET /api/AppUser responded 200 in 2.5490 ms {"UserId":"1","RemoteIP":"::1","SourceContext":"Serilog.AspNetCore.RequestLoggingMiddleware","RequestId":"0HNND8P5TTJL7:00000008","ConnectionId":"0HNND8P5TTJL7","Application":"PetHealth.API","AppEnv":"Development"}
2026-07-29 11:44:22.855 +02:00[INF] - HTTP GET /api/AppUser/me responded 200 in 3.0919 ms {"UserId":"1","RemoteIP":"::1","SourceContext":"Serilog.AspNetCore.RequestLoggingMiddleware","RequestId":"0HNND8P5TTJL7:0000000A","ConnectionId":"0HNND8P5TTJL7","Application":"PetHealth.API","AppEnv":"Development"}
2026-07-29 11:44:25.185 +02:00[INF] - HTTP GET /api/AppUserRole responded 200 in 3.2128 ms {"UserId":"1","RemoteIP":"::1","SourceContext":"Serilog.AspNetCore.RequestLoggingMiddleware","RequestId":"0HNND8P5TTJL9:00000007","ConnectionId":"0HNND8P5TTJL9","Application":"PetHealth.API","AppEnv":"Development"}
2026-07-29 11:44:25.185 +02:00[INF] - HTTP GET /api/AppUser responded 200 in 4.2853 ms {"UserId":"1","RemoteIP":"::1","SourceContext":"Serilog.AspNetCore.RequestLoggingMiddleware","RequestId":"0HNND8P5TTJL7:0000000C","ConnectionId":"0HNND8P5TTJL7","Application":"PetHealth.API","AppEnv":"Development"}
2026-07-29 11:44:25.185 +02:00[INF] - HTTP GET /api/Pet responded 200 in 2.9048 ms {"UserId":"1","RemoteIP":"::1","SourceContext":"Serilog.AspNetCore.RequestLoggingMiddleware","RequestId":"0HNND8P5TTJL8:0000000B","ConnectionId":"0HNND8P5TTJL8","Application":"PetHealth.API","AppEnv":"Development"}
2026-07-29 11:44:25.190 +02:00[INF] - HTTP GET /api/Appointment responded 200 in 7.0296 ms {"UserId":"1","RemoteIP":"::1","SourceContext":"Serilog.AspNetCore.RequestLoggingMiddleware","RequestId":"0HNND8P5TTJL5:00000004","ConnectionId":"0HNND8P5TTJL5","Application":"PetHealth.API","AppEnv":"Development"}
2026-07-29 11:44:25.193 +02:00[INF] - HTTP GET /api/Treatment responded 200 in 6.9006 ms {"UserId":"1","RemoteIP":"::1","SourceContext":"Serilog.AspNetCore.RequestLoggingMiddleware","RequestId":"0HNND8P5TTJL6:00000004","ConnectionId":"0HNND8P5TTJL6","Application":"PetHealth.API","AppEnv":"Development"}
2026-07-29 11:44:25.210 +02:00[INF] - HTTP GET /api/Prescription responded 200 in 27.3897 ms {"UserId":"1","RemoteIP":"::1","SourceContext":"Serilog.AspNetCore.RequestLoggingMiddleware","RequestId":"0HNND8P5TTJLA:00000005","ConnectionId":"0HNND8P5TTJLA","Application":"PetHealth.API","AppEnv":"Development"}
2026-07-29 11:44:27.170 +02:00[INF] - HTTP GET /api/AppUser/me responded 200 in 2.5738 ms {"UserId":"1","RemoteIP":"::1","SourceContext":"Serilog.AspNetCore.RequestLoggingMiddleware","RequestId":"0HNND8P5TTJLA:00000006","ConnectionId":"0HNND8P5TTJLA","Application":"PetHealth.API","AppEnv":"Development"}
2026-07-29 11:44:30.322 +02:00[INF] - HTTP GET /api/AppUser/me responded 200 in 3.9893 ms {"UserId":"1","RemoteIP":"::1","SourceContext":"Serilog.AspNetCore.RequestLoggingMiddleware","RequestId":"0HNND8P5TTJLA:00000008","ConnectionId":"0HNND8P5TTJLA","Application":"PetHealth.API","AppEnv":"Development"}
2026-07-29 11:44:32.997 +02:00[INF] - HTTP GET /api/AppUser/me responded 200 in 2.6277 ms {"UserId":"1","RemoteIP":"::1","SourceContext":"Serilog.AspNetCore.RequestLoggingMiddleware","RequestId":"0HNND8P5TTJLA:00000009","ConnectionId":"0HNND8P5TTJLA","Application":"PetHealth.API","AppEnv":"Development"}
2026-07-29 11:44:34.092 +02:00[INF] - HTTP GET /api/AppUserRole responded 200 in 4.1925 ms {"UserId":"1","RemoteIP":"::1","SourceContext":"Serilog.AspNetCore.RequestLoggingMiddleware","RequestId":"0HNND8P5TTJLA:0000000B","ConnectionId":"0HNND8P5TTJLA","Application":"PetHealth.API","AppEnv":"Development"}
2026-07-29 11:44:34.092 +02:00[INF] - HTTP GET /api/Pet responded 200 in 3.5005 ms {"UserId":"1","RemoteIP":"::1","SourceContext":"Serilog.AspNetCore.RequestLoggingMiddleware","RequestId":"0HNND8P5TTJL7:0000000E","ConnectionId":"0HNND8P5TTJL7","Application":"PetHealth.API","AppEnv":"Development"}
2026-07-29 11:44:34.092 +02:00[INF] - HTTP GET /api/AppUser responded 200 in 4.2068 ms {"UserId":"1","RemoteIP":"::1","SourceContext":"Serilog.AspNetCore.RequestLoggingMiddleware","RequestId":"0HNND8P5TTJL6:00000006","ConnectionId":"0HNND8P5TTJL6","Application":"PetHealth.API","AppEnv":"Development"}
2026-07-29 11:44:34.092 +02:00[INF] - HTTP GET /api/Appointment responded 200 in 3.6280 ms {"UserId":"1","RemoteIP":"::1","SourceContext":"Serilog.AspNetCore.RequestLoggingMiddleware","RequestId":"0HNND8P5TTJL5:00000006","ConnectionId":"0HNND8P5TTJL5","Application":"PetHealth.API","AppEnv":"Development"}
2026-07-29 11:44:34.100 +02:00[INF] - HTTP GET /api/Treatment responded 200 in 6.3662 ms {"UserId":"1","RemoteIP":"::1","SourceContext":"Serilog.AspNetCore.RequestLoggingMiddleware","RequestId":"0HNND8P5TTJL9:00000009","ConnectionId":"0HNND8P5TTJL9","Application":"PetHealth.API","AppEnv":"Development"}
2026-07-29 11:44:34.113 +02:00[INF] - HTTP GET /api/Prescription responded 200 in 23.9795 ms {"UserId":"1","RemoteIP":"::1","SourceContext":"Serilog.AspNetCore.RequestLoggingMiddleware","RequestId":"0HNND8P5TTJL8:0000000D","ConnectionId":"0HNND8P5TTJL8","Application":"PetHealth.API","AppEnv":"Development"}
2026-07-29 11:44:37.836 +02:00[INF] - HTTP GET /api/Pet/my-pets responded 404 in 2.6583 ms {"UserId":"1","RemoteIP":"::1","SourceContext":"Serilog.AspNetCore.RequestLoggingMiddleware","RequestId":"0HNND8P5TTJL8:0000000F","ConnectionId":"0HNND8P5TTJL8","Application":"PetHealth.API","AppEnv":"Development"}
2026-07-29 11:44:38.814 +02:00[INF] - HTTP GET /api/Prescription responded 200 in 3.0573 ms {"UserId":"1","RemoteIP":"::1","SourceContext":"Serilog.AspNetCore.RequestLoggingMiddleware","RequestId":"0HNND8P5TTJL5:00000007","ConnectionId":"0HNND8P5TTJL5","Application":"PetHealth.API","AppEnv":"Development"}
2026-07-29 11:44:38.814 +02:00[INF] - HTTP GET /api/AppUser responded 200 in 3.1094 ms {"UserId":"1","RemoteIP":"::1","SourceContext":"Serilog.AspNetCore.RequestLoggingMiddleware","RequestId":"0HNND8P5TTJL7:0000000F","ConnectionId":"0HNND8P5TTJL7","Application":"PetHealth.API","AppEnv":"Development"}
2026-07-29 11:44:38.814 +02:00[INF] - HTTP GET /api/Pet responded 200 in 3.2543 ms {"UserId":"1","RemoteIP":"::1","SourceContext":"Serilog.AspNetCore.RequestLoggingMiddleware","RequestId":"0HNND8P5TTJL9:0000000A","ConnectionId":"0HNND8P5TTJL9","Application":"PetHealth.API","AppEnv":"Development"}
2026-07-29 11:44:38.815 +02:00[INF] - HTTP GET /api/Appointment responded 200 in 4.5879 ms {"UserId":"1","RemoteIP":"::1","SourceContext":"Serilog.AspNetCore.RequestLoggingMiddleware","RequestId":"0HNND8P5TTJL8:00000010","ConnectionId":"0HNND8P5TTJL8","Application":"PetHealth.API","AppEnv":"Development"}
2026-07-29 11:45:06.783 +02:00[INF] - HTTP GET /api/Vaccination/40 responded 200 in 4.4950 ms {"UserId":"1","RemoteIP":"::1","SourceContext":"Serilog.AspNetCore.RequestLoggingMiddleware","RequestId":"0HNND8P5TTJL8:00000012","ConnectionId":"0HNND8P5TTJL8","Application":"PetHealth.API","AppEnv":"Development"}
2026-07-29 11:45:21.395 +02:00[INF] - HTTP GET /api/Pet/my-pets responded 404 in 4.6753 ms {"UserId":"1","RemoteIP":"::1","SourceContext":"Serilog.AspNetCore.RequestLoggingMiddleware","RequestId":"0HNND8P5TTJL8:00000014","ConnectionId":"0HNND8P5TTJL8","Application":"PetHealth.API","AppEnv":"Development"}
2026-07-29 11:45:22.066 +02:00[INF] - HTTP GET /api/AppUserRole responded 200 in 3.8491 ms {"UserId":"1","RemoteIP":"::1","SourceContext":"Serilog.AspNetCore.RequestLoggingMiddleware","RequestId":"0HNND8P5TTJL7:00000011","ConnectionId":"0HNND8P5TTJL7","Application":"PetHealth.API","AppEnv":"Development"}
2026-07-29 11:45:22.066 +02:00[INF] - HTTP GET /api/AppUser responded 200 in 2.6278 ms {"UserId":"1","RemoteIP":"::1","SourceContext":"Serilog.AspNetCore.RequestLoggingMiddleware","RequestId":"0HNND8P5TTJL6:00000008","ConnectionId":"0HNND8P5TTJL6","Application":"PetHealth.API","AppEnv":"Development"}
2026-07-29 11:45:22.066 +02:00[INF] - HTTP GET /api/Pet responded 200 in 2.2231 ms {"UserId":"1","RemoteIP":"::1","SourceContext":"Serilog.AspNetCore.RequestLoggingMiddleware","RequestId":"0HNND8P5TTJL5:00000009","ConnectionId":"0HNND8P5TTJL5","Application":"PetHealth.API","AppEnv":"Development"}
2026-07-29 11:45:22.067 +02:00[INF] - HTTP GET /api/Appointment responded 200 in 3.7077 ms {"UserId":"1","RemoteIP":"::1","SourceContext":"Serilog.AspNetCore.RequestLoggingMiddleware","RequestId":"0HNND8P5TTJL9:0000000C","ConnectionId":"0HNND8P5TTJL9","Application":"PetHealth.API","AppEnv":"Development"}
2026-07-29 11:45:22.069 +02:00[INF] - HTTP GET /api/Prescription responded 200 in 4.4539 ms {"UserId":"1","RemoteIP":"::1","SourceContext":"Serilog.AspNetCore.RequestLoggingMiddleware","RequestId":"0HNND8P5TTJL8:00000016","ConnectionId":"0HNND8P5TTJL8","Application":"PetHealth.API","AppEnv":"Development"}
2026-07-29 11:45:22.093 +02:00[INF] - HTTP GET /api/Treatment responded 200 in 27.3483 ms {"UserId":"1","RemoteIP":"::1","SourceContext":"Serilog.AspNetCore.RequestLoggingMiddleware","RequestId":"0HNND8P5TTJLA:0000000D","ConnectionId":"0HNND8P5TTJLA","Application":"PetHealth.API","AppEnv":"Development"}
2026-07-29 11:45:23.454 +02:00[INF] - HTTP GET /api/Pet/my-pets responded 404 in 2.8260 ms {"UserId":"1","RemoteIP":"::1","SourceContext":"Serilog.AspNetCore.RequestLoggingMiddleware","RequestId":"0HNND8P5TTJLA:0000000E","ConnectionId":"0HNND8P5TTJLA","Application":"PetHealth.API","AppEnv":"Development"}
2026-07-29 11:45:24.137 +02:00[INF] - HTTP GET /api/Prescription responded 200 in 3.0464 ms {"UserId":"1","RemoteIP":"::1","SourceContext":"Serilog.AspNetCore.RequestLoggingMiddleware","RequestId":"0HNND8P5TTJL6:00000009","ConnectionId":"0HNND8P5TTJL6","Application":"PetHealth.API","AppEnv":"Development"}
2026-07-29 11:45:24.137 +02:00[INF] - HTTP GET /api/Pet responded 200 in 3.3741 ms {"UserId":"1","RemoteIP":"::1","SourceContext":"Serilog.AspNetCore.RequestLoggingMiddleware","RequestId":"0HNND8P5TTJL8:00000017","ConnectionId":"0HNND8P5TTJL8","Application":"PetHealth.API","AppEnv":"Development"}
2026-07-29 11:45:24.138 +02:00[INF] - HTTP GET /api/AppUser responded 200 in 3.6318 ms {"UserId":"1","RemoteIP":"::1","SourceContext":"Serilog.AspNetCore.RequestLoggingMiddleware","RequestId":"0HNND8P5TTJL9:0000000D","ConnectionId":"0HNND8P5TTJL9","Application":"PetHealth.API","AppEnv":"Development"}
2026-07-29 11:45:24.139 +02:00[INF] - HTTP GET /api/Appointment responded 200 in 4.5916 ms {"UserId":"1","RemoteIP":"::1","SourceContext":"Serilog.AspNetCore.RequestLoggingMiddleware","RequestId":"0HNND8P5TTJLA:0000000F","ConnectionId":"0HNND8P5TTJLA","Application":"PetHealth.API","AppEnv":"Development"}
2026-07-29 11:55:39.267 +02:00[INF] - HTTP GET /api/Appointment responded 200 in 30.9358 ms {"UserId":"1","RemoteIP":"::1","SourceContext":"Serilog.AspNetCore.RequestLoggingMiddleware","RequestId":"0HNND8P5TTJLK:00000002","ConnectionId":"0HNND8P5TTJLK","Application":"PetHealth.API","AppEnv":"Development"}
2026-07-29 11:55:39.269 +02:00[INF] - HTTP GET /api/Pet responded 200 in 33.4035 ms {"UserId":"1","RemoteIP":"::1","SourceContext":"Serilog.AspNetCore.RequestLoggingMiddleware","RequestId":"0HNND8P5TTJLI:00000002","ConnectionId":"0HNND8P5TTJLI","Application":"PetHealth.API","AppEnv":"Development"}
2026-07-29 11:55:39.270 +02:00[INF] - HTTP GET /api/AppUser responded 200 in 34.8865 ms {"UserId":"1","RemoteIP":"::1","SourceContext":"Serilog.AspNetCore.RequestLoggingMiddleware","RequestId":"0HNND8P5TTJLJ:00000002","ConnectionId":"0HNND8P5TTJLJ","Application":"PetHealth.API","AppEnv":"Development"}
2026-07-29 11:55:39.280 +02:00[INF] - HTTP GET /api/Prescription responded 200 in 44.5742 ms {"UserId":"1","RemoteIP":"::1","SourceContext":"Serilog.AspNetCore.RequestLoggingMiddleware","RequestId":"0HNND8P5TTJLH:00000002","ConnectionId":"0HNND8P5TTJLH","Application":"PetHealth.API","AppEnv":"Development"}
2026-07-29 12:20:57.513 +02:00[INF] - HTTP GET /api/Appointment responded 200 in 37.0255 ms {"UserId":"1","RemoteIP":"::1","SourceContext":"Serilog.AspNetCore.RequestLoggingMiddleware","RequestId":"0HNND8P5TTJLR:00000002","ConnectionId":"0HNND8P5TTJLR","Application":"PetHealth.API","AppEnv":"Development"}
2026-07-29 12:20:57.516 +02:00[INF] - HTTP GET /api/Pet responded 200 in 39.9776 ms {"UserId":"1","RemoteIP":"::1","SourceContext":"Serilog.AspNetCore.RequestLoggingMiddleware","RequestId":"0HNND8P5TTJLU:00000002","ConnectionId":"0HNND8P5TTJLU","Application":"PetHealth.API","AppEnv":"Development"}
2026-07-29 12:20:57.518 +02:00[INF] - HTTP GET /api/AppUser responded 200 in 42.2453 ms {"UserId":"1","RemoteIP":"::1","SourceContext":"Serilog.AspNetCore.RequestLoggingMiddleware","RequestId":"0HNND8P5TTJLT:00000002","ConnectionId":"0HNND8P5TTJLT","Application":"PetHealth.API","AppEnv":"Development"}
2026-07-29 12:20:57.520 +02:00[INF] - HTTP GET /api/Prescription responded 200 in 43.9783 ms {"UserId":"1","RemoteIP":"::1","SourceContext":"Serilog.AspNetCore.RequestLoggingMiddleware","RequestId":"0HNND8P5TTJLS:00000002","ConnectionId":"0HNND8P5TTJLS","Application":"PetHealth.API","AppEnv":"Development"}
2026-07-29 12:53:25.343 +02:00[INF] - HTTP GET /api/Pet responded 200 in 4.7953 ms {"UserId":"1","RemoteIP":"::1","SourceContext":"Serilog.AspNetCore.RequestLoggingMiddleware","RequestId":"0HNND8P5TTJM1:00000002","ConnectionId":"0HNND8P5TTJM1","Application":"PetHealth.API","AppEnv":"Development"}
2026-07-29 12:53:25.345 +02:00[INF] - HTTP GET /api/Appointment responded 200 in 6.1692 ms {"UserId":"1","RemoteIP":"::1","SourceContext":"Serilog.AspNetCore.RequestLoggingMiddleware","RequestId":"0HNND8P5TTJM2:00000002","ConnectionId":"0HNND8P5TTJM2","Application":"PetHealth.API","AppEnv":"Development"}
2026-07-29 12:53:25.346 +02:00[INF] - HTTP GET /api/Prescription responded 200 in 2.9746 ms {"UserId":"1","RemoteIP":"::1","SourceContext":"Serilog.AspNetCore.RequestLoggingMiddleware","RequestId":"0HNND8P5TTJLV:00000002","ConnectionId":"0HNND8P5TTJLV","Application":"PetHealth.API","AppEnv":"Development"}
2026-07-29 12:53:25.359 +02:00[INF] - HTTP GET /api/AppUser responded 200 in 19.6365 ms {"UserId":"1","RemoteIP":"::1","SourceContext":"Serilog.AspNetCore.RequestLoggingMiddleware","RequestId":"0HNND8P5TTJM0:00000002","ConnectionId":"0HNND8P5TTJM0","Application":"PetHealth.API","AppEnv":"Development"}
2026-07-29 13:18:35.110 +02:00[INF] - HTTP GET /api/AppUser responded 200 in 32.2469 ms {"UserId":"1","RemoteIP":"::1","SourceContext":"Serilog.AspNetCore.RequestLoggingMiddleware","RequestId":"0HNND8P5TTJM3:00000002","ConnectionId":"0HNND8P5TTJM3","Application":"PetHealth.API","AppEnv":"Development"}
2026-07-29 13:18:35.112 +02:00[INF] - HTTP GET /api/Pet responded 200 in 34.3833 ms {"UserId":"1","RemoteIP":"::1","SourceContext":"Serilog.AspNetCore.RequestLoggingMiddleware","RequestId":"0HNND8P5TTJM6:00000002","ConnectionId":"0HNND8P5TTJM6","Application":"PetHealth.API","AppEnv":"Development"}
2026-07-29 13:18:35.113 +02:00[INF] - HTTP GET /api/Prescription responded 200 in 36.1288 ms {"UserId":"1","RemoteIP":"::1","SourceContext":"Serilog.AspNetCore.RequestLoggingMiddleware","RequestId":"0HNND8P5TTJM4:00000002","ConnectionId":"0HNND8P5TTJM4","Application":"PetHealth.API","AppEnv":"Development"}
2026-07-29 13:18:35.117 +02:00[INF] - HTTP GET /api/Appointment responded 200 in 40.0144 ms {"UserId":"1","RemoteIP":"::1","SourceContext":"Serilog.AspNetCore.RequestLoggingMiddleware","RequestId":"0HNND8P5TTJM5:00000002","ConnectionId":"0HNND8P5TTJM5","Application":"PetHealth.API","AppEnv":"Development"}
2026-07-29 15:27:13.051 +02:00[INF] - HTTP GET /api/Pet responded 200 in 45.3937 ms {"UserId":"1","RemoteIP":"::1","SourceContext":"Serilog.AspNetCore.RequestLoggingMiddleware","RequestId":"0HNND8P5TTJM9:00000002","ConnectionId":"0HNND8P5TTJM9","Application":"PetHealth.API","AppEnv":"Development"}
2026-07-29 15:27:13.055 +02:00[INF] - HTTP GET /api/Prescription responded 200 in 48.8712 ms {"UserId":"1","RemoteIP":"::1","SourceContext":"Serilog.AspNetCore.RequestLoggingMiddleware","RequestId":"0HNND8P5TTJM7:00000002","ConnectionId":"0HNND8P5TTJM7","Application":"PetHealth.API","AppEnv":"Development"}
2026-07-29 15:27:13.056 +02:00[INF] - HTTP GET /api/AppUser responded 200 in 50.4587 ms {"UserId":"1","RemoteIP":"::1","SourceContext":"Serilog.AspNetCore.RequestLoggingMiddleware","RequestId":"0HNND8P5TTJM8:00000002","ConnectionId":"0HNND8P5TTJM8","Application":"PetHealth.API","AppEnv":"Development"}
2026-07-29 15:27:13.069 +02:00[INF] - HTTP GET /api/Appointment responded 200 in 63.5028 ms {"UserId":"1","RemoteIP":"::1","SourceContext":"Serilog.AspNetCore.RequestLoggingMiddleware","RequestId":"0HNND8P5TTJMA:00000002","ConnectionId":"0HNND8P5TTJMA","Application":"PetHealth.API","AppEnv":"Development"}
2026-07-29 15:41:43.055 +02:00[INF] - HTTP GET /api/Pet responded 200 in 31.0065 ms {"UserId":"1","RemoteIP":"::1","SourceContext":"Serilog.AspNetCore.RequestLoggingMiddleware","RequestId":"0HNND8P5TTJMC:00000002","ConnectionId":"0HNND8P5TTJMC","Application":"PetHealth.API","AppEnv":"Development"}
2026-07-29 15:41:43.058 +02:00[INF] - HTTP GET /api/Appointment responded 200 in 35.2431 ms {"UserId":"1","RemoteIP":"::1","SourceContext":"Serilog.AspNetCore.RequestLoggingMiddleware","RequestId":"0HNND8P5TTJMB:00000002","ConnectionId":"0HNND8P5TTJMB","Application":"PetHealth.API","AppEnv":"Development"}
2026-07-29 15:41:43.060 +02:00[INF] - HTTP GET /api/Prescription responded 200 in 36.6240 ms {"UserId":"1","RemoteIP":"::1","SourceContext":"Serilog.AspNetCore.RequestLoggingMiddleware","RequestId":"0HNND8P5TTJMD:00000002","ConnectionId":"0HNND8P5TTJMD","Application":"PetHealth.API","AppEnv":"Development"}
2026-07-29 15:41:43.065 +02:00[INF] - HTTP GET /api/AppUser responded 200 in 41.5750 ms {"UserId":"1","RemoteIP":"::1","SourceContext":"Serilog.AspNetCore.RequestLoggingMiddleware","RequestId":"0HNND8P5TTJME:00000002","ConnectionId":"0HNND8P5TTJME","Application":"PetHealth.API","AppEnv":"Development"}
2026-07-29 16:19:50.443 +02:00[INF] - HTTP GET /api/Pet responded 200 in 35.9901 ms {"UserId":"1","RemoteIP":"::1","SourceContext":"Serilog.AspNetCore.RequestLoggingMiddleware","RequestId":"0HNND8P5TTJMI:00000002","ConnectionId":"0HNND8P5TTJMI","Application":"PetHealth.API","AppEnv":"Development"}
2026-07-29 16:19:50.445 +02:00[INF] - HTTP GET /api/AppUser responded 200 in 38.2463 ms {"UserId":"1","RemoteIP":"::1","SourceContext":"Serilog.AspNetCore.RequestLoggingMiddleware","RequestId":"0HNND8P5TTJMF:00000002","ConnectionId":"0HNND8P5TTJMF","Application":"PetHealth.API","AppEnv":"Development"}
2026-07-29 16:19:50.447 +02:00[INF] - HTTP GET /api/Prescription responded 200 in 40.2689 ms {"UserId":"1","RemoteIP":"::1","SourceContext":"Serilog.AspNetCore.RequestLoggingMiddleware","RequestId":"0HNND8P5TTJMG:00000002","ConnectionId":"0HNND8P5TTJMG","Application":"PetHealth.API","AppEnv":"Development"}
2026-07-29 16:19:50.477 +02:00[INF] - HTTP GET /api/Appointment responded 200 in 69.8165 ms {"UserId":"1","RemoteIP":"::1","SourceContext":"Serilog.AspNetCore.RequestLoggingMiddleware","RequestId":"0HNND8P5TTJMH:00000002","ConnectionId":"0HNND8P5TTJMH","Application":"PetHealth.API","AppEnv":"Development"}
