2026-07-24 11:39:27.489 +02:00[FTL] - Unhandled exception occurred {"SourceContext":"API_PetHealth.Middlewares.GlobalExceptionHandler","RequestId":"0HNN8VC55L1D3:00000002","RequestPath":"/api/WeightRecord/1","ConnectionId":"0HNN8VC55L1D3","Application":"PetHealth.API","AppEnv":"Development"}
System.Data.DataException: Error parsing column 2 (MeasurementDate=18/05/2026 09:13:04 +02:00 - DateTimeOffset)
 ---> System.InvalidCastException: Unable to cast object of type 'System.DateTimeOffset' to type 'System.IConvertible'.
   at System.Convert.ToDateTime(Object value)
   at PetHealth.Infrastructure.TypeHandlers.DateOnlyTypeHandler.Parse(Object value) in /Users/jordanmal/Documents/Projet Développement /PetHealthApplication/API/API_PetHealth/PetHealth.Infrastructure/TypeHandlers/DateOnlyTypeHandler.cs:line 16
   at Dapper.SqlMapper.TypeHandler`1.Dapper.SqlMapper.ITypeHandler.Parse(Type destinationType, Object value) in /_/Dapper/SqlMapper.TypeHandler.cs:line 42
   at Dapper.SqlMapper.TypeHandlerCache`1.Parse(Object value) in /_/Dapper/SqlMapper.TypeHandlerCache.cs:line 23
   at Deserializec8497d4b-d6f2-4cc9-b323-1d65f5a5548b(DbDataReader)
   --- End of inner exception stack trace ---
   at Dapper.SqlMapper.ThrowDataException(Exception ex, Int32 index, IDataReader reader, Object value) in /_/Dapper/SqlMapper.cs:line 4001
   at Deserializec8497d4b-d6f2-4cc9-b323-1d65f5a5548b(DbDataReader)
   at Dapper.SqlMapper.QueryAsync[T](IDbConnection cnn, Type effectiveType, CommandDefinition command) in /_/Dapper/SqlMapper.Async.cs:line 454
   at PetHealth.Infrastructure.Services.WeightRecordService.Execute(GetWeightRecordByPetIdQueryAsync query) in /Users/jordanmal/Documents/Projet Développement /PetHealthApplication/API/API_PetHealth/PetHealth.Infrastructure/Services/WeightRecordService.cs:line 30
   at API_PetHealth.Controllers.WeightRecordController.GetWeightRecordByPetId(Int32 petId) in /Users/jordanmal/Documents/Projet Développement /PetHealthApplication/API/API_PetHealth/PetHealth.API/Controllers/WeightRecordController.cs:line 29
   at lambda_method38(Closure, Object)
   at Microsoft.AspNetCore.Mvc.Infrastructure.ActionMethodExecutor.AwaitableObjectResultExecutor.Execute(ActionContext actionContext, IActionResultTypeMapper mapper, ObjectMethodExecutor executor, Object controller, Object[] arguments)
   at Microsoft.AspNetCore.Mvc.Infrastructure.ControllerActionInvoker.<InvokeActionMethodAsync>g__Logged|12_1(ControllerActionInvoker invoker)
   at Microsoft.AspNetCore.Mvc.Infrastructure.ControllerActionInvoker.<InvokeNextActionFilterAsync>g__Awaited|10_0(ControllerActionInvoker invoker, Task lastTask, State next, Scope scope, Object state, Boolean isCompleted)
   at Microsoft.AspNetCore.Mvc.Infrastructure.ControllerActionInvoker.Rethrow(ActionExecutedContextSealed context)
   at Microsoft.AspNetCore.Mvc.Infrastructure.ControllerActionInvoker.Next(State& next, Scope& scope, Object& state, Boolean& isCompleted)
   at Microsoft.AspNetCore.Mvc.Infrastructure.ControllerActionInvoker.<InvokeInnerFilterAsync>g__Awaited|13_0(ControllerActionInvoker invoker, Task lastTask, State next, Scope scope, Object state, Boolean isCompleted)
   at Microsoft.AspNetCore.Mvc.Infrastructure.ResourceInvoker.<InvokeFilterPipelineAsync>g__Awaited|20_0(ResourceInvoker invoker, Task lastTask, State next, Scope scope, Object state, Boolean isCompleted)
   at Microsoft.AspNetCore.Mvc.Infrastructure.ResourceInvoker.<InvokeAsync>g__Logged|17_1(ResourceInvoker invoker)
   at Microsoft.AspNetCore.Mvc.Infrastructure.ResourceInvoker.<InvokeAsync>g__Logged|17_1(ResourceInvoker invoker)
   at Microsoft.AspNetCore.Authorization.AuthorizationMiddleware.Invoke(HttpContext context)
   at Microsoft.AspNetCore.Authentication.AuthenticationMiddleware.Invoke(HttpContext context)
   at Microsoft.AspNetCore.Diagnostics.ExceptionHandlerMiddlewareImpl.<Invoke>g__Awaited|10_0(ExceptionHandlerMiddlewareImpl middleware, HttpContext context, Task task)
2026-07-24 11:40:22.127 +02:00[FTL] - Unhandled exception occurred {"SourceContext":"API_PetHealth.Middlewares.GlobalExceptionHandler","RequestId":"0HNN8VC55L1D0:00000017","RequestPath":"/api/WeightRecord/1","ConnectionId":"0HNN8VC55L1D0","Application":"PetHealth.API","AppEnv":"Development"}
System.Data.DataException: Error parsing column 2 (MeasurementDate=18/05/2026 09:13:04 +02:00 - DateTimeOffset)
 ---> System.InvalidCastException: Unable to cast object of type 'System.DateTimeOffset' to type 'System.IConvertible'.
   at System.Convert.ToDateTime(Object value)
   at PetHealth.Infrastructure.TypeHandlers.DateOnlyTypeHandler.Parse(Object value) in /Users/jordanmal/Documents/Projet Développement /PetHealthApplication/API/API_PetHealth/PetHealth.Infrastructure/TypeHandlers/DateOnlyTypeHandler.cs:line 16
   at Dapper.SqlMapper.TypeHandler`1.Dapper.SqlMapper.ITypeHandler.Parse(Type destinationType, Object value) in /_/Dapper/SqlMapper.TypeHandler.cs:line 42
   at Dapper.SqlMapper.TypeHandlerCache`1.Parse(Object value) in /_/Dapper/SqlMapper.TypeHandlerCache.cs:line 23
   at Deserializec8497d4b-d6f2-4cc9-b323-1d65f5a5548b(DbDataReader)
   --- End of inner exception stack trace ---
   at Dapper.SqlMapper.ThrowDataException(Exception ex, Int32 index, IDataReader reader, Object value) in /_/Dapper/SqlMapper.cs:line 4001
   at Deserializec8497d4b-d6f2-4cc9-b323-1d65f5a5548b(DbDataReader)
   at Dapper.SqlMapper.QueryAsync[T](IDbConnection cnn, Type effectiveType, CommandDefinition command) in /_/Dapper/SqlMapper.Async.cs:line 454
   at PetHealth.Infrastructure.Services.WeightRecordService.Execute(GetWeightRecordByPetIdQueryAsync query) in /Users/jordanmal/Documents/Projet Développement /PetHealthApplication/API/API_PetHealth/PetHealth.Infrastructure/Services/WeightRecordService.cs:line 30
   at API_PetHealth.Controllers.WeightRecordController.GetWeightRecordByPetId(Int32 petId) in /Users/jordanmal/Documents/Projet Développement /PetHealthApplication/API/API_PetHealth/PetHealth.API/Controllers/WeightRecordController.cs:line 29
   at lambda_method38(Closure, Object)
   at Microsoft.AspNetCore.Mvc.Infrastructure.ActionMethodExecutor.AwaitableObjectResultExecutor.Execute(ActionContext actionContext, IActionResultTypeMapper mapper, ObjectMethodExecutor executor, Object controller, Object[] arguments)
   at Microsoft.AspNetCore.Mvc.Infrastructure.ControllerActionInvoker.<InvokeActionMethodAsync>g__Logged|12_1(ControllerActionInvoker invoker)
   at Microsoft.AspNetCore.Mvc.Infrastructure.ControllerActionInvoker.<InvokeNextActionFilterAsync>g__Awaited|10_0(ControllerActionInvoker invoker, Task lastTask, State next, Scope scope, Object state, Boolean isCompleted)
   at Microsoft.AspNetCore.Mvc.Infrastructure.ControllerActionInvoker.Rethrow(ActionExecutedContextSealed context)
   at Microsoft.AspNetCore.Mvc.Infrastructure.ControllerActionInvoker.Next(State& next, Scope& scope, Object& state, Boolean& isCompleted)
   at Microsoft.AspNetCore.Mvc.Infrastructure.ControllerActionInvoker.<InvokeInnerFilterAsync>g__Awaited|13_0(ControllerActionInvoker invoker, Task lastTask, State next, Scope scope, Object state, Boolean isCompleted)
   at Microsoft.AspNetCore.Mvc.Infrastructure.ResourceInvoker.<InvokeFilterPipelineAsync>g__Awaited|20_0(ResourceInvoker invoker, Task lastTask, State next, Scope scope, Object state, Boolean isCompleted)
   at Microsoft.AspNetCore.Mvc.Infrastructure.ResourceInvoker.<InvokeAsync>g__Logged|17_1(ResourceInvoker invoker)
   at Microsoft.AspNetCore.Mvc.Infrastructure.ResourceInvoker.<InvokeAsync>g__Logged|17_1(ResourceInvoker invoker)
   at Microsoft.AspNetCore.Authorization.AuthorizationMiddleware.Invoke(HttpContext context)
   at Microsoft.AspNetCore.Authentication.AuthenticationMiddleware.Invoke(HttpContext context)
   at Microsoft.AspNetCore.Diagnostics.ExceptionHandlerMiddlewareImpl.<Invoke>g__Awaited|10_0(ExceptionHandlerMiddlewareImpl middleware, HttpContext context, Task task)
2026-07-24 11:40:55.835 +02:00[FTL] - Unhandled exception occurred {"SourceContext":"API_PetHealth.Middlewares.GlobalExceptionHandler","RequestId":"0HNN8VC55L1D3:0000000B","RequestPath":"/api/WeightRecord/2","ConnectionId":"0HNN8VC55L1D3","Application":"PetHealth.API","AppEnv":"Development"}
System.Data.DataException: Error parsing column 2 (MeasurementDate=18/05/2026 09:13:04 +02:00 - DateTimeOffset)
 ---> System.InvalidCastException: Unable to cast object of type 'System.DateTimeOffset' to type 'System.IConvertible'.
   at System.Convert.ToDateTime(Object value)
   at PetHealth.Infrastructure.TypeHandlers.DateOnlyTypeHandler.Parse(Object value) in /Users/jordanmal/Documents/Projet Développement /PetHealthApplication/API/API_PetHealth/PetHealth.Infrastructure/TypeHandlers/DateOnlyTypeHandler.cs:line 16
   at Dapper.SqlMapper.TypeHandler`1.Dapper.SqlMapper.ITypeHandler.Parse(Type destinationType, Object value) in /_/Dapper/SqlMapper.TypeHandler.cs:line 42
   at Dapper.SqlMapper.TypeHandlerCache`1.Parse(Object value) in /_/Dapper/SqlMapper.TypeHandlerCache.cs:line 23
   at Deserializec8497d4b-d6f2-4cc9-b323-1d65f5a5548b(DbDataReader)
   --- End of inner exception stack trace ---
   at Dapper.SqlMapper.ThrowDataException(Exception ex, Int32 index, IDataReader reader, Object value) in /_/Dapper/SqlMapper.cs:line 4001
   at Deserializec8497d4b-d6f2-4cc9-b323-1d65f5a5548b(DbDataReader)
   at Dapper.SqlMapper.QueryAsync[T](IDbConnection cnn, Type effectiveType, CommandDefinition command) in /_/Dapper/SqlMapper.Async.cs:line 454
   at PetHealth.Infrastructure.Services.WeightRecordService.Execute(GetWeightRecordByPetIdQueryAsync query) in /Users/jordanmal/Documents/Projet Développement /PetHealthApplication/API/API_PetHealth/PetHealth.Infrastructure/Services/WeightRecordService.cs:line 30
   at API_PetHealth.Controllers.WeightRecordController.GetWeightRecordByPetId(Int32 petId) in /Users/jordanmal/Documents/Projet Développement /PetHealthApplication/API/API_PetHealth/PetHealth.API/Controllers/WeightRecordController.cs:line 29
   at lambda_method38(Closure, Object)
   at Microsoft.AspNetCore.Mvc.Infrastructure.ActionMethodExecutor.AwaitableObjectResultExecutor.Execute(ActionContext actionContext, IActionResultTypeMapper mapper, ObjectMethodExecutor executor, Object controller, Object[] arguments)
   at Microsoft.AspNetCore.Mvc.Infrastructure.ControllerActionInvoker.<InvokeActionMethodAsync>g__Logged|12_1(ControllerActionInvoker invoker)
   at Microsoft.AspNetCore.Mvc.Infrastructure.ControllerActionInvoker.<InvokeNextActionFilterAsync>g__Awaited|10_0(ControllerActionInvoker invoker, Task lastTask, State next, Scope scope, Object state, Boolean isCompleted)
   at Microsoft.AspNetCore.Mvc.Infrastructure.ControllerActionInvoker.Rethrow(ActionExecutedContextSealed context)
   at Microsoft.AspNetCore.Mvc.Infrastructure.ControllerActionInvoker.Next(State& next, Scope& scope, Object& state, Boolean& isCompleted)
   at Microsoft.AspNetCore.Mvc.Infrastructure.ControllerActionInvoker.<InvokeInnerFilterAsync>g__Awaited|13_0(ControllerActionInvoker invoker, Task lastTask, State next, Scope scope, Object state, Boolean isCompleted)
   at Microsoft.AspNetCore.Mvc.Infrastructure.ResourceInvoker.<InvokeFilterPipelineAsync>g__Awaited|20_0(ResourceInvoker invoker, Task lastTask, State next, Scope scope, Object state, Boolean isCompleted)
   at Microsoft.AspNetCore.Mvc.Infrastructure.ResourceInvoker.<InvokeAsync>g__Logged|17_1(ResourceInvoker invoker)
   at Microsoft.AspNetCore.Mvc.Infrastructure.ResourceInvoker.<InvokeAsync>g__Logged|17_1(ResourceInvoker invoker)
   at Microsoft.AspNetCore.Authorization.AuthorizationMiddleware.Invoke(HttpContext context)
   at Microsoft.AspNetCore.Authentication.AuthenticationMiddleware.Invoke(HttpContext context)
   at Microsoft.AspNetCore.Diagnostics.ExceptionHandlerMiddlewareImpl.<Invoke>g__Awaited|10_0(ExceptionHandlerMiddlewareImpl middleware, HttpContext context, Task task)
2026-07-24 11:45:07.841 +02:00[FTL] - Unhandled exception occurred {"SourceContext":"API_PetHealth.Middlewares.GlobalExceptionHandler","RequestId":"0HNN8VC55L1D5:00000002","RequestPath":"/api/WeightRecord/1","ConnectionId":"0HNN8VC55L1D5","Application":"PetHealth.API","AppEnv":"Development"}
System.Data.DataException: Error parsing column 2 (MeasurementDate=18/05/2026 09:13:04 +02:00 - DateTimeOffset)
 ---> System.InvalidCastException: Unable to cast object of type 'System.DateTimeOffset' to type 'System.IConvertible'.
   at System.Convert.ToDateTime(Object value)
   at PetHealth.Infrastructure.TypeHandlers.DateOnlyTypeHandler.Parse(Object value) in /Users/jordanmal/Documents/Projet Développement /PetHealthApplication/API/API_PetHealth/PetHealth.Infrastructure/TypeHandlers/DateOnlyTypeHandler.cs:line 16
   at Dapper.SqlMapper.TypeHandler`1.Dapper.SqlMapper.ITypeHandler.Parse(Type destinationType, Object value) in /_/Dapper/SqlMapper.TypeHandler.cs:line 42
   at Dapper.SqlMapper.TypeHandlerCache`1.Parse(Object value) in /_/Dapper/SqlMapper.TypeHandlerCache.cs:line 23
   at Deserializec8497d4b-d6f2-4cc9-b323-1d65f5a5548b(DbDataReader)
   --- End of inner exception stack trace ---
   at Dapper.SqlMapper.ThrowDataException(Exception ex, Int32 index, IDataReader reader, Object value) in /_/Dapper/SqlMapper.cs:line 4001
   at Deserializec8497d4b-d6f2-4cc9-b323-1d65f5a5548b(DbDataReader)
   at Dapper.SqlMapper.QueryAsync[T](IDbConnection cnn, Type effectiveType, CommandDefinition command) in /_/Dapper/SqlMapper.Async.cs:line 454
   at PetHealth.Infrastructure.Services.WeightRecordService.Execute(GetWeightRecordByPetIdQueryAsync query) in /Users/jordanmal/Documents/Projet Développement /PetHealthApplication/API/API_PetHealth/PetHealth.Infrastructure/Services/WeightRecordService.cs:line 30
   at API_PetHealth.Controllers.WeightRecordController.GetWeightRecordByPetId(Int32 petId) in /Users/jordanmal/Documents/Projet Développement /PetHealthApplication/API/API_PetHealth/PetHealth.API/Controllers/WeightRecordController.cs:line 29
   at lambda_method38(Closure, Object)
   at Microsoft.AspNetCore.Mvc.Infrastructure.ActionMethodExecutor.AwaitableObjectResultExecutor.Execute(ActionContext actionContext, IActionResultTypeMapper mapper, ObjectMethodExecutor executor, Object controller, Object[] arguments)
   at Microsoft.AspNetCore.Mvc.Infrastructure.ControllerActionInvoker.<InvokeActionMethodAsync>g__Logged|12_1(ControllerActionInvoker invoker)
   at Microsoft.AspNetCore.Mvc.Infrastructure.ControllerActionInvoker.<InvokeNextActionFilterAsync>g__Awaited|10_0(ControllerActionInvoker invoker, Task lastTask, State next, Scope scope, Object state, Boolean isCompleted)
   at Microsoft.AspNetCore.Mvc.Infrastructure.ControllerActionInvoker.Rethrow(ActionExecutedContextSealed context)
   at Microsoft.AspNetCore.Mvc.Infrastructure.ControllerActionInvoker.Next(State& next, Scope& scope, Object& state, Boolean& isCompleted)
   at Microsoft.AspNetCore.Mvc.Infrastructure.ControllerActionInvoker.<InvokeInnerFilterAsync>g__Awaited|13_0(ControllerActionInvoker invoker, Task lastTask, State next, Scope scope, Object state, Boolean isCompleted)
   at Microsoft.AspNetCore.Mvc.Infrastructure.ResourceInvoker.<InvokeFilterPipelineAsync>g__Awaited|20_0(ResourceInvoker invoker, Task lastTask, State next, Scope scope, Object state, Boolean isCompleted)
   at Microsoft.AspNetCore.Mvc.Infrastructure.ResourceInvoker.<InvokeAsync>g__Logged|17_1(ResourceInvoker invoker)
   at Microsoft.AspNetCore.Mvc.Infrastructure.ResourceInvoker.<InvokeAsync>g__Logged|17_1(ResourceInvoker invoker)
   at Microsoft.AspNetCore.Authorization.AuthorizationMiddleware.Invoke(HttpContext context)
   at Microsoft.AspNetCore.Authentication.AuthenticationMiddleware.Invoke(HttpContext context)
   at Microsoft.AspNetCore.Diagnostics.ExceptionHandlerMiddlewareImpl.<Invoke>g__Awaited|10_0(ExceptionHandlerMiddlewareImpl middleware, HttpContext context, Task task)
2026-07-24 11:47:40.892 +02:00[FTL] - Unhandled exception occurred {"SourceContext":"API_PetHealth.Middlewares.GlobalExceptionHandler","RequestId":"0HNN8VC55L1D7:00000002","RequestPath":"/api/WeightRecord/1","ConnectionId":"0HNN8VC55L1D7","Application":"PetHealth.API","AppEnv":"Development"}
System.Data.DataException: Error parsing column 2 (MeasurementDate=18/05/2026 09:13:04 +02:00 - DateTimeOffset)
 ---> System.InvalidCastException: Unable to cast object of type 'System.DateTimeOffset' to type 'System.IConvertible'.
   at System.Convert.ToDateTime(Object value)
   at PetHealth.Infrastructure.TypeHandlers.DateOnlyTypeHandler.Parse(Object value) in /Users/jordanmal/Documents/Projet Développement /PetHealthApplication/API/API_PetHealth/PetHealth.Infrastructure/TypeHandlers/DateOnlyTypeHandler.cs:line 16
   at Dapper.SqlMapper.TypeHandlerCache`1.Parse(Object value) in /_/Dapper/SqlMapper.TypeHandlerCache.cs:line 23
   at Deserializec8497d4b-d6f2-4cc9-b323-1d65f5a5548b(DbDataReader)
   --- End of inner exception stack trace ---
   at Dapper.SqlMapper.ThrowDataException(Exception ex, Int32 index, IDataReader reader, Object value) in /_/Dapper/SqlMapper.cs:line 4001
   at Deserializec8497d4b-d6f2-4cc9-b323-1d65f5a5548b(DbDataReader)
   at Dapper.SqlMapper.QueryAsync[T](IDbConnection cnn, Type effectiveType, CommandDefinition command) in /_/Dapper/SqlMapper.Async.cs:line 454
   at PetHealth.Infrastructure.Services.WeightRecordService.Execute(GetWeightRecordByPetIdQueryAsync query) in /Users/jordanmal/Documents/Projet Développement /PetHealthApplication/API/API_PetHealth/PetHealth.Infrastructure/Services/WeightRecordService.cs:line 30
   at API_PetHealth.Controllers.WeightRecordController.GetWeightRecordByPetId(Int32 petId) in /Users/jordanmal/Documents/Projet Développement /PetHealthApplication/API/API_PetHealth/PetHealth.API/Controllers/WeightRecordController.cs:line 29
   at lambda_method38(Closure, Object)
   at Microsoft.AspNetCore.Mvc.Infrastructure.ActionMethodExecutor.AwaitableObjectResultExecutor.Execute(ActionContext actionContext, IActionResultTypeMapper mapper, ObjectMethodExecutor executor, Object controller, Object[] arguments)
   at Microsoft.AspNetCore.Mvc.Infrastructure.ControllerActionInvoker.<InvokeActionMethodAsync>g__Logged|12_1(ControllerActionInvoker invoker)
   at Microsoft.AspNetCore.Mvc.Infrastructure.ControllerActionInvoker.<InvokeNextActionFilterAsync>g__Awaited|10_0(ControllerActionInvoker invoker, Task lastTask, State next, Scope scope, Object state, Boolean isCompleted)
   at Microsoft.AspNetCore.Mvc.Infrastructure.ControllerActionInvoker.Rethrow(ActionExecutedContextSealed context)
   at Microsoft.AspNetCore.Mvc.Infrastructure.ControllerActionInvoker.Next(State& next, Scope& scope, Object& state, Boolean& isCompleted)
   at Microsoft.AspNetCore.Mvc.Infrastructure.ControllerActionInvoker.<InvokeInnerFilterAsync>g__Awaited|13_0(ControllerActionInvoker invoker, Task lastTask, State next, Scope scope, Object state, Boolean isCompleted)
   at Microsoft.AspNetCore.Mvc.Infrastructure.ResourceInvoker.<InvokeFilterPipelineAsync>g__Awaited|20_0(ResourceInvoker invoker, Task lastTask, State next, Scope scope, Object state, Boolean isCompleted)
   at Microsoft.AspNetCore.Mvc.Infrastructure.ResourceInvoker.<InvokeAsync>g__Logged|17_1(ResourceInvoker invoker)
   at Microsoft.AspNetCore.Mvc.Infrastructure.ResourceInvoker.<InvokeAsync>g__Logged|17_1(ResourceInvoker invoker)
   at Microsoft.AspNetCore.Authorization.AuthorizationMiddleware.Invoke(HttpContext context)
   at Microsoft.AspNetCore.Authentication.AuthenticationMiddleware.Invoke(HttpContext context)
   at Microsoft.AspNetCore.Diagnostics.ExceptionHandlerMiddlewareImpl.<Invoke>g__Awaited|10_0(ExceptionHandlerMiddlewareImpl middleware, HttpContext context, Task task)
2026-07-24 11:50:34.760 +02:00[FTL] - Unhandled exception occurred {"SourceContext":"API_PetHealth.Middlewares.GlobalExceptionHandler","RequestId":"0HNN8VC55L1D8:00000002","RequestPath":"/api/WeightRecord/1","ConnectionId":"0HNN8VC55L1D8","Application":"PetHealth.API","AppEnv":"Development"}
System.Data.DataException: Error parsing column 2 (MeasurementDate=18/05/2026 09:13:04 +02:00 - DateTimeOffset)
 ---> System.InvalidCastException: Unable to cast object of type 'System.DateTimeOffset' to type 'System.IConvertible'.
   at System.Convert.ToDateTime(Object value)
   at PetHealth.Infrastructure.TypeHandlers.DateOnlyTypeHandler.Parse(Object value) in /Users/jordanmal/Documents/Projet Développement /PetHealthApplication/API/API_PetHealth/PetHealth.Infrastructure/TypeHandlers/DateOnlyTypeHandler.cs:line 16
   at Dapper.SqlMapper.TypeHandlerCache`1.Parse(Object value) in /_/Dapper/SqlMapper.TypeHandlerCache.cs:line 23
   at Deserializec8497d4b-d6f2-4cc9-b323-1d65f5a5548b(DbDataReader)
   --- End of inner exception stack trace ---
   at Dapper.SqlMapper.ThrowDataException(Exception ex, Int32 index, IDataReader reader, Object value) in /_/Dapper/SqlMapper.cs:line 4001
   at Deserializec8497d4b-d6f2-4cc9-b323-1d65f5a5548b(DbDataReader)
   at Dapper.SqlMapper.QueryAsync[T](IDbConnection cnn, Type effectiveType, CommandDefinition command) in /_/Dapper/SqlMapper.Async.cs:line 454
   at PetHealth.Infrastructure.Services.WeightRecordService.Execute(GetWeightRecordByPetIdQueryAsync query) in /Users/jordanmal/Documents/Projet Développement /PetHealthApplication/API/API_PetHealth/PetHealth.Infrastructure/Services/WeightRecordService.cs:line 30
   at API_PetHealth.Controllers.WeightRecordController.GetWeightRecordByPetId(Int32 petId) in /Users/jordanmal/Documents/Projet Développement /PetHealthApplication/API/API_PetHealth/PetHealth.API/Controllers/WeightRecordController.cs:line 29
   at lambda_method38(Closure, Object)
   at Microsoft.AspNetCore.Mvc.Infrastructure.ActionMethodExecutor.AwaitableObjectResultExecutor.Execute(ActionContext actionContext, IActionResultTypeMapper mapper, ObjectMethodExecutor executor, Object controller, Object[] arguments)
   at Microsoft.AspNetCore.Mvc.Infrastructure.ControllerActionInvoker.<InvokeActionMethodAsync>g__Logged|12_1(ControllerActionInvoker invoker)
   at Microsoft.AspNetCore.Mvc.Infrastructure.ControllerActionInvoker.<InvokeNextActionFilterAsync>g__Awaited|10_0(ControllerActionInvoker invoker, Task lastTask, State next, Scope scope, Object state, Boolean isCompleted)
   at Microsoft.AspNetCore.Mvc.Infrastructure.ControllerActionInvoker.Rethrow(ActionExecutedContextSealed context)
   at Microsoft.AspNetCore.Mvc.Infrastructure.ControllerActionInvoker.Next(State& next, Scope& scope, Object& state, Boolean& isCompleted)
   at Microsoft.AspNetCore.Mvc.Infrastructure.ControllerActionInvoker.<InvokeInnerFilterAsync>g__Awaited|13_0(ControllerActionInvoker invoker, Task lastTask, State next, Scope scope, Object state, Boolean isCompleted)
   at Microsoft.AspNetCore.Mvc.Infrastructure.ResourceInvoker.<InvokeFilterPipelineAsync>g__Awaited|20_0(ResourceInvoker invoker, Task lastTask, State next, Scope scope, Object state, Boolean isCompleted)
   at Microsoft.AspNetCore.Mvc.Infrastructure.ResourceInvoker.<InvokeAsync>g__Logged|17_1(ResourceInvoker invoker)
   at Microsoft.AspNetCore.Mvc.Infrastructure.ResourceInvoker.<InvokeAsync>g__Logged|17_1(ResourceInvoker invoker)
   at Microsoft.AspNetCore.Authorization.AuthorizationMiddleware.Invoke(HttpContext context)
   at Microsoft.AspNetCore.Authentication.AuthenticationMiddleware.Invoke(HttpContext context)
   at Microsoft.AspNetCore.Diagnostics.ExceptionHandlerMiddlewareImpl.<Invoke>g__Awaited|10_0(ExceptionHandlerMiddlewareImpl middleware, HttpContext context, Task task)
2026-07-24 11:51:41.499 +02:00[FTL] - Unhandled exception occurred {"SourceContext":"API_PetHealth.Middlewares.GlobalExceptionHandler","RequestId":"0HNN8VC55L1D8:00000003","RequestPath":"/api/WeightRecord/1","ConnectionId":"0HNN8VC55L1D8","Application":"PetHealth.API","AppEnv":"Development"}
System.Data.DataException: Error parsing column 2 (MeasurementDate=18/05/2026 09:13:04 +02:00 - DateTimeOffset)
 ---> System.InvalidCastException: Unable to cast object of type 'System.DateTimeOffset' to type 'System.IConvertible'.
   at System.Convert.ToDateTime(Object value)
   at PetHealth.Infrastructure.TypeHandlers.DateOnlyTypeHandler.Parse(Object value) in /Users/jordanmal/Documents/Projet Développement /PetHealthApplication/API/API_PetHealth/PetHealth.Infrastructure/TypeHandlers/DateOnlyTypeHandler.cs:line 16
   at Dapper.SqlMapper.TypeHandlerCache`1.Parse(Object value) in /_/Dapper/SqlMapper.TypeHandlerCache.cs:line 23
   at Deserializec8497d4b-d6f2-4cc9-b323-1d65f5a5548b(DbDataReader)
   --- End of inner exception stack trace ---
   at Dapper.SqlMapper.ThrowDataException(Exception ex, Int32 index, IDataReader reader, Object value) in /_/Dapper/SqlMapper.cs:line 4001
   at Deserializec8497d4b-d6f2-4cc9-b323-1d65f5a5548b(DbDataReader)
   at Dapper.SqlMapper.QueryAsync[T](IDbConnection cnn, Type effectiveType, CommandDefinition command) in /_/Dapper/SqlMapper.Async.cs:line 454
   at PetHealth.Infrastructure.Services.WeightRecordService.Execute(GetWeightRecordByPetIdQueryAsync query) in /Users/jordanmal/Documents/Projet Développement /PetHealthApplication/API/API_PetHealth/PetHealth.Infrastructure/Services/WeightRecordService.cs:line 30
   at API_PetHealth.Controllers.WeightRecordController.GetWeightRecordByPetId(Int32 petId) in /Users/jordanmal/Documents/Projet Développement /PetHealthApplication/API/API_PetHealth/PetHealth.API/Controllers/WeightRecordController.cs:line 29
   at lambda_method38(Closure, Object)
   at Microsoft.AspNetCore.Mvc.Infrastructure.ActionMethodExecutor.AwaitableObjectResultExecutor.Execute(ActionContext actionContext, IActionResultTypeMapper mapper, ObjectMethodExecutor executor, Object controller, Object[] arguments)
   at Microsoft.AspNetCore.Mvc.Infrastructure.ControllerActionInvoker.<InvokeActionMethodAsync>g__Logged|12_1(ControllerActionInvoker invoker)
   at Microsoft.AspNetCore.Mvc.Infrastructure.ControllerActionInvoker.<InvokeNextActionFilterAsync>g__Awaited|10_0(ControllerActionInvoker invoker, Task lastTask, State next, Scope scope, Object state, Boolean isCompleted)
   at Microsoft.AspNetCore.Mvc.Infrastructure.ControllerActionInvoker.Rethrow(ActionExecutedContextSealed context)
   at Microsoft.AspNetCore.Mvc.Infrastructure.ControllerActionInvoker.Next(State& next, Scope& scope, Object& state, Boolean& isCompleted)
   at Microsoft.AspNetCore.Mvc.Infrastructure.ControllerActionInvoker.<InvokeInnerFilterAsync>g__Awaited|13_0(ControllerActionInvoker invoker, Task lastTask, State next, Scope scope, Object state, Boolean isCompleted)
   at Microsoft.AspNetCore.Mvc.Infrastructure.ResourceInvoker.<InvokeFilterPipelineAsync>g__Awaited|20_0(ResourceInvoker invoker, Task lastTask, State next, Scope scope, Object state, Boolean isCompleted)
   at Microsoft.AspNetCore.Mvc.Infrastructure.ResourceInvoker.<InvokeAsync>g__Logged|17_1(ResourceInvoker invoker)
   at Microsoft.AspNetCore.Mvc.Infrastructure.ResourceInvoker.<InvokeAsync>g__Logged|17_1(ResourceInvoker invoker)
   at Microsoft.AspNetCore.Authorization.AuthorizationMiddleware.Invoke(HttpContext context)
   at Microsoft.AspNetCore.Authentication.AuthenticationMiddleware.Invoke(HttpContext context)
   at Microsoft.AspNetCore.Diagnostics.ExceptionHandlerMiddlewareImpl.<Invoke>g__Awaited|10_0(ExceptionHandlerMiddlewareImpl middleware, HttpContext context, Task task)
2026-07-24 11:51:47.691 +02:00[FTL] - Unhandled exception occurred {"SourceContext":"API_PetHealth.Middlewares.GlobalExceptionHandler","RequestId":"0HNN8VC55L1D8:00000004","RequestPath":"/api/WeightRecord/1","ConnectionId":"0HNN8VC55L1D8","Application":"PetHealth.API","AppEnv":"Development"}
System.Data.DataException: Error parsing column 2 (MeasurementDate=18/05/2026 09:13:04 +02:00 - DateTimeOffset)
 ---> System.InvalidCastException: Unable to cast object of type 'System.DateTimeOffset' to type 'System.IConvertible'.
   at System.Convert.ToDateTime(Object value)
   at PetHealth.Infrastructure.TypeHandlers.DateOnlyTypeHandler.Parse(Object value) in /Users/jordanmal/Documents/Projet Développement /PetHealthApplication/API/API_PetHealth/PetHealth.Infrastructure/TypeHandlers/DateOnlyTypeHandler.cs:line 16
   at Dapper.SqlMapper.TypeHandlerCache`1.Parse(Object value) in /_/Dapper/SqlMapper.TypeHandlerCache.cs:line 23
   at Deserializec8497d4b-d6f2-4cc9-b323-1d65f5a5548b(DbDataReader)
   --- End of inner exception stack trace ---
   at Dapper.SqlMapper.ThrowDataException(Exception ex, Int32 index, IDataReader reader, Object value) in /_/Dapper/SqlMapper.cs:line 4001
   at Deserializec8497d4b-d6f2-4cc9-b323-1d65f5a5548b(DbDataReader)
   at Dapper.SqlMapper.QueryAsync[T](IDbConnection cnn, Type effectiveType, CommandDefinition command) in /_/Dapper/SqlMapper.Async.cs:line 454
   at PetHealth.Infrastructure.Services.WeightRecordService.Execute(GetWeightRecordByPetIdQueryAsync query) in /Users/jordanmal/Documents/Projet Développement /PetHealthApplication/API/API_PetHealth/PetHealth.Infrastructure/Services/WeightRecordService.cs:line 30
   at API_PetHealth.Controllers.WeightRecordController.GetWeightRecordByPetId(Int32 petId) in /Users/jordanmal/Documents/Projet Développement /PetHealthApplication/API/API_PetHealth/PetHealth.API/Controllers/WeightRecordController.cs:line 29
   at lambda_method38(Closure, Object)
   at Microsoft.AspNetCore.Mvc.Infrastructure.ActionMethodExecutor.AwaitableObjectResultExecutor.Execute(ActionContext actionContext, IActionResultTypeMapper mapper, ObjectMethodExecutor executor, Object controller, Object[] arguments)
   at Microsoft.AspNetCore.Mvc.Infrastructure.ControllerActionInvoker.<InvokeActionMethodAsync>g__Logged|12_1(ControllerActionInvoker invoker)
   at Microsoft.AspNetCore.Mvc.Infrastructure.ControllerActionInvoker.<InvokeNextActionFilterAsync>g__Awaited|10_0(ControllerActionInvoker invoker, Task lastTask, State next, Scope scope, Object state, Boolean isCompleted)
   at Microsoft.AspNetCore.Mvc.Infrastructure.ControllerActionInvoker.Rethrow(ActionExecutedContextSealed context)
   at Microsoft.AspNetCore.Mvc.Infrastructure.ControllerActionInvoker.Next(State& next, Scope& scope, Object& state, Boolean& isCompleted)
   at Microsoft.AspNetCore.Mvc.Infrastructure.ControllerActionInvoker.<InvokeInnerFilterAsync>g__Awaited|13_0(ControllerActionInvoker invoker, Task lastTask, State next, Scope scope, Object state, Boolean isCompleted)
   at Microsoft.AspNetCore.Mvc.Infrastructure.ResourceInvoker.<InvokeFilterPipelineAsync>g__Awaited|20_0(ResourceInvoker invoker, Task lastTask, State next, Scope scope, Object state, Boolean isCompleted)
   at Microsoft.AspNetCore.Mvc.Infrastructure.ResourceInvoker.<InvokeAsync>g__Logged|17_1(ResourceInvoker invoker)
   at Microsoft.AspNetCore.Mvc.Infrastructure.ResourceInvoker.<InvokeAsync>g__Logged|17_1(ResourceInvoker invoker)
   at Microsoft.AspNetCore.Authorization.AuthorizationMiddleware.Invoke(HttpContext context)
   at Microsoft.AspNetCore.Authentication.AuthenticationMiddleware.Invoke(HttpContext context)
   at Microsoft.AspNetCore.Diagnostics.ExceptionHandlerMiddlewareImpl.<Invoke>g__Awaited|10_0(ExceptionHandlerMiddlewareImpl middleware, HttpContext context, Task task)
2026-07-24 11:52:25.803 +02:00[FTL] - Unhandled exception occurred {"SourceContext":"API_PetHealth.Middlewares.GlobalExceptionHandler","RequestId":"0HNN8VC55L1D8:00000005","RequestPath":"/api/WeightRecord/1","ConnectionId":"0HNN8VC55L1D8","Application":"PetHealth.API","AppEnv":"Development"}
System.Data.DataException: Error parsing column 2 (MeasurementDate=18/05/2026 09:13:04 +02:00 - DateTimeOffset)
 ---> System.InvalidCastException: Unable to cast object of type 'System.DateTimeOffset' to type 'System.IConvertible'.
   at System.Convert.ToDateTime(Object value)
   at PetHealth.Infrastructure.TypeHandlers.DateOnlyTypeHandler.Parse(Object value) in /Users/jordanmal/Documents/Projet Développement /PetHealthApplication/API/API_PetHealth/PetHealth.Infrastructure/TypeHandlers/DateOnlyTypeHandler.cs:line 16
   at Dapper.SqlMapper.TypeHandlerCache`1.Parse(Object value) in /_/Dapper/SqlMapper.TypeHandlerCache.cs:line 23
   at Deserializec8497d4b-d6f2-4cc9-b323-1d65f5a5548b(DbDataReader)
   --- End of inner exception stack trace ---
   at Dapper.SqlMapper.ThrowDataException(Exception ex, Int32 index, IDataReader reader, Object value) in /_/Dapper/SqlMapper.cs:line 4001
   at Deserializec8497d4b-d6f2-4cc9-b323-1d65f5a5548b(DbDataReader)
   at Dapper.SqlMapper.QueryAsync[T](IDbConnection cnn, Type effectiveType, CommandDefinition command) in /_/Dapper/SqlMapper.Async.cs:line 454
   at PetHealth.Infrastructure.Services.WeightRecordService.Execute(GetWeightRecordByPetIdQueryAsync query) in /Users/jordanmal/Documents/Projet Développement /PetHealthApplication/API/API_PetHealth/PetHealth.Infrastructure/Services/WeightRecordService.cs:line 30
   at API_PetHealth.Controllers.WeightRecordController.GetWeightRecordByPetId(Int32 petId) in /Users/jordanmal/Documents/Projet Développement /PetHealthApplication/API/API_PetHealth/PetHealth.API/Controllers/WeightRecordController.cs:line 29
   at lambda_method38(Closure, Object)
   at Microsoft.AspNetCore.Mvc.Infrastructure.ActionMethodExecutor.AwaitableObjectResultExecutor.Execute(ActionContext actionContext, IActionResultTypeMapper mapper, ObjectMethodExecutor executor, Object controller, Object[] arguments)
   at Microsoft.AspNetCore.Mvc.Infrastructure.ControllerActionInvoker.<InvokeActionMethodAsync>g__Logged|12_1(ControllerActionInvoker invoker)
   at Microsoft.AspNetCore.Mvc.Infrastructure.ControllerActionInvoker.<InvokeNextActionFilterAsync>g__Awaited|10_0(ControllerActionInvoker invoker, Task lastTask, State next, Scope scope, Object state, Boolean isCompleted)
   at Microsoft.AspNetCore.Mvc.Infrastructure.ControllerActionInvoker.Rethrow(ActionExecutedContextSealed context)
   at Microsoft.AspNetCore.Mvc.Infrastructure.ControllerActionInvoker.Next(State& next, Scope& scope, Object& state, Boolean& isCompleted)
   at Microsoft.AspNetCore.Mvc.Infrastructure.ControllerActionInvoker.<InvokeInnerFilterAsync>g__Awaited|13_0(ControllerActionInvoker invoker, Task lastTask, State next, Scope scope, Object state, Boolean isCompleted)
   at Microsoft.AspNetCore.Mvc.Infrastructure.ResourceInvoker.<InvokeFilterPipelineAsync>g__Awaited|20_0(ResourceInvoker invoker, Task lastTask, State next, Scope scope, Object state, Boolean isCompleted)
   at Microsoft.AspNetCore.Mvc.Infrastructure.ResourceInvoker.<InvokeAsync>g__Logged|17_1(ResourceInvoker invoker)
   at Microsoft.AspNetCore.Mvc.Infrastructure.ResourceInvoker.<InvokeAsync>g__Logged|17_1(ResourceInvoker invoker)
   at Microsoft.AspNetCore.Authorization.AuthorizationMiddleware.Invoke(HttpContext context)
   at Microsoft.AspNetCore.Authentication.AuthenticationMiddleware.Invoke(HttpContext context)
   at Microsoft.AspNetCore.Diagnostics.ExceptionHandlerMiddlewareImpl.<Invoke>g__Awaited|10_0(ExceptionHandlerMiddlewareImpl middleware, HttpContext context, Task task)
2026-07-24 11:56:14.660 +02:00[FTL] - Unhandled exception occurred {"SourceContext":"API_PetHealth.Middlewares.GlobalExceptionHandler","RequestId":"0HNN9D766VLKL:00000001","RequestPath":"/api/WeightRecord/1","ConnectionId":"0HNN9D766VLKL","Application":"PetHealth.API","AppEnv":"Development"}
System.Data.DataException: Error parsing column 2 (MeasurementDate=18/05/2026 09:13:04 +02:00 - DateTimeOffset)
 ---> System.InvalidCastException: Unable to cast object of type 'System.DateTimeOffset' to type 'System.IConvertible'.
   at System.Convert.ToDateTime(Object value)
   at PetHealth.Infrastructure.TypeHandlers.DateOnlyTypeHandler.Parse(Object value) in /Users/jordanmal/Documents/Projet Développement /PetHealthApplication/API/API_PetHealth/PetHealth.Infrastructure/TypeHandlers/DateOnlyTypeHandler.cs:line 16
   at Dapper.SqlMapper.TypeHandler`1.Dapper.SqlMapper.ITypeHandler.Parse(Type destinationType, Object value) in /_/Dapper/SqlMapper.TypeHandler.cs:line 42
   at Dapper.SqlMapper.TypeHandlerCache`1.Parse(Object value) in /_/Dapper/SqlMapper.TypeHandlerCache.cs:line 23
   at Deserializea3f032ab-889e-4e59-a9b8-c7ffdc9812d2(DbDataReader)
   --- End of inner exception stack trace ---
   at Dapper.SqlMapper.ThrowDataException(Exception ex, Int32 index, IDataReader reader, Object value) in /_/Dapper/SqlMapper.cs:line 4001
   at Deserializea3f032ab-889e-4e59-a9b8-c7ffdc9812d2(DbDataReader)
   at Dapper.SqlMapper.QueryAsync[T](IDbConnection cnn, Type effectiveType, CommandDefinition command) in /_/Dapper/SqlMapper.Async.cs:line 454
   at PetHealth.Infrastructure.Services.WeightRecordService.Execute(GetWeightRecordByPetIdQueryAsync query) in /Users/jordanmal/Documents/Projet Développement /PetHealthApplication/API/API_PetHealth/PetHealth.Infrastructure/Services/WeightRecordService.cs:line 30
   at API_PetHealth.Controllers.WeightRecordController.GetWeightRecordByPetId(Int32 petId) in /Users/jordanmal/Documents/Projet Développement /PetHealthApplication/API/API_PetHealth/PetHealth.API/Controllers/WeightRecordController.cs:line 29
   at lambda_method5(Closure, Object)
   at Microsoft.AspNetCore.Mvc.Infrastructure.ActionMethodExecutor.AwaitableObjectResultExecutor.Execute(ActionContext actionContext, IActionResultTypeMapper mapper, ObjectMethodExecutor executor, Object controller, Object[] arguments)
   at Microsoft.AspNetCore.Mvc.Infrastructure.ControllerActionInvoker.<InvokeActionMethodAsync>g__Logged|12_1(ControllerActionInvoker invoker)
   at Microsoft.AspNetCore.Mvc.Infrastructure.ControllerActionInvoker.<InvokeNextActionFilterAsync>g__Awaited|10_0(ControllerActionInvoker invoker, Task lastTask, State next, Scope scope, Object state, Boolean isCompleted)
   at Microsoft.AspNetCore.Mvc.Infrastructure.ControllerActionInvoker.Rethrow(ActionExecutedContextSealed context)
   at Microsoft.AspNetCore.Mvc.Infrastructure.ControllerActionInvoker.Next(State& next, Scope& scope, Object& state, Boolean& isCompleted)
   at Microsoft.AspNetCore.Mvc.Infrastructure.ControllerActionInvoker.<InvokeInnerFilterAsync>g__Awaited|13_0(ControllerActionInvoker invoker, Task lastTask, State next, Scope scope, Object state, Boolean isCompleted)
   at Microsoft.AspNetCore.Mvc.Infrastructure.ResourceInvoker.<InvokeFilterPipelineAsync>g__Awaited|20_0(ResourceInvoker invoker, Task lastTask, State next, Scope scope, Object state, Boolean isCompleted)
   at Microsoft.AspNetCore.Mvc.Infrastructure.ResourceInvoker.<InvokeAsync>g__Logged|17_1(ResourceInvoker invoker)
   at Microsoft.AspNetCore.Mvc.Infrastructure.ResourceInvoker.<InvokeAsync>g__Logged|17_1(ResourceInvoker invoker)
   at Microsoft.AspNetCore.Authorization.AuthorizationMiddleware.Invoke(HttpContext context)
   at Microsoft.AspNetCore.Authentication.AuthenticationMiddleware.Invoke(HttpContext context)
   at Microsoft.AspNetCore.Diagnostics.ExceptionHandlerMiddlewareImpl.<Invoke>g__Awaited|10_0(ExceptionHandlerMiddlewareImpl middleware, HttpContext context, Task task)
2026-07-24 13:46:22.779 +02:00[FTL] - Unhandled exception occurred {"SourceContext":"API_PetHealth.Middlewares.GlobalExceptionHandler","RequestId":"0HNN9D8K5GPLN:00000002","RequestPath":"/api/Prescription","ConnectionId":"0HNN9D8K5GPLN","Application":"PetHealth.API","AppEnv":"Development"}
System.InvalidOperationException: La connexion n'est pas fermée. L'état actuel de la connexion est ouvert.
   at Microsoft.Data.ProviderBase.DbConnectionInternal.TryOpenConnection(DbConnection outerConnection, SqlConnectionFactory connectionFactory, TaskCompletionSource`1 retry, DbConnectionOptions userOptions)
   at Microsoft.Data.SqlClient.SqlConnection.TryOpenInner(TaskCompletionSource`1 retry)
   at Microsoft.Data.SqlClient.SqlConnection.TryOpen(TaskCompletionSource`1 retry, SqlConnectionOverrides overrides)
   at Microsoft.Data.SqlClient.SqlConnection.Open(SqlConnectionOverrides overrides)
   at Microsoft.Data.SqlClient.SqlConnection.Open()
   at PetHealth.Infrastructure.Services.PrescriptionService..ctor(IDbConnection dbConnection, ICurrentUserRepository currentUserRepository) in /Users/jordanmal/Documents/Projet Développement /PetHealthApplication/API/API_PetHealth/PetHealth.Infrastructure/Services/PrescriptionService.cs:line 23
   at InvokeStub_PrescriptionService..ctor(Object, Span`1)
   at System.Reflection.RuntimeConstructorInfo.Invoke(BindingFlags invokeAttr, Binder binder, Object[] parameters, CultureInfo culture)
   at Microsoft.Extensions.DependencyInjection.ServiceLookup.CallSiteVisitor`2.VisitCallSite(ServiceCallSite callSite, TArgument argument)
   at Microsoft.Extensions.DependencyInjection.ServiceLookup.DynamicServiceProviderEngine.<>c__DisplayClass2_0.<RealizeService>b__0(ServiceProviderEngineScope scope)
   at Microsoft.Extensions.DependencyInjection.ServiceLookup.ServiceProviderEngineScope.GetService(Type serviceType)
   at lambda_method65(Closure, IServiceProvider, Object[])
   at Microsoft.AspNetCore.Mvc.Controllers.ControllerFactoryProvider.<>c__DisplayClass6_0.<CreateControllerFactory>g__CreateController|0(ControllerContext controllerContext)
   at Microsoft.AspNetCore.Mvc.Infrastructure.ControllerActionInvoker.Next(State& next, Scope& scope, Object& state, Boolean& isCompleted)
   at Microsoft.AspNetCore.Mvc.Infrastructure.ControllerActionInvoker.InvokeInnerFilterAsync()
--- End of stack trace from previous location ---
   at Microsoft.AspNetCore.Mvc.Infrastructure.ResourceInvoker.<InvokeFilterPipelineAsync>g__Awaited|20_0(ResourceInvoker invoker, Task lastTask, State next, Scope scope, Object state, Boolean isCompleted)
   at Microsoft.AspNetCore.Mvc.Infrastructure.ResourceInvoker.<InvokeAsync>g__Logged|17_1(ResourceInvoker invoker)
   at Microsoft.AspNetCore.Mvc.Infrastructure.ResourceInvoker.<InvokeAsync>g__Logged|17_1(ResourceInvoker invoker)
   at Microsoft.AspNetCore.Authorization.AuthorizationMiddleware.Invoke(HttpContext context)
   at Microsoft.AspNetCore.Authentication.AuthenticationMiddleware.Invoke(HttpContext context)
   at Microsoft.AspNetCore.Diagnostics.ExceptionHandlerMiddlewareImpl.<Invoke>g__Awaited|10_0(ExceptionHandlerMiddlewareImpl middleware, HttpContext context, Task task)
2026-07-24 13:47:52.354 +02:00[FTL] - Unhandled exception occurred {"SourceContext":"API_PetHealth.Middlewares.GlobalExceptionHandler","RequestId":"0HNN9F5IA2TMB:00000002","RequestPath":"/api/Prescription","ConnectionId":"0HNN9F5IA2TMB","Application":"PetHealth.API","AppEnv":"Development"}
System.InvalidOperationException: La connexion n'est pas fermée. L'état actuel de la connexion est ouvert.
   at Microsoft.Data.ProviderBase.DbConnectionInternal.TryOpenConnection(DbConnection outerConnection, SqlConnectionFactory connectionFactory, TaskCompletionSource`1 retry, DbConnectionOptions userOptions)
   at Microsoft.Data.SqlClient.SqlConnection.TryOpenInner(TaskCompletionSource`1 retry)
   at Microsoft.Data.SqlClient.SqlConnection.TryOpen(TaskCompletionSource`1 retry, SqlConnectionOverrides overrides)
   at Microsoft.Data.SqlClient.SqlConnection.Open(SqlConnectionOverrides overrides)
   at Microsoft.Data.SqlClient.SqlConnection.Open()
   at PetHealth.Infrastructure.Services.PrescriptionService..ctor(IDbConnection dbConnection, ICurrentUserRepository currentUserRepository) in /Users/jordanmal/Documents/Projet Développement /PetHealthApplication/API/API_PetHealth/PetHealth.Infrastructure/Services/PrescriptionService.cs:line 23
   at InvokeStub_PrescriptionService..ctor(Object, Span`1)
   at System.Reflection.MethodBaseInvoker.InvokeWithFewArgs(Object obj, BindingFlags invokeAttr, Binder binder, Object[] parameters, CultureInfo culture)
   at System.Reflection.RuntimeConstructorInfo.Invoke(BindingFlags invokeAttr, Binder binder, Object[] parameters, CultureInfo culture)
   at Microsoft.Extensions.DependencyInjection.ServiceLookup.CallSiteRuntimeResolver.VisitCache(ServiceCallSite callSite, RuntimeResolverContext context, ServiceProviderEngineScope serviceProviderEngine, RuntimeResolverLock lockType)
   at Microsoft.Extensions.DependencyInjection.ServiceLookup.DynamicServiceProviderEngine.<>c__DisplayClass2_0.<RealizeService>b__0(ServiceProviderEngineScope scope)
   at lambda_method9(Closure, IServiceProvider, Object[])
   at Microsoft.AspNetCore.Mvc.Controllers.ControllerFactoryProvider.<>c__DisplayClass6_0.<CreateControllerFactory>g__CreateController|0(ControllerContext controllerContext)
   at Microsoft.AspNetCore.Mvc.Infrastructure.ControllerActionInvoker.Next(State& next, Scope& scope, Object& state, Boolean& isCompleted)
   at Microsoft.AspNetCore.Mvc.Infrastructure.ControllerActionInvoker.InvokeInnerFilterAsync()
--- End of stack trace from previous location ---
   at Microsoft.AspNetCore.Mvc.Infrastructure.ResourceInvoker.<InvokeFilterPipelineAsync>g__Awaited|20_0(ResourceInvoker invoker, Task lastTask, State next, Scope scope, Object state, Boolean isCompleted)
   at Microsoft.AspNetCore.Mvc.Infrastructure.ResourceInvoker.<InvokeAsync>g__Logged|17_1(ResourceInvoker invoker)
   at Microsoft.AspNetCore.Mvc.Infrastructure.ResourceInvoker.<InvokeAsync>g__Logged|17_1(ResourceInvoker invoker)
   at Microsoft.AspNetCore.Authorization.AuthorizationMiddleware.Invoke(HttpContext context)
   at Microsoft.AspNetCore.Authentication.AuthenticationMiddleware.Invoke(HttpContext context)
   at Microsoft.AspNetCore.Diagnostics.ExceptionHandlerMiddlewareImpl.<Invoke>g__Awaited|10_0(ExceptionHandlerMiddlewareImpl middleware, HttpContext context, Task task)
2026-07-24 13:54:14.121 +02:00[FTL] - Unhandled exception occurred {"SourceContext":"API_PetHealth.Middlewares.GlobalExceptionHandler","RequestId":"0HNN9F5IA2TMD:00000002","RequestPath":"/api/Prescription","ConnectionId":"0HNN9F5IA2TMD","Application":"PetHealth.API","AppEnv":"Development"}
System.InvalidOperationException: La connexion n'est pas fermée. L'état actuel de la connexion est ouvert.
   at Microsoft.Data.ProviderBase.DbConnectionInternal.TryOpenConnection(DbConnection outerConnection, SqlConnectionFactory connectionFactory, TaskCompletionSource`1 retry, DbConnectionOptions userOptions)
   at Microsoft.Data.SqlClient.SqlConnection.TryOpenInner(TaskCompletionSource`1 retry)
   at Microsoft.Data.SqlClient.SqlConnection.TryOpen(TaskCompletionSource`1 retry, SqlConnectionOverrides overrides)
   at Microsoft.Data.SqlClient.SqlConnection.Open(SqlConnectionOverrides overrides)
   at Microsoft.Data.SqlClient.SqlConnection.Open()
   at PetHealth.Infrastructure.Services.PrescriptionService..ctor(IDbConnection dbConnection, ICurrentUserRepository currentUserRepository) in /Users/jordanmal/Documents/Projet Développement /PetHealthApplication/API/API_PetHealth/PetHealth.Infrastructure/Services/PrescriptionService.cs:line 23
   at InvokeStub_PrescriptionService..ctor(Object, Span`1)
   at System.Reflection.MethodBaseInvoker.InvokeWithFewArgs(Object obj, BindingFlags invokeAttr, Binder binder, Object[] parameters, CultureInfo culture)
   at System.Reflection.RuntimeConstructorInfo.Invoke(BindingFlags invokeAttr, Binder binder, Object[] parameters, CultureInfo culture)
   at Microsoft.Extensions.DependencyInjection.ServiceLookup.CallSiteRuntimeResolver.VisitCache(ServiceCallSite callSite, RuntimeResolverContext context, ServiceProviderEngineScope serviceProviderEngine, RuntimeResolverLock lockType)
   at Microsoft.Extensions.DependencyInjection.ServiceLookup.DynamicServiceProviderEngine.<>c__DisplayClass2_0.<RealizeService>b__0(ServiceProviderEngineScope scope)
   at Microsoft.Extensions.DependencyInjection.ServiceProvider.GetService(ServiceIdentifier serviceIdentifier, ServiceProviderEngineScope serviceProviderEngineScope)
   at lambda_method9(Closure, IServiceProvider, Object[])
   at Microsoft.AspNetCore.Mvc.Controllers.ControllerFactoryProvider.<>c__DisplayClass6_0.<CreateControllerFactory>g__CreateController|0(ControllerContext controllerContext)
   at Microsoft.AspNetCore.Mvc.Infrastructure.ControllerActionInvoker.Next(State& next, Scope& scope, Object& state, Boolean& isCompleted)
   at Microsoft.AspNetCore.Mvc.Infrastructure.ControllerActionInvoker.InvokeInnerFilterAsync()
--- End of stack trace from previous location ---
   at Microsoft.AspNetCore.Mvc.Infrastructure.ResourceInvoker.<InvokeFilterPipelineAsync>g__Awaited|20_0(ResourceInvoker invoker, Task lastTask, State next, Scope scope, Object state, Boolean isCompleted)
   at Microsoft.AspNetCore.Mvc.Infrastructure.ResourceInvoker.<InvokeAsync>g__Logged|17_1(ResourceInvoker invoker)
   at Microsoft.AspNetCore.Mvc.Infrastructure.ResourceInvoker.<InvokeAsync>g__Logged|17_1(ResourceInvoker invoker)
   at Microsoft.AspNetCore.Authorization.AuthorizationMiddleware.Invoke(HttpContext context)
   at Microsoft.AspNetCore.Authentication.AuthenticationMiddleware.Invoke(HttpContext context)
   at Microsoft.AspNetCore.Diagnostics.ExceptionHandlerMiddlewareImpl.<Invoke>g__Awaited|10_0(ExceptionHandlerMiddlewareImpl middleware, HttpContext context, Task task)
2026-07-24 13:58:45.220 +02:00[FTL] - Unhandled exception occurred {"SourceContext":"API_PetHealth.Middlewares.GlobalExceptionHandler","RequestId":"0HNN9FBFI18E4:00000004","RequestPath":"/api/Prescription/Item/33","ConnectionId":"0HNN9FBFI18E4","Application":"PetHealth.API","AppEnv":"Development"}
Microsoft.Data.SqlClient.SqlException (0x80131904): Could not find stored procedure 'Usp_PrescriptionItem_GetById'.
   at Microsoft.Data.SqlClient.SqlCommand.<>c.<ExecuteDbDataReaderAsync>b__270_0(Task`1 result)
   at System.Threading.Tasks.ContinuationResultTaskFromResultTask`2.InnerInvoke()
   at System.Threading.ExecutionContext.RunInternal(ExecutionContext executionContext, ContextCallback callback, Object state)
--- End of stack trace from previous location ---
   at System.Threading.ExecutionContext.RunInternal(ExecutionContext executionContext, ContextCallback callback, Object state)
   at System.Threading.Tasks.Task.ExecuteWithThreadLocal(Task& currentTaskSlot, Thread threadPoolThread)
--- End of stack trace from previous location ---
   at Dapper.SqlMapper.QueryAsync[T](IDbConnection cnn, Type effectiveType, CommandDefinition command) in /_/Dapper/SqlMapper.Async.cs:line 434
   at PetHealth.Infrastructure.Services.PrescriptionService.Execute(GetPrescriptionItemByIdQueryAsync query) in /Users/jordanmal/Documents/Projet Développement /PetHealthApplication/API/API_PetHealth/PetHealth.Infrastructure/Services/PrescriptionService.cs:line 83
   at API_PetHealth.Controllers.PrescriptionController.GetPrescriptionItemsByPrescriptionId(Int32 prescriptionId) in /Users/jordanmal/Documents/Projet Développement /PetHealthApplication/API/API_PetHealth/PetHealth.API/Controllers/PrescriptionController.cs:line 67
   at lambda_method13(Closure, Object)
   at Microsoft.AspNetCore.Mvc.Infrastructure.ActionMethodExecutor.AwaitableObjectResultExecutor.Execute(ActionContext actionContext, IActionResultTypeMapper mapper, ObjectMethodExecutor executor, Object controller, Object[] arguments)
   at Microsoft.AspNetCore.Mvc.Infrastructure.ControllerActionInvoker.<InvokeActionMethodAsync>g__Logged|12_1(ControllerActionInvoker invoker)
   at Microsoft.AspNetCore.Mvc.Infrastructure.ControllerActionInvoker.<InvokeNextActionFilterAsync>g__Awaited|10_0(ControllerActionInvoker invoker, Task lastTask, State next, Scope scope, Object state, Boolean isCompleted)
   at Microsoft.AspNetCore.Mvc.Infrastructure.ControllerActionInvoker.Rethrow(ActionExecutedContextSealed context)
   at Microsoft.AspNetCore.Mvc.Infrastructure.ControllerActionInvoker.Next(State& next, Scope& scope, Object& state, Boolean& isCompleted)
   at Microsoft.AspNetCore.Mvc.Infrastructure.ControllerActionInvoker.<InvokeInnerFilterAsync>g__Awaited|13_0(ControllerActionInvoker invoker, Task lastTask, State next, Scope scope, Object state, Boolean isCompleted)
   at Microsoft.AspNetCore.Mvc.Infrastructure.ResourceInvoker.<InvokeFilterPipelineAsync>g__Awaited|20_0(ResourceInvoker invoker, Task lastTask, State next, Scope scope, Object state, Boolean isCompleted)
   at Microsoft.AspNetCore.Mvc.Infrastructure.ResourceInvoker.<InvokeAsync>g__Logged|17_1(ResourceInvoker invoker)
   at Microsoft.AspNetCore.Mvc.Infrastructure.ResourceInvoker.<InvokeAsync>g__Logged|17_1(ResourceInvoker invoker)
   at Microsoft.AspNetCore.Authorization.AuthorizationMiddleware.Invoke(HttpContext context)
   at Microsoft.AspNetCore.Authentication.AuthenticationMiddleware.Invoke(HttpContext context)
   at Microsoft.AspNetCore.Diagnostics.ExceptionHandlerMiddlewareImpl.<Invoke>g__Awaited|10_0(ExceptionHandlerMiddlewareImpl middleware, HttpContext context, Task task)
ClientConnectionId :4570c096-9da5-4a3a-a640-9195d2f05da7
Error Number :2812,State :62,Class :16
2026-07-24 13:59:27.118 +02:00[FTL] - Unhandled exception occurred {"SourceContext":"API_PetHealth.Middlewares.GlobalExceptionHandler","RequestId":"0HNN9FBFI18E4:00000006","RequestPath":"/api/Prescription/Item/33","ConnectionId":"0HNN9FBFI18E4","Application":"PetHealth.API","AppEnv":"Development"}
Microsoft.Data.SqlClient.SqlException (0x80131904): Could not find stored procedure 'Usp_PrescriptionItem_GetById'.
   at Microsoft.Data.SqlClient.SqlCommand.<>c.<ExecuteDbDataReaderAsync>b__270_0(Task`1 result)
   at System.Threading.Tasks.ContinuationResultTaskFromResultTask`2.InnerInvoke()
   at System.Threading.ExecutionContext.RunInternal(ExecutionContext executionContext, ContextCallback callback, Object state)
--- End of stack trace from previous location ---
   at System.Threading.ExecutionContext.RunInternal(ExecutionContext executionContext, ContextCallback callback, Object state)
   at System.Threading.Tasks.Task.ExecuteWithThreadLocal(Task& currentTaskSlot, Thread threadPoolThread)
--- End of stack trace from previous location ---
   at Dapper.SqlMapper.QueryAsync[T](IDbConnection cnn, Type effectiveType, CommandDefinition command) in /_/Dapper/SqlMapper.Async.cs:line 434
   at PetHealth.Infrastructure.Services.PrescriptionService.Execute(GetPrescriptionItemByIdQueryAsync query) in /Users/jordanmal/Documents/Projet Développement /PetHealthApplication/API/API_PetHealth/PetHealth.Infrastructure/Services/PrescriptionService.cs:line 83
   at API_PetHealth.Controllers.PrescriptionController.GetPrescriptionItemsByPrescriptionId(Int32 prescriptionId) in /Users/jordanmal/Documents/Projet Développement /PetHealthApplication/API/API_PetHealth/PetHealth.API/Controllers/PrescriptionController.cs:line 67
   at lambda_method13(Closure, Object)
   at Microsoft.AspNetCore.Mvc.Infrastructure.ActionMethodExecutor.AwaitableObjectResultExecutor.Execute(ActionContext actionContext, IActionResultTypeMapper mapper, ObjectMethodExecutor executor, Object controller, Object[] arguments)
   at Microsoft.AspNetCore.Mvc.Infrastructure.ControllerActionInvoker.<InvokeActionMethodAsync>g__Logged|12_1(ControllerActionInvoker invoker)
   at Microsoft.AspNetCore.Mvc.Infrastructure.ControllerActionInvoker.<InvokeNextActionFilterAsync>g__Awaited|10_0(ControllerActionInvoker invoker, Task lastTask, State next, Scope scope, Object state, Boolean isCompleted)
   at Microsoft.AspNetCore.Mvc.Infrastructure.ControllerActionInvoker.Rethrow(ActionExecutedContextSealed context)
   at Microsoft.AspNetCore.Mvc.Infrastructure.ControllerActionInvoker.Next(State& next, Scope& scope, Object& state, Boolean& isCompleted)
   at Microsoft.AspNetCore.Mvc.Infrastructure.ControllerActionInvoker.<InvokeInnerFilterAsync>g__Awaited|13_0(ControllerActionInvoker invoker, Task lastTask, State next, Scope scope, Object state, Boolean isCompleted)
   at Microsoft.AspNetCore.Mvc.Infrastructure.ResourceInvoker.<InvokeFilterPipelineAsync>g__Awaited|20_0(ResourceInvoker invoker, Task lastTask, State next, Scope scope, Object state, Boolean isCompleted)
   at Microsoft.AspNetCore.Mvc.Infrastructure.ResourceInvoker.<InvokeAsync>g__Logged|17_1(ResourceInvoker invoker)
   at Microsoft.AspNetCore.Mvc.Infrastructure.ResourceInvoker.<InvokeAsync>g__Logged|17_1(ResourceInvoker invoker)
   at Microsoft.AspNetCore.Authorization.AuthorizationMiddleware.Invoke(HttpContext context)
   at Microsoft.AspNetCore.Authentication.AuthenticationMiddleware.Invoke(HttpContext context)
   at Microsoft.AspNetCore.Diagnostics.ExceptionHandlerMiddlewareImpl.<Invoke>g__Awaited|10_0(ExceptionHandlerMiddlewareImpl middleware, HttpContext context, Task task)
ClientConnectionId :4570c096-9da5-4a3a-a640-9195d2f05da7
Error Number :2812,State :62,Class :16
2026-07-24 13:59:33.585 +02:00[FTL] - Unhandled exception occurred {"SourceContext":"API_PetHealth.Middlewares.GlobalExceptionHandler","RequestId":"0HNN9FBFI18E4:00000008","RequestPath":"/api/Prescription/Item/69","ConnectionId":"0HNN9FBFI18E4","Application":"PetHealth.API","AppEnv":"Development"}
Microsoft.Data.SqlClient.SqlException (0x80131904): Could not find stored procedure 'Usp_PrescriptionItem_GetById'.
   at Microsoft.Data.SqlClient.SqlCommand.<>c.<ExecuteDbDataReaderAsync>b__270_0(Task`1 result)
   at System.Threading.Tasks.ContinuationResultTaskFromResultTask`2.InnerInvoke()
   at System.Threading.ExecutionContext.RunInternal(ExecutionContext executionContext, ContextCallback callback, Object state)
--- End of stack trace from previous location ---
   at System.Threading.ExecutionContext.RunInternal(ExecutionContext executionContext, ContextCallback callback, Object state)
   at System.Threading.Tasks.Task.ExecuteWithThreadLocal(Task& currentTaskSlot, Thread threadPoolThread)
--- End of stack trace from previous location ---
   at Dapper.SqlMapper.QueryAsync[T](IDbConnection cnn, Type effectiveType, CommandDefinition command) in /_/Dapper/SqlMapper.Async.cs:line 434
   at PetHealth.Infrastructure.Services.PrescriptionService.Execute(GetPrescriptionItemByIdQueryAsync query) in /Users/jordanmal/Documents/Projet Développement /PetHealthApplication/API/API_PetHealth/PetHealth.Infrastructure/Services/PrescriptionService.cs:line 83
   at API_PetHealth.Controllers.PrescriptionController.GetPrescriptionItemsByPrescriptionId(Int32 prescriptionId) in /Users/jordanmal/Documents/Projet Développement /PetHealthApplication/API/API_PetHealth/PetHealth.API/Controllers/PrescriptionController.cs:line 67
   at lambda_method13(Closure, Object)
   at Microsoft.AspNetCore.Mvc.Infrastructure.ActionMethodExecutor.AwaitableObjectResultExecutor.Execute(ActionContext actionContext, IActionResultTypeMapper mapper, ObjectMethodExecutor executor, Object controller, Object[] arguments)
   at Microsoft.AspNetCore.Mvc.Infrastructure.ControllerActionInvoker.<InvokeActionMethodAsync>g__Logged|12_1(ControllerActionInvoker invoker)
   at Microsoft.AspNetCore.Mvc.Infrastructure.ControllerActionInvoker.<InvokeNextActionFilterAsync>g__Awaited|10_0(ControllerActionInvoker invoker, Task lastTask, State next, Scope scope, Object state, Boolean isCompleted)
   at Microsoft.AspNetCore.Mvc.Infrastructure.ControllerActionInvoker.Rethrow(ActionExecutedContextSealed context)
   at Microsoft.AspNetCore.Mvc.Infrastructure.ControllerActionInvoker.Next(State& next, Scope& scope, Object& state, Boolean& isCompleted)
   at Microsoft.AspNetCore.Mvc.Infrastructure.ControllerActionInvoker.<InvokeInnerFilterAsync>g__Awaited|13_0(ControllerActionInvoker invoker, Task lastTask, State next, Scope scope, Object state, Boolean isCompleted)
   at Microsoft.AspNetCore.Mvc.Infrastructure.ResourceInvoker.<InvokeFilterPipelineAsync>g__Awaited|20_0(ResourceInvoker invoker, Task lastTask, State next, Scope scope, Object state, Boolean isCompleted)
   at Microsoft.AspNetCore.Mvc.Infrastructure.ResourceInvoker.<InvokeAsync>g__Logged|17_1(ResourceInvoker invoker)
   at Microsoft.AspNetCore.Mvc.Infrastructure.ResourceInvoker.<InvokeAsync>g__Logged|17_1(ResourceInvoker invoker)
   at Microsoft.AspNetCore.Authorization.AuthorizationMiddleware.Invoke(HttpContext context)
   at Microsoft.AspNetCore.Authentication.AuthenticationMiddleware.Invoke(HttpContext context)
   at Microsoft.AspNetCore.Diagnostics.ExceptionHandlerMiddlewareImpl.<Invoke>g__Awaited|10_0(ExceptionHandlerMiddlewareImpl middleware, HttpContext context, Task task)
ClientConnectionId :4570c096-9da5-4a3a-a640-9195d2f05da7
Error Number :2812,State :62,Class :16
2026-07-24 13:59:34.679 +02:00[FTL] - Unhandled exception occurred {"SourceContext":"API_PetHealth.Middlewares.GlobalExceptionHandler","RequestId":"0HNN9FBFI18E4:0000000A","RequestPath":"/api/Prescription/Item/70","ConnectionId":"0HNN9FBFI18E4","Application":"PetHealth.API","AppEnv":"Development"}
Microsoft.Data.SqlClient.SqlException (0x80131904): Could not find stored procedure 'Usp_PrescriptionItem_GetById'.
   at Microsoft.Data.SqlClient.SqlCommand.<>c.<ExecuteDbDataReaderAsync>b__270_0(Task`1 result)
   at System.Threading.Tasks.ContinuationResultTaskFromResultTask`2.InnerInvoke()
   at System.Threading.ExecutionContext.RunInternal(ExecutionContext executionContext, ContextCallback callback, Object state)
--- End of stack trace from previous location ---
   at System.Threading.ExecutionContext.RunInternal(ExecutionContext executionContext, ContextCallback callback, Object state)
   at System.Threading.Tasks.Task.ExecuteWithThreadLocal(Task& currentTaskSlot, Thread threadPoolThread)
--- End of stack trace from previous location ---
   at Dapper.SqlMapper.QueryAsync[T](IDbConnection cnn, Type effectiveType, CommandDefinition command) in /_/Dapper/SqlMapper.Async.cs:line 434
   at PetHealth.Infrastructure.Services.PrescriptionService.Execute(GetPrescriptionItemByIdQueryAsync query) in /Users/jordanmal/Documents/Projet Développement /PetHealthApplication/API/API_PetHealth/PetHealth.Infrastructure/Services/PrescriptionService.cs:line 83
   at API_PetHealth.Controllers.PrescriptionController.GetPrescriptionItemsByPrescriptionId(Int32 prescriptionId) in /Users/jordanmal/Documents/Projet Développement /PetHealthApplication/API/API_PetHealth/PetHealth.API/Controllers/PrescriptionController.cs:line 67
   at lambda_method13(Closure, Object)
   at Microsoft.AspNetCore.Mvc.Infrastructure.ActionMethodExecutor.AwaitableObjectResultExecutor.Execute(ActionContext actionContext, IActionResultTypeMapper mapper, ObjectMethodExecutor executor, Object controller, Object[] arguments)
   at Microsoft.AspNetCore.Mvc.Infrastructure.ControllerActionInvoker.<InvokeActionMethodAsync>g__Logged|12_1(ControllerActionInvoker invoker)
   at Microsoft.AspNetCore.Mvc.Infrastructure.ControllerActionInvoker.<InvokeNextActionFilterAsync>g__Awaited|10_0(ControllerActionInvoker invoker, Task lastTask, State next, Scope scope, Object state, Boolean isCompleted)
   at Microsoft.AspNetCore.Mvc.Infrastructure.ControllerActionInvoker.Rethrow(ActionExecutedContextSealed context)
   at Microsoft.AspNetCore.Mvc.Infrastructure.ControllerActionInvoker.Next(State& next, Scope& scope, Object& state, Boolean& isCompleted)
   at Microsoft.AspNetCore.Mvc.Infrastructure.ControllerActionInvoker.<InvokeInnerFilterAsync>g__Awaited|13_0(ControllerActionInvoker invoker, Task lastTask, State next, Scope scope, Object state, Boolean isCompleted)
   at Microsoft.AspNetCore.Mvc.Infrastructure.ResourceInvoker.<InvokeFilterPipelineAsync>g__Awaited|20_0(ResourceInvoker invoker, Task lastTask, State next, Scope scope, Object state, Boolean isCompleted)
   at Microsoft.AspNetCore.Mvc.Infrastructure.ResourceInvoker.<InvokeAsync>g__Logged|17_1(ResourceInvoker invoker)
   at Microsoft.AspNetCore.Mvc.Infrastructure.ResourceInvoker.<InvokeAsync>g__Logged|17_1(ResourceInvoker invoker)
   at Microsoft.AspNetCore.Authorization.AuthorizationMiddleware.Invoke(HttpContext context)
   at Microsoft.AspNetCore.Authentication.AuthenticationMiddleware.Invoke(HttpContext context)
   at Microsoft.AspNetCore.Diagnostics.ExceptionHandlerMiddlewareImpl.<Invoke>g__Awaited|10_0(ExceptionHandlerMiddlewareImpl middleware, HttpContext context, Task task)
ClientConnectionId :4570c096-9da5-4a3a-a640-9195d2f05da7
Error Number :2812,State :62,Class :16
2026-07-24 13:59:35.857 +02:00[FTL] - Unhandled exception occurred {"SourceContext":"API_PetHealth.Middlewares.GlobalExceptionHandler","RequestId":"0HNN9FBFI18E4:0000000C","RequestPath":"/api/Prescription/Item/52","ConnectionId":"0HNN9FBFI18E4","Application":"PetHealth.API","AppEnv":"Development"}
Microsoft.Data.SqlClient.SqlException (0x80131904): Could not find stored procedure 'Usp_PrescriptionItem_GetById'.
   at Microsoft.Data.SqlClient.SqlCommand.<>c.<ExecuteDbDataReaderAsync>b__270_0(Task`1 result)
   at System.Threading.Tasks.ContinuationResultTaskFromResultTask`2.InnerInvoke()
   at System.Threading.ExecutionContext.RunInternal(ExecutionContext executionContext, ContextCallback callback, Object state)
--- End of stack trace from previous location ---
   at System.Threading.ExecutionContext.RunInternal(ExecutionContext executionContext, ContextCallback callback, Object state)
   at System.Threading.Tasks.Task.ExecuteWithThreadLocal(Task& currentTaskSlot, Thread threadPoolThread)
--- End of stack trace from previous location ---
   at Dapper.SqlMapper.QueryAsync[T](IDbConnection cnn, Type effectiveType, CommandDefinition command) in /_/Dapper/SqlMapper.Async.cs:line 434
   at PetHealth.Infrastructure.Services.PrescriptionService.Execute(GetPrescriptionItemByIdQueryAsync query) in /Users/jordanmal/Documents/Projet Développement /PetHealthApplication/API/API_PetHealth/PetHealth.Infrastructure/Services/PrescriptionService.cs:line 83
   at API_PetHealth.Controllers.PrescriptionController.GetPrescriptionItemsByPrescriptionId(Int32 prescriptionId) in /Users/jordanmal/Documents/Projet Développement /PetHealthApplication/API/API_PetHealth/PetHealth.API/Controllers/PrescriptionController.cs:line 67
   at lambda_method13(Closure, Object)
   at Microsoft.AspNetCore.Mvc.Infrastructure.ActionMethodExecutor.AwaitableObjectResultExecutor.Execute(ActionContext actionContext, IActionResultTypeMapper mapper, ObjectMethodExecutor executor, Object controller, Object[] arguments)
   at Microsoft.AspNetCore.Mvc.Infrastructure.ControllerActionInvoker.<InvokeActionMethodAsync>g__Logged|12_1(ControllerActionInvoker invoker)
   at Microsoft.AspNetCore.Mvc.Infrastructure.ControllerActionInvoker.<InvokeNextActionFilterAsync>g__Awaited|10_0(ControllerActionInvoker invoker, Task lastTask, State next, Scope scope, Object state, Boolean isCompleted)
   at Microsoft.AspNetCore.Mvc.Infrastructure.ControllerActionInvoker.Rethrow(ActionExecutedContextSealed context)
   at Microsoft.AspNetCore.Mvc.Infrastructure.ControllerActionInvoker.Next(State& next, Scope& scope, Object& state, Boolean& isCompleted)
   at Microsoft.AspNetCore.Mvc.Infrastructure.ControllerActionInvoker.<InvokeInnerFilterAsync>g__Awaited|13_0(ControllerActionInvoker invoker, Task lastTask, State next, Scope scope, Object state, Boolean isCompleted)
   at Microsoft.AspNetCore.Mvc.Infrastructure.ResourceInvoker.<InvokeFilterPipelineAsync>g__Awaited|20_0(ResourceInvoker invoker, Task lastTask, State next, Scope scope, Object state, Boolean isCompleted)
   at Microsoft.AspNetCore.Mvc.Infrastructure.ResourceInvoker.<InvokeAsync>g__Logged|17_1(ResourceInvoker invoker)
   at Microsoft.AspNetCore.Mvc.Infrastructure.ResourceInvoker.<InvokeAsync>g__Logged|17_1(ResourceInvoker invoker)
   at Microsoft.AspNetCore.Authorization.AuthorizationMiddleware.Invoke(HttpContext context)
   at Microsoft.AspNetCore.Authentication.AuthenticationMiddleware.Invoke(HttpContext context)
   at Microsoft.AspNetCore.Diagnostics.ExceptionHandlerMiddlewareImpl.<Invoke>g__Awaited|10_0(ExceptionHandlerMiddlewareImpl middleware, HttpContext context, Task task)
ClientConnectionId :4570c096-9da5-4a3a-a640-9195d2f05da7
Error Number :2812,State :62,Class :16
2026-07-24 13:59:37.047 +02:00[FTL] - Unhandled exception occurred {"SourceContext":"API_PetHealth.Middlewares.GlobalExceptionHandler","RequestId":"0HNN9FBFI18E4:0000000E","RequestPath":"/api/Prescription/Item/63","ConnectionId":"0HNN9FBFI18E4","Application":"PetHealth.API","AppEnv":"Development"}
Microsoft.Data.SqlClient.SqlException (0x80131904): Could not find stored procedure 'Usp_PrescriptionItem_GetById'.
   at Microsoft.Data.SqlClient.SqlCommand.<>c.<ExecuteDbDataReaderAsync>b__270_0(Task`1 result)
   at System.Threading.Tasks.ContinuationResultTaskFromResultTask`2.InnerInvoke()
   at System.Threading.ExecutionContext.RunInternal(ExecutionContext executionContext, ContextCallback callback, Object state)
--- End of stack trace from previous location ---
   at System.Threading.ExecutionContext.RunInternal(ExecutionContext executionContext, ContextCallback callback, Object state)
   at System.Threading.Tasks.Task.ExecuteWithThreadLocal(Task& currentTaskSlot, Thread threadPoolThread)
--- End of stack trace from previous location ---
   at Dapper.SqlMapper.QueryAsync[T](IDbConnection cnn, Type effectiveType, CommandDefinition command) in /_/Dapper/SqlMapper.Async.cs:line 434
   at PetHealth.Infrastructure.Services.PrescriptionService.Execute(GetPrescriptionItemByIdQueryAsync query) in /Users/jordanmal/Documents/Projet Développement /PetHealthApplication/API/API_PetHealth/PetHealth.Infrastructure/Services/PrescriptionService.cs:line 83
   at API_PetHealth.Controllers.PrescriptionController.GetPrescriptionItemsByPrescriptionId(Int32 prescriptionId) in /Users/jordanmal/Documents/Projet Développement /PetHealthApplication/API/API_PetHealth/PetHealth.API/Controllers/PrescriptionController.cs:line 67
   at lambda_method13(Closure, Object)
   at Microsoft.AspNetCore.Mvc.Infrastructure.ActionMethodExecutor.AwaitableObjectResultExecutor.Execute(ActionContext actionContext, IActionResultTypeMapper mapper, ObjectMethodExecutor executor, Object controller, Object[] arguments)
   at Microsoft.AspNetCore.Mvc.Infrastructure.ControllerActionInvoker.<InvokeActionMethodAsync>g__Logged|12_1(ControllerActionInvoker invoker)
   at Microsoft.AspNetCore.Mvc.Infrastructure.ControllerActionInvoker.<InvokeNextActionFilterAsync>g__Awaited|10_0(ControllerActionInvoker invoker, Task lastTask, State next, Scope scope, Object state, Boolean isCompleted)
   at Microsoft.AspNetCore.Mvc.Infrastructure.ControllerActionInvoker.Rethrow(ActionExecutedContextSealed context)
   at Microsoft.AspNetCore.Mvc.Infrastructure.ControllerActionInvoker.Next(State& next, Scope& scope, Object& state, Boolean& isCompleted)
   at Microsoft.AspNetCore.Mvc.Infrastructure.ControllerActionInvoker.<InvokeInnerFilterAsync>g__Awaited|13_0(ControllerActionInvoker invoker, Task lastTask, State next, Scope scope, Object state, Boolean isCompleted)
   at Microsoft.AspNetCore.Mvc.Infrastructure.ResourceInvoker.<InvokeFilterPipelineAsync>g__Awaited|20_0(ResourceInvoker invoker, Task lastTask, State next, Scope scope, Object state, Boolean isCompleted)
   at Microsoft.AspNetCore.Mvc.Infrastructure.ResourceInvoker.<InvokeAsync>g__Logged|17_1(ResourceInvoker invoker)
   at Microsoft.AspNetCore.Mvc.Infrastructure.ResourceInvoker.<InvokeAsync>g__Logged|17_1(ResourceInvoker invoker)
   at Microsoft.AspNetCore.Authorization.AuthorizationMiddleware.Invoke(HttpContext context)
   at Microsoft.AspNetCore.Authentication.AuthenticationMiddleware.Invoke(HttpContext context)
   at Microsoft.AspNetCore.Diagnostics.ExceptionHandlerMiddlewareImpl.<Invoke>g__Awaited|10_0(ExceptionHandlerMiddlewareImpl middleware, HttpContext context, Task task)
ClientConnectionId :4570c096-9da5-4a3a-a640-9195d2f05da7
Error Number :2812,State :62,Class :16
2026-07-24 13:59:38.776 +02:00[FTL] - Unhandled exception occurred {"SourceContext":"API_PetHealth.Middlewares.GlobalExceptionHandler","RequestId":"0HNN9FBFI18E4:00000010","RequestPath":"/api/Prescription/Item/47","ConnectionId":"0HNN9FBFI18E4","Application":"PetHealth.API","AppEnv":"Development"}
Microsoft.Data.SqlClient.SqlException (0x80131904): Could not find stored procedure 'Usp_PrescriptionItem_GetById'.
   at Microsoft.Data.SqlClient.SqlCommand.<>c.<ExecuteDbDataReaderAsync>b__270_0(Task`1 result)
   at System.Threading.Tasks.ContinuationResultTaskFromResultTask`2.InnerInvoke()
   at System.Threading.ExecutionContext.RunInternal(ExecutionContext executionContext, ContextCallback callback, Object state)
--- End of stack trace from previous location ---
   at System.Threading.ExecutionContext.RunInternal(ExecutionContext executionContext, ContextCallback callback, Object state)
   at System.Threading.Tasks.Task.ExecuteWithThreadLocal(Task& currentTaskSlot, Thread threadPoolThread)
--- End of stack trace from previous location ---
   at Dapper.SqlMapper.QueryAsync[T](IDbConnection cnn, Type effectiveType, CommandDefinition command) in /_/Dapper/SqlMapper.Async.cs:line 434
   at PetHealth.Infrastructure.Services.PrescriptionService.Execute(GetPrescriptionItemByIdQueryAsync query) in /Users/jordanmal/Documents/Projet Développement /PetHealthApplication/API/API_PetHealth/PetHealth.Infrastructure/Services/PrescriptionService.cs:line 83
   at API_PetHealth.Controllers.PrescriptionController.GetPrescriptionItemsByPrescriptionId(Int32 prescriptionId) in /Users/jordanmal/Documents/Projet Développement /PetHealthApplication/API/API_PetHealth/PetHealth.API/Controllers/PrescriptionController.cs:line 67
   at lambda_method13(Closure, Object)
   at Microsoft.AspNetCore.Mvc.Infrastructure.ActionMethodExecutor.AwaitableObjectResultExecutor.Execute(ActionContext actionContext, IActionResultTypeMapper mapper, ObjectMethodExecutor executor, Object controller, Object[] arguments)
   at Microsoft.AspNetCore.Mvc.Infrastructure.ControllerActionInvoker.<InvokeActionMethodAsync>g__Logged|12_1(ControllerActionInvoker invoker)
   at Microsoft.AspNetCore.Mvc.Infrastructure.ControllerActionInvoker.<InvokeNextActionFilterAsync>g__Awaited|10_0(ControllerActionInvoker invoker, Task lastTask, State next, Scope scope, Object state, Boolean isCompleted)
   at Microsoft.AspNetCore.Mvc.Infrastructure.ControllerActionInvoker.Rethrow(ActionExecutedContextSealed context)
   at Microsoft.AspNetCore.Mvc.Infrastructure.ControllerActionInvoker.Next(State& next, Scope& scope, Object& state, Boolean& isCompleted)
   at Microsoft.AspNetCore.Mvc.Infrastructure.ControllerActionInvoker.<InvokeInnerFilterAsync>g__Awaited|13_0(ControllerActionInvoker invoker, Task lastTask, State next, Scope scope, Object state, Boolean isCompleted)
   at Microsoft.AspNetCore.Mvc.Infrastructure.ResourceInvoker.<InvokeFilterPipelineAsync>g__Awaited|20_0(ResourceInvoker invoker, Task lastTask, State next, Scope scope, Object state, Boolean isCompleted)
   at Microsoft.AspNetCore.Mvc.Infrastructure.ResourceInvoker.<InvokeAsync>g__Logged|17_1(ResourceInvoker invoker)
   at Microsoft.AspNetCore.Mvc.Infrastructure.ResourceInvoker.<InvokeAsync>g__Logged|17_1(ResourceInvoker invoker)
   at Microsoft.AspNetCore.Authorization.AuthorizationMiddleware.Invoke(HttpContext context)
   at Microsoft.AspNetCore.Authentication.AuthenticationMiddleware.Invoke(HttpContext context)
   at Microsoft.AspNetCore.Diagnostics.ExceptionHandlerMiddlewareImpl.<Invoke>g__Awaited|10_0(ExceptionHandlerMiddlewareImpl middleware, HttpContext context, Task task)
ClientConnectionId :4570c096-9da5-4a3a-a640-9195d2f05da7
Error Number :2812,State :62,Class :16
2026-07-24 14:00:58.577 +02:00[FTL] - Unhandled exception occurred {"SourceContext":"API_PetHealth.Middlewares.GlobalExceptionHandler","RequestId":"0HNN9FCS90EEL:00000004","RequestPath":"/api/Prescription/Item/33","ConnectionId":"0HNN9FCS90EEL","Application":"PetHealth.API","AppEnv":"Development"}
Microsoft.Data.SqlClient.SqlException (0x80131904): Procedure or function 'usp_PrescriptionItem_GetByPrescriptionId' expects parameter '@PrescriptionId', which was not supplied.
   at Microsoft.Data.SqlClient.SqlCommand.<>c.<ExecuteDbDataReaderAsync>b__270_0(Task`1 result)
   at System.Threading.Tasks.ContinuationResultTaskFromResultTask`2.InnerInvoke()
   at System.Threading.ExecutionContext.RunInternal(ExecutionContext executionContext, ContextCallback callback, Object state)
--- End of stack trace from previous location ---
   at System.Threading.ExecutionContext.RunInternal(ExecutionContext executionContext, ContextCallback callback, Object state)
   at System.Threading.Tasks.Task.ExecuteWithThreadLocal(Task& currentTaskSlot, Thread threadPoolThread)
--- End of stack trace from previous location ---
   at Dapper.SqlMapper.QueryAsync[T](IDbConnection cnn, Type effectiveType, CommandDefinition command) in /_/Dapper/SqlMapper.Async.cs:line 434
   at PetHealth.Infrastructure.Services.PrescriptionService.Execute(GetPrescriptionItemByIdQueryAsync query) in /Users/jordanmal/Documents/Projet Développement /PetHealthApplication/API/API_PetHealth/PetHealth.Infrastructure/Services/PrescriptionService.cs:line 83
   at API_PetHealth.Controllers.PrescriptionController.GetPrescriptionItemsByPrescriptionId(Int32 prescriptionId) in /Users/jordanmal/Documents/Projet Développement /PetHealthApplication/API/API_PetHealth/PetHealth.API/Controllers/PrescriptionController.cs:line 67
   at lambda_method13(Closure, Object)
   at Microsoft.AspNetCore.Mvc.Infrastructure.ActionMethodExecutor.AwaitableObjectResultExecutor.Execute(ActionContext actionContext, IActionResultTypeMapper mapper, ObjectMethodExecutor executor, Object controller, Object[] arguments)
   at Microsoft.AspNetCore.Mvc.Infrastructure.ControllerActionInvoker.<InvokeActionMethodAsync>g__Logged|12_1(ControllerActionInvoker invoker)
   at Microsoft.AspNetCore.Mvc.Infrastructure.ControllerActionInvoker.<InvokeNextActionFilterAsync>g__Awaited|10_0(ControllerActionInvoker invoker, Task lastTask, State next, Scope scope, Object state, Boolean isCompleted)
   at Microsoft.AspNetCore.Mvc.Infrastructure.ControllerActionInvoker.Rethrow(ActionExecutedContextSealed context)
   at Microsoft.AspNetCore.Mvc.Infrastructure.ControllerActionInvoker.Next(State& next, Scope& scope, Object& state, Boolean& isCompleted)
   at Microsoft.AspNetCore.Mvc.Infrastructure.ControllerActionInvoker.<InvokeInnerFilterAsync>g__Awaited|13_0(ControllerActionInvoker invoker, Task lastTask, State next, Scope scope, Object state, Boolean isCompleted)
   at Microsoft.AspNetCore.Mvc.Infrastructure.ResourceInvoker.<InvokeFilterPipelineAsync>g__Awaited|20_0(ResourceInvoker invoker, Task lastTask, State next, Scope scope, Object state, Boolean isCompleted)
   at Microsoft.AspNetCore.Mvc.Infrastructure.ResourceInvoker.<InvokeAsync>g__Logged|17_1(ResourceInvoker invoker)
   at Microsoft.AspNetCore.Mvc.Infrastructure.ResourceInvoker.<InvokeAsync>g__Logged|17_1(ResourceInvoker invoker)
   at Microsoft.AspNetCore.Authorization.AuthorizationMiddleware.Invoke(HttpContext context)
   at Microsoft.AspNetCore.Authentication.AuthenticationMiddleware.Invoke(HttpContext context)
   at Microsoft.AspNetCore.Diagnostics.ExceptionHandlerMiddlewareImpl.<Invoke>g__Awaited|10_0(ExceptionHandlerMiddlewareImpl middleware, HttpContext context, Task task)
ClientConnectionId :3a1bf5ed-7e70-49d5-90bc-26633db81d0a
Error Number :201,State :4,Class :16
2026-07-24 14:04:14.312 +02:00[FTL] - Unhandled exception occurred {"SourceContext":"API_PetHealth.Middlewares.GlobalExceptionHandler","RequestId":"0HNN9FCS90EEM:00000004","RequestPath":"/api/Prescription/Item/33","ConnectionId":"0HNN9FCS90EEM","Application":"PetHealth.API","AppEnv":"Development"}
Microsoft.Data.SqlClient.SqlException (0x80131904): Procedure or function 'usp_PrescriptionItem_GetByPrescriptionId' expects parameter '@PrescriptionId', which was not supplied.
   at Microsoft.Data.SqlClient.SqlCommand.<>c.<ExecuteDbDataReaderAsync>b__270_0(Task`1 result)
   at System.Threading.Tasks.ContinuationResultTaskFromResultTask`2.InnerInvoke()
   at System.Threading.ExecutionContext.RunInternal(ExecutionContext executionContext, ContextCallback callback, Object state)
--- End of stack trace from previous location ---
   at System.Threading.ExecutionContext.RunInternal(ExecutionContext executionContext, ContextCallback callback, Object state)
   at System.Threading.Tasks.Task.ExecuteWithThreadLocal(Task& currentTaskSlot, Thread threadPoolThread)
--- End of stack trace from previous location ---
   at Dapper.SqlMapper.QueryAsync[T](IDbConnection cnn, Type effectiveType, CommandDefinition command) in /_/Dapper/SqlMapper.Async.cs:line 434
   at PetHealth.Infrastructure.Services.PrescriptionService.Execute(GetPrescriptionItemByIdQueryAsync query) in /Users/jordanmal/Documents/Projet Développement /PetHealthApplication/API/API_PetHealth/PetHealth.Infrastructure/Services/PrescriptionService.cs:line 83
   at API_PetHealth.Controllers.PrescriptionController.GetPrescriptionItemsByPrescriptionId(Int32 prescriptionId) in /Users/jordanmal/Documents/Projet Développement /PetHealthApplication/API/API_PetHealth/PetHealth.API/Controllers/PrescriptionController.cs:line 67
   at lambda_method13(Closure, Object)
   at Microsoft.AspNetCore.Mvc.Infrastructure.ActionMethodExecutor.AwaitableObjectResultExecutor.Execute(ActionContext actionContext, IActionResultTypeMapper mapper, ObjectMethodExecutor executor, Object controller, Object[] arguments)
   at Microsoft.AspNetCore.Mvc.Infrastructure.ControllerActionInvoker.<InvokeActionMethodAsync>g__Logged|12_1(ControllerActionInvoker invoker)
   at Microsoft.AspNetCore.Mvc.Infrastructure.ControllerActionInvoker.<InvokeNextActionFilterAsync>g__Awaited|10_0(ControllerActionInvoker invoker, Task lastTask, State next, Scope scope, Object state, Boolean isCompleted)
   at Microsoft.AspNetCore.Mvc.Infrastructure.ControllerActionInvoker.Rethrow(ActionExecutedContextSealed context)
   at Microsoft.AspNetCore.Mvc.Infrastructure.ControllerActionInvoker.Next(State& next, Scope& scope, Object& state, Boolean& isCompleted)
   at Microsoft.AspNetCore.Mvc.Infrastructure.ControllerActionInvoker.<InvokeInnerFilterAsync>g__Awaited|13_0(ControllerActionInvoker invoker, Task lastTask, State next, Scope scope, Object state, Boolean isCompleted)
   at Microsoft.AspNetCore.Mvc.Infrastructure.ResourceInvoker.<InvokeFilterPipelineAsync>g__Awaited|20_0(ResourceInvoker invoker, Task lastTask, State next, Scope scope, Object state, Boolean isCompleted)
   at Microsoft.AspNetCore.Mvc.Infrastructure.ResourceInvoker.<InvokeAsync>g__Logged|17_1(ResourceInvoker invoker)
   at Microsoft.AspNetCore.Mvc.Infrastructure.ResourceInvoker.<InvokeAsync>g__Logged|17_1(ResourceInvoker invoker)
   at Microsoft.AspNetCore.Authorization.AuthorizationMiddleware.Invoke(HttpContext context)
   at Microsoft.AspNetCore.Authentication.AuthenticationMiddleware.Invoke(HttpContext context)
   at Microsoft.AspNetCore.Diagnostics.ExceptionHandlerMiddlewareImpl.<Invoke>g__Awaited|10_0(ExceptionHandlerMiddlewareImpl middleware, HttpContext context, Task task)
ClientConnectionId :3a1bf5ed-7e70-49d5-90bc-26633db81d0a
Error Number :201,State :4,Class :16
2026-07-24 14:09:46.166 +02:00[FTL] - Unhandled exception occurred {"SourceContext":"API_PetHealth.Middlewares.GlobalExceptionHandler","RequestId":"0HNN9FEU2UDB4:00000002","RequestPath":"/api/Medicine","ConnectionId":"0HNN9FEU2UDB4","Application":"PetHealth.API","AppEnv":"Development"}
System.InvalidOperationException: Unable to resolve service for type 'PetHealth.Application.Repositories.IMedicineRepository' while attempting to activate 'API_PetHealth.Controllers.MedicineController'.
   at Microsoft.Extensions.DependencyInjection.ActivatorUtilities.ThrowHelperUnableToResolveService(Type type, Type requiredBy)
   at lambda_method25(Closure, IServiceProvider, Object[])
   at Microsoft.AspNetCore.Mvc.Controllers.ControllerFactoryProvider.<>c__DisplayClass6_0.<CreateControllerFactory>g__CreateController|0(ControllerContext controllerContext)
   at Microsoft.AspNetCore.Mvc.Infrastructure.ControllerActionInvoker.Next(State& next, Scope& scope, Object& state, Boolean& isCompleted)
   at Microsoft.AspNetCore.Mvc.Infrastructure.ControllerActionInvoker.InvokeInnerFilterAsync()
--- End of stack trace from previous location ---
   at Microsoft.AspNetCore.Mvc.Infrastructure.ResourceInvoker.<InvokeFilterPipelineAsync>g__Awaited|20_0(ResourceInvoker invoker, Task lastTask, State next, Scope scope, Object state, Boolean isCompleted)
   at Microsoft.AspNetCore.Mvc.Infrastructure.ResourceInvoker.<InvokeAsync>g__Logged|17_1(ResourceInvoker invoker)
   at Microsoft.AspNetCore.Mvc.Infrastructure.ResourceInvoker.<InvokeAsync>g__Logged|17_1(ResourceInvoker invoker)
   at Microsoft.AspNetCore.Authorization.AuthorizationMiddleware.Invoke(HttpContext context)
   at Microsoft.AspNetCore.Authentication.AuthenticationMiddleware.Invoke(HttpContext context)
   at Microsoft.AspNetCore.Diagnostics.ExceptionHandlerMiddlewareImpl.<Invoke>g__Awaited|10_0(ExceptionHandlerMiddlewareImpl middleware, HttpContext context, Task task)
2026-07-24 14:11:11.482 +02:00[FTL] - Unhandled exception occurred {"SourceContext":"API_PetHealth.Middlewares.GlobalExceptionHandler","RequestId":"0HNN9FEU2UDB4:00000009","RequestPath":"/api/Medicine","ConnectionId":"0HNN9FEU2UDB4","Application":"PetHealth.API","AppEnv":"Development"}
System.InvalidOperationException: Unable to resolve service for type 'PetHealth.Application.Repositories.IMedicineRepository' while attempting to activate 'API_PetHealth.Controllers.MedicineController'.
   at Microsoft.Extensions.DependencyInjection.ActivatorUtilities.ThrowHelperUnableToResolveService(Type type, Type requiredBy)
   at lambda_method25(Closure, IServiceProvider, Object[])
   at Microsoft.AspNetCore.Mvc.Controllers.ControllerFactoryProvider.<>c__DisplayClass6_0.<CreateControllerFactory>g__CreateController|0(ControllerContext controllerContext)
   at Microsoft.AspNetCore.Mvc.Infrastructure.ControllerActionInvoker.Next(State& next, Scope& scope, Object& state, Boolean& isCompleted)
   at Microsoft.AspNetCore.Mvc.Infrastructure.ControllerActionInvoker.InvokeInnerFilterAsync()
--- End of stack trace from previous location ---
   at Microsoft.AspNetCore.Mvc.Infrastructure.ResourceInvoker.<InvokeFilterPipelineAsync>g__Awaited|20_0(ResourceInvoker invoker, Task lastTask, State next, Scope scope, Object state, Boolean isCompleted)
   at Microsoft.AspNetCore.Mvc.Infrastructure.ResourceInvoker.<InvokeAsync>g__Logged|17_1(ResourceInvoker invoker)
   at Microsoft.AspNetCore.Mvc.Infrastructure.ResourceInvoker.<InvokeAsync>g__Logged|17_1(ResourceInvoker invoker)
   at Microsoft.AspNetCore.Authorization.AuthorizationMiddleware.Invoke(HttpContext context)
   at Microsoft.AspNetCore.Authentication.AuthenticationMiddleware.Invoke(HttpContext context)
   at Microsoft.AspNetCore.Diagnostics.ExceptionHandlerMiddlewareImpl.<Invoke>g__Awaited|10_0(ExceptionHandlerMiddlewareImpl middleware, HttpContext context, Task task)
2026-07-24 14:11:38.211 +02:00[FTL] - Unhandled exception occurred {"SourceContext":"API_PetHealth.Middlewares.GlobalExceptionHandler","RequestId":"0HNN9FEU2UDB2:00000013","RequestPath":"/api/Medicine","ConnectionId":"0HNN9FEU2UDB2","Application":"PetHealth.API","AppEnv":"Development"}
System.InvalidOperationException: Unable to resolve service for type 'PetHealth.Application.Repositories.IMedicineRepository' while attempting to activate 'API_PetHealth.Controllers.MedicineController'.
   at Microsoft.Extensions.DependencyInjection.ActivatorUtilities.ThrowHelperUnableToResolveService(Type type, Type requiredBy)
   at lambda_method25(Closure, IServiceProvider, Object[])
   at Microsoft.AspNetCore.Mvc.Controllers.ControllerFactoryProvider.<>c__DisplayClass6_0.<CreateControllerFactory>g__CreateController|0(ControllerContext controllerContext)
   at Microsoft.AspNetCore.Mvc.Infrastructure.ControllerActionInvoker.Next(State& next, Scope& scope, Object& state, Boolean& isCompleted)
   at Microsoft.AspNetCore.Mvc.Infrastructure.ControllerActionInvoker.InvokeInnerFilterAsync()
--- End of stack trace from previous location ---
   at Microsoft.AspNetCore.Mvc.Infrastructure.ResourceInvoker.<InvokeFilterPipelineAsync>g__Awaited|20_0(ResourceInvoker invoker, Task lastTask, State next, Scope scope, Object state, Boolean isCompleted)
   at Microsoft.AspNetCore.Mvc.Infrastructure.ResourceInvoker.<InvokeAsync>g__Logged|17_1(ResourceInvoker invoker)
   at Microsoft.AspNetCore.Mvc.Infrastructure.ResourceInvoker.<InvokeAsync>g__Logged|17_1(ResourceInvoker invoker)
   at Microsoft.AspNetCore.Authorization.AuthorizationMiddleware.Invoke(HttpContext context)
   at Microsoft.AspNetCore.Authentication.AuthenticationMiddleware.Invoke(HttpContext context)
   at Microsoft.AspNetCore.Diagnostics.ExceptionHandlerMiddlewareImpl.<Invoke>g__Awaited|10_0(ExceptionHandlerMiddlewareImpl middleware, HttpContext context, Task task)
2026-07-24 14:12:25.502 +02:00[FTL] - Unhandled exception occurred {"SourceContext":"API_PetHealth.Middlewares.GlobalExceptionHandler","RequestId":"0HNN9FJ9C3H7L:00000002","RequestPath":"/api/Medicine","ConnectionId":"0HNN9FJ9C3H7L","Application":"PetHealth.API","AppEnv":"Development"}
System.InvalidOperationException: Unable to resolve service for type 'PetHealth.Application.Repositories.IMedicineRepository' while attempting to activate 'API_PetHealth.Controllers.MedicineController'.
   at Microsoft.Extensions.DependencyInjection.ActivatorUtilities.ThrowHelperUnableToResolveService(Type type, Type requiredBy)
   at lambda_method16(Closure, IServiceProvider, Object[])
   at Microsoft.AspNetCore.Mvc.Controllers.ControllerFactoryProvider.<>c__DisplayClass6_0.<CreateControllerFactory>g__CreateController|0(ControllerContext controllerContext)
   at Microsoft.AspNetCore.Mvc.Infrastructure.ControllerActionInvoker.Next(State& next, Scope& scope, Object& state, Boolean& isCompleted)
   at Microsoft.AspNetCore.Mvc.Infrastructure.ControllerActionInvoker.InvokeInnerFilterAsync()
--- End of stack trace from previous location ---
   at Microsoft.AspNetCore.Mvc.Infrastructure.ResourceInvoker.<InvokeFilterPipelineAsync>g__Awaited|20_0(ResourceInvoker invoker, Task lastTask, State next, Scope scope, Object state, Boolean isCompleted)
   at Microsoft.AspNetCore.Mvc.Infrastructure.ResourceInvoker.<InvokeAsync>g__Logged|17_1(ResourceInvoker invoker)
   at Microsoft.AspNetCore.Mvc.Infrastructure.ResourceInvoker.<InvokeAsync>g__Logged|17_1(ResourceInvoker invoker)
   at Microsoft.AspNetCore.Authorization.AuthorizationMiddleware.Invoke(HttpContext context)
   at Microsoft.AspNetCore.Authentication.AuthenticationMiddleware.Invoke(HttpContext context)
   at Microsoft.AspNetCore.Diagnostics.ExceptionHandlerMiddlewareImpl.<Invoke>g__Awaited|10_0(ExceptionHandlerMiddlewareImpl middleware, HttpContext context, Task task)
2026-07-24 14:14:02.438 +02:00[FTL] - Unhandled exception occurred {"SourceContext":"API_PetHealth.Middlewares.GlobalExceptionHandler","RequestId":"0HNN9FJ9C3H7N:00000002","RequestPath":"/api/Medicine","ConnectionId":"0HNN9FJ9C3H7N","Application":"PetHealth.API","AppEnv":"Development"}
System.InvalidOperationException: Unable to resolve service for type 'PetHealth.Application.Repositories.IMedicineRepository' while attempting to activate 'API_PetHealth.Controllers.MedicineController'.
   at Microsoft.Extensions.DependencyInjection.ActivatorUtilities.ThrowHelperUnableToResolveService(Type type, Type requiredBy)
   at lambda_method16(Closure, IServiceProvider, Object[])
   at Microsoft.AspNetCore.Mvc.Controllers.ControllerFactoryProvider.<>c__DisplayClass6_0.<CreateControllerFactory>g__CreateController|0(ControllerContext controllerContext)
   at Microsoft.AspNetCore.Mvc.Infrastructure.ControllerActionInvoker.Next(State& next, Scope& scope, Object& state, Boolean& isCompleted)
   at Microsoft.AspNetCore.Mvc.Infrastructure.ControllerActionInvoker.InvokeInnerFilterAsync()
--- End of stack trace from previous location ---
   at Microsoft.AspNetCore.Mvc.Infrastructure.ResourceInvoker.<InvokeFilterPipelineAsync>g__Awaited|20_0(ResourceInvoker invoker, Task lastTask, State next, Scope scope, Object state, Boolean isCompleted)
   at Microsoft.AspNetCore.Mvc.Infrastructure.ResourceInvoker.<InvokeAsync>g__Logged|17_1(ResourceInvoker invoker)
   at Microsoft.AspNetCore.Mvc.Infrastructure.ResourceInvoker.<InvokeAsync>g__Logged|17_1(ResourceInvoker invoker)
   at Microsoft.AspNetCore.Authorization.AuthorizationMiddleware.Invoke(HttpContext context)
   at Microsoft.AspNetCore.Authentication.AuthenticationMiddleware.Invoke(HttpContext context)
   at Microsoft.AspNetCore.Diagnostics.ExceptionHandlerMiddlewareImpl.<Invoke>g__Awaited|10_0(ExceptionHandlerMiddlewareImpl middleware, HttpContext context, Task task)
2026-07-24 14:19:37.496 +02:00[FTL] - Unhandled exception occurred {"SourceContext":"API_PetHealth.Middlewares.GlobalExceptionHandler","RequestId":"0HNN9FKQBCALT:00000006","RequestPath":"/api/Prescription/Item","ConnectionId":"0HNN9FKQBCALT","Application":"PetHealth.API","AppEnv":"Development"}
Microsoft.Data.SqlClient.SqlException (0x80131904): Procedure or function 'usp_PrescriptionItem_Insert' expects parameter '@NewId', which was not supplied.
   at Microsoft.Data.SqlClient.SqlConnection.OnError(SqlException exception, Boolean breakConnection, Action`1 wrapCloseInAction)
   at Microsoft.Data.SqlClient.Connection.SqlConnectionInternal.OnError(SqlException exception, Boolean breakConnection, Action`1 wrapCloseInAction)
   at Microsoft.Data.SqlClient.TdsParser.ThrowExceptionAndWarning(TdsParserStateObject stateObj, SqlCommand command, Boolean callerHasConnectionLock, Boolean asyncClose)
   at Microsoft.Data.SqlClient.TdsParser.TryRun(RunBehavior runBehavior, SqlCommand cmdHandler, SqlDataReader dataStream, BulkCopySimpleResultSet bulkCopyHandler, TdsParserStateObject stateObj, Boolean& dataReady)
   at Microsoft.Data.SqlClient.SqlCommand.FinishExecuteReader(SqlDataReader ds, RunBehavior runBehavior, String resetOptionsString, Boolean isInternal, Boolean forDescribeParameterEncryption, Boolean shouldCacheForAlwaysEncrypted)
   at Microsoft.Data.SqlClient.SqlCommand.CompleteAsyncExecuteReader(Boolean isInternal, Boolean forDescribeParameterEncryption)
   at Microsoft.Data.SqlClient.SqlCommand.InternalEndExecuteNonQuery(IAsyncResult asyncResult, Boolean isInternal, String endMethod)
   at Microsoft.Data.SqlClient.SqlCommand.EndExecuteNonQueryInternal(IAsyncResult asyncResult)
   at Microsoft.Data.SqlClient.SqlCommand.EndExecuteNonQueryAsync(IAsyncResult asyncResult)
   at Microsoft.Data.SqlClient.SqlCommand.<>c.<InternalExecuteNonQueryAsync>b__251_1(IAsyncResult asyncResult)
   at System.Threading.Tasks.TaskFactory`1.FromAsyncCoreLogic(IAsyncResult iar, Func`2 endFunction, Action`1 endAction, Task`1 promise, Boolean requiresSynchronization)
--- End of stack trace from previous location ---
   at Dapper.SqlMapper.ExecuteImplAsync(IDbConnection cnn, CommandDefinition command, Object param) in /_/Dapper/SqlMapper.Async.cs:line 663
   at PetHealth.Infrastructure.Services.PrescriptionService.Execute(InsertPrescriptionItemCommandAsync command) in /Users/jordanmal/Documents/Projet Développement /PetHealthApplication/API/API_PetHealth/PetHealth.Infrastructure/Services/PrescriptionService.cs:line 91
   at API_PetHealth.Controllers.PrescriptionController.InsertPrescriptionItem(InsertPrescriptionItemDto prescriptionItemDto) in /Users/jordanmal/Documents/Projet Développement /PetHealthApplication/API/API_PetHealth/PetHealth.API/Controllers/PrescriptionController.cs:line 91
   at lambda_method45(Closure, Object)
   at Microsoft.AspNetCore.Mvc.Infrastructure.ActionMethodExecutor.AwaitableObjectResultExecutor.Execute(ActionContext actionContext, IActionResultTypeMapper mapper, ObjectMethodExecutor executor, Object controller, Object[] arguments)
   at Microsoft.AspNetCore.Mvc.Infrastructure.ControllerActionInvoker.<InvokeActionMethodAsync>g__Logged|12_1(ControllerActionInvoker invoker)
   at Microsoft.AspNetCore.Mvc.Infrastructure.ControllerActionInvoker.<InvokeNextActionFilterAsync>g__Awaited|10_0(ControllerActionInvoker invoker, Task lastTask, State next, Scope scope, Object state, Boolean isCompleted)
   at Microsoft.AspNetCore.Mvc.Infrastructure.ControllerActionInvoker.Rethrow(ActionExecutedContextSealed context)
   at Microsoft.AspNetCore.Mvc.Infrastructure.ControllerActionInvoker.Next(State& next, Scope& scope, Object& state, Boolean& isCompleted)
   at Microsoft.AspNetCore.Mvc.Infrastructure.ControllerActionInvoker.<InvokeInnerFilterAsync>g__Awaited|13_0(ControllerActionInvoker invoker, Task lastTask, State next, Scope scope, Object state, Boolean isCompleted)
   at Microsoft.AspNetCore.Mvc.Infrastructure.ResourceInvoker.<InvokeFilterPipelineAsync>g__Awaited|20_0(ResourceInvoker invoker, Task lastTask, State next, Scope scope, Object state, Boolean isCompleted)
   at Microsoft.AspNetCore.Mvc.Infrastructure.ResourceInvoker.<InvokeAsync>g__Logged|17_1(ResourceInvoker invoker)
   at Microsoft.AspNetCore.Mvc.Infrastructure.ResourceInvoker.<InvokeAsync>g__Logged|17_1(ResourceInvoker invoker)
   at Microsoft.AspNetCore.Authorization.AuthorizationMiddleware.Invoke(HttpContext context)
   at Microsoft.AspNetCore.Authentication.AuthenticationMiddleware.Invoke(HttpContext context)
   at Microsoft.AspNetCore.Diagnostics.ExceptionHandlerMiddlewareImpl.<Invoke>g__Awaited|10_0(ExceptionHandlerMiddlewareImpl middleware, HttpContext context, Task task)
ClientConnectionId :fd2de114-de87-466e-8d55-a2e78f8ccd9d
Error Number :201,State :4,Class :16
2026-07-24 14:19:53.587 +02:00[FTL] - Unhandled exception occurred {"SourceContext":"API_PetHealth.Middlewares.GlobalExceptionHandler","RequestId":"0HNN9FKQBCALT:00000008","RequestPath":"/api/Prescription/Item","ConnectionId":"0HNN9FKQBCALT","Application":"PetHealth.API","AppEnv":"Development"}
Microsoft.Data.SqlClient.SqlException (0x80131904): Procedure or function 'usp_PrescriptionItem_Insert' expects parameter '@NewId', which was not supplied.
   at Microsoft.Data.SqlClient.SqlConnection.OnError(SqlException exception, Boolean breakConnection, Action`1 wrapCloseInAction)
   at Microsoft.Data.SqlClient.Connection.SqlConnectionInternal.OnError(SqlException exception, Boolean breakConnection, Action`1 wrapCloseInAction)
   at Microsoft.Data.SqlClient.TdsParser.ThrowExceptionAndWarning(TdsParserStateObject stateObj, SqlCommand command, Boolean callerHasConnectionLock, Boolean asyncClose)
   at Microsoft.Data.SqlClient.TdsParser.TryRun(RunBehavior runBehavior, SqlCommand cmdHandler, SqlDataReader dataStream, BulkCopySimpleResultSet bulkCopyHandler, TdsParserStateObject stateObj, Boolean& dataReady)
   at Microsoft.Data.SqlClient.SqlCommand.FinishExecuteReader(SqlDataReader ds, RunBehavior runBehavior, String resetOptionsString, Boolean isInternal, Boolean forDescribeParameterEncryption, Boolean shouldCacheForAlwaysEncrypted)
   at Microsoft.Data.SqlClient.SqlCommand.CompleteAsyncExecuteReader(Boolean isInternal, Boolean forDescribeParameterEncryption)
   at Microsoft.Data.SqlClient.SqlCommand.InternalEndExecuteNonQuery(IAsyncResult asyncResult, Boolean isInternal, String endMethod)
   at Microsoft.Data.SqlClient.SqlCommand.EndExecuteNonQueryInternal(IAsyncResult asyncResult)
   at Microsoft.Data.SqlClient.SqlCommand.EndExecuteNonQueryAsync(IAsyncResult asyncResult)
   at Microsoft.Data.SqlClient.SqlCommand.<>c.<InternalExecuteNonQueryAsync>b__251_1(IAsyncResult asyncResult)
   at System.Threading.Tasks.TaskFactory`1.FromAsyncCoreLogic(IAsyncResult iar, Func`2 endFunction, Action`1 endAction, Task`1 promise, Boolean requiresSynchronization)
--- End of stack trace from previous location ---
   at Dapper.SqlMapper.ExecuteImplAsync(IDbConnection cnn, CommandDefinition command, Object param) in /_/Dapper/SqlMapper.Async.cs:line 663
   at PetHealth.Infrastructure.Services.PrescriptionService.Execute(InsertPrescriptionItemCommandAsync command) in /Users/jordanmal/Documents/Projet Développement /PetHealthApplication/API/API_PetHealth/PetHealth.Infrastructure/Services/PrescriptionService.cs:line 91
   at API_PetHealth.Controllers.PrescriptionController.InsertPrescriptionItem(InsertPrescriptionItemDto prescriptionItemDto) in /Users/jordanmal/Documents/Projet Développement /PetHealthApplication/API/API_PetHealth/PetHealth.API/Controllers/PrescriptionController.cs:line 91
   at lambda_method45(Closure, Object)
   at Microsoft.AspNetCore.Mvc.Infrastructure.ActionMethodExecutor.AwaitableObjectResultExecutor.Execute(ActionContext actionContext, IActionResultTypeMapper mapper, ObjectMethodExecutor executor, Object controller, Object[] arguments)
   at Microsoft.AspNetCore.Mvc.Infrastructure.ControllerActionInvoker.<InvokeActionMethodAsync>g__Logged|12_1(ControllerActionInvoker invoker)
   at Microsoft.AspNetCore.Mvc.Infrastructure.ControllerActionInvoker.<InvokeNextActionFilterAsync>g__Awaited|10_0(ControllerActionInvoker invoker, Task lastTask, State next, Scope scope, Object state, Boolean isCompleted)
   at Microsoft.AspNetCore.Mvc.Infrastructure.ControllerActionInvoker.Rethrow(ActionExecutedContextSealed context)
   at Microsoft.AspNetCore.Mvc.Infrastructure.ControllerActionInvoker.Next(State& next, Scope& scope, Object& state, Boolean& isCompleted)
   at Microsoft.AspNetCore.Mvc.Infrastructure.ControllerActionInvoker.<InvokeInnerFilterAsync>g__Awaited|13_0(ControllerActionInvoker invoker, Task lastTask, State next, Scope scope, Object state, Boolean isCompleted)
   at Microsoft.AspNetCore.Mvc.Infrastructure.ResourceInvoker.<InvokeFilterPipelineAsync>g__Awaited|20_0(ResourceInvoker invoker, Task lastTask, State next, Scope scope, Object state, Boolean isCompleted)
   at Microsoft.AspNetCore.Mvc.Infrastructure.ResourceInvoker.<InvokeAsync>g__Logged|17_1(ResourceInvoker invoker)
   at Microsoft.AspNetCore.Mvc.Infrastructure.ResourceInvoker.<InvokeAsync>g__Logged|17_1(ResourceInvoker invoker)
   at Microsoft.AspNetCore.Authorization.AuthorizationMiddleware.Invoke(HttpContext context)
   at Microsoft.AspNetCore.Authentication.AuthenticationMiddleware.Invoke(HttpContext context)
   at Microsoft.AspNetCore.Diagnostics.ExceptionHandlerMiddlewareImpl.<Invoke>g__Awaited|10_0(ExceptionHandlerMiddlewareImpl middleware, HttpContext context, Task task)
ClientConnectionId :fd2de114-de87-466e-8d55-a2e78f8ccd9d
Error Number :201,State :4,Class :16
2026-07-24 14:22:23.572 +02:00[FTL] - Unhandled exception occurred {"SourceContext":"API_PetHealth.Middlewares.GlobalExceptionHandler","RequestId":"0HNN9FKQBCALT:00000012","RequestPath":"/api/Prescription/Item/113","ConnectionId":"0HNN9FKQBCALT","Application":"PetHealth.API","AppEnv":"Development"}
Microsoft.Data.SqlClient.SqlException (0x80131904): Cannot delete: this PrescriptionItem has linked Treatments.
   at Microsoft.Data.SqlClient.SqlConnection.OnError(SqlException exception, Boolean breakConnection, Action`1 wrapCloseInAction)
   at Microsoft.Data.SqlClient.Connection.SqlConnectionInternal.OnError(SqlException exception, Boolean breakConnection, Action`1 wrapCloseInAction)
   at Microsoft.Data.SqlClient.TdsParser.ThrowExceptionAndWarning(TdsParserStateObject stateObj, SqlCommand command, Boolean callerHasConnectionLock, Boolean asyncClose)
   at Microsoft.Data.SqlClient.TdsParser.TryRun(RunBehavior runBehavior, SqlCommand cmdHandler, SqlDataReader dataStream, BulkCopySimpleResultSet bulkCopyHandler, TdsParserStateObject stateObj, Boolean& dataReady)
   at Microsoft.Data.SqlClient.SqlCommand.FinishExecuteReader(SqlDataReader ds, RunBehavior runBehavior, String resetOptionsString, Boolean isInternal, Boolean forDescribeParameterEncryption, Boolean shouldCacheForAlwaysEncrypted)
   at Microsoft.Data.SqlClient.SqlCommand.CompleteAsyncExecuteReader(Boolean isInternal, Boolean forDescribeParameterEncryption)
   at Microsoft.Data.SqlClient.SqlCommand.InternalEndExecuteNonQuery(IAsyncResult asyncResult, Boolean isInternal, String endMethod)
   at Microsoft.Data.SqlClient.SqlCommand.EndExecuteNonQueryInternal(IAsyncResult asyncResult)
   at Microsoft.Data.SqlClient.SqlCommand.EndExecuteNonQueryAsync(IAsyncResult asyncResult)
   at Microsoft.Data.SqlClient.SqlCommand.<>c.<InternalExecuteNonQueryAsync>b__251_1(IAsyncResult asyncResult)
   at System.Threading.Tasks.TaskFactory`1.FromAsyncCoreLogic(IAsyncResult iar, Func`2 endFunction, Action`1 endAction, Task`1 promise, Boolean requiresSynchronization)
--- End of stack trace from previous location ---
   at Dapper.SqlMapper.ExecuteImplAsync(IDbConnection cnn, CommandDefinition command, Object param) in /_/Dapper/SqlMapper.Async.cs:line 663
   at PetHealth.Infrastructure.Services.PrescriptionService.Execute(DeletePrescriptionItemCommandAsync command) in /Users/jordanmal/Documents/Projet Développement /PetHealthApplication/API/API_PetHealth/PetHealth.Infrastructure/Services/PrescriptionService.cs:line 105
   at API_PetHealth.Controllers.PrescriptionController.DeletePrescriptionItem(Int32 id) in /Users/jordanmal/Documents/Projet Développement /PetHealthApplication/API/API_PetHealth/PetHealth.API/Controllers/PrescriptionController.cs:line 129
   at lambda_method53(Closure, Object)
   at Microsoft.AspNetCore.Mvc.Infrastructure.ActionMethodExecutor.AwaitableObjectResultExecutor.Execute(ActionContext actionContext, IActionResultTypeMapper mapper, ObjectMethodExecutor executor, Object controller, Object[] arguments)
   at Microsoft.AspNetCore.Mvc.Infrastructure.ControllerActionInvoker.<InvokeActionMethodAsync>g__Logged|12_1(ControllerActionInvoker invoker)
   at Microsoft.AspNetCore.Mvc.Infrastructure.ControllerActionInvoker.<InvokeNextActionFilterAsync>g__Awaited|10_0(ControllerActionInvoker invoker, Task lastTask, State next, Scope scope, Object state, Boolean isCompleted)
   at Microsoft.AspNetCore.Mvc.Infrastructure.ControllerActionInvoker.Rethrow(ActionExecutedContextSealed context)
   at Microsoft.AspNetCore.Mvc.Infrastructure.ControllerActionInvoker.Next(State& next, Scope& scope, Object& state, Boolean& isCompleted)
   at Microsoft.AspNetCore.Mvc.Infrastructure.ControllerActionInvoker.<InvokeInnerFilterAsync>g__Awaited|13_0(ControllerActionInvoker invoker, Task lastTask, State next, Scope scope, Object state, Boolean isCompleted)
   at Microsoft.AspNetCore.Mvc.Infrastructure.ResourceInvoker.<InvokeFilterPipelineAsync>g__Awaited|20_0(ResourceInvoker invoker, Task lastTask, State next, Scope scope, Object state, Boolean isCompleted)
   at Microsoft.AspNetCore.Mvc.Infrastructure.ResourceInvoker.<InvokeAsync>g__Logged|17_1(ResourceInvoker invoker)
   at Microsoft.AspNetCore.Mvc.Infrastructure.ResourceInvoker.<InvokeAsync>g__Logged|17_1(ResourceInvoker invoker)
   at Microsoft.AspNetCore.Authorization.AuthorizationMiddleware.Invoke(HttpContext context)
   at Microsoft.AspNetCore.Authentication.AuthenticationMiddleware.Invoke(HttpContext context)
   at Microsoft.AspNetCore.Diagnostics.ExceptionHandlerMiddlewareImpl.<Invoke>g__Awaited|10_0(ExceptionHandlerMiddlewareImpl middleware, HttpContext context, Task task)
ClientConnectionId :fd2de114-de87-466e-8d55-a2e78f8ccd9d
Error Number :50006,State :1,Class :16
2026-07-24 14:24:22.984 +02:00[FTL] - Unhandled exception occurred {"SourceContext":"API_PetHealth.Middlewares.GlobalExceptionHandler","RequestId":"0HNN9FKQBCALT:00000014","RequestPath":"/api/Prescription/Item/113","ConnectionId":"0HNN9FKQBCALT","Application":"PetHealth.API","AppEnv":"Development"}
Microsoft.Data.SqlClient.SqlException (0x80131904): Cannot delete: this PrescriptionItem has linked Treatments.
   at Microsoft.Data.SqlClient.SqlConnection.OnError(SqlException exception, Boolean breakConnection, Action`1 wrapCloseInAction)
   at Microsoft.Data.SqlClient.Connection.SqlConnectionInternal.OnError(SqlException exception, Boolean breakConnection, Action`1 wrapCloseInAction)
   at Microsoft.Data.SqlClient.TdsParser.ThrowExceptionAndWarning(TdsParserStateObject stateObj, SqlCommand command, Boolean callerHasConnectionLock, Boolean asyncClose)
   at Microsoft.Data.SqlClient.TdsParser.TryRun(RunBehavior runBehavior, SqlCommand cmdHandler, SqlDataReader dataStream, BulkCopySimpleResultSet bulkCopyHandler, TdsParserStateObject stateObj, Boolean& dataReady)
   at Microsoft.Data.SqlClient.SqlCommand.FinishExecuteReader(SqlDataReader ds, RunBehavior runBehavior, String resetOptionsString, Boolean isInternal, Boolean forDescribeParameterEncryption, Boolean shouldCacheForAlwaysEncrypted)
   at Microsoft.Data.SqlClient.SqlCommand.CompleteAsyncExecuteReader(Boolean isInternal, Boolean forDescribeParameterEncryption)
   at Microsoft.Data.SqlClient.SqlCommand.InternalEndExecuteNonQuery(IAsyncResult asyncResult, Boolean isInternal, String endMethod)
   at Microsoft.Data.SqlClient.SqlCommand.EndExecuteNonQueryInternal(IAsyncResult asyncResult)
   at Microsoft.Data.SqlClient.SqlCommand.EndExecuteNonQueryAsync(IAsyncResult asyncResult)
   at Microsoft.Data.SqlClient.SqlCommand.<>c.<InternalExecuteNonQueryAsync>b__251_1(IAsyncResult asyncResult)
   at System.Threading.Tasks.TaskFactory`1.FromAsyncCoreLogic(IAsyncResult iar, Func`2 endFunction, Action`1 endAction, Task`1 promise, Boolean requiresSynchronization)
--- End of stack trace from previous location ---
   at Dapper.SqlMapper.ExecuteImplAsync(IDbConnection cnn, CommandDefinition command, Object param) in /_/Dapper/SqlMapper.Async.cs:line 663
   at PetHealth.Infrastructure.Services.PrescriptionService.Execute(DeletePrescriptionItemCommandAsync command) in /Users/jordanmal/Documents/Projet Développement /PetHealthApplication/API/API_PetHealth/PetHealth.Infrastructure/Services/PrescriptionService.cs:line 105
   at API_PetHealth.Controllers.PrescriptionController.DeletePrescriptionItem(Int32 id) in /Users/jordanmal/Documents/Projet Développement /PetHealthApplication/API/API_PetHealth/PetHealth.API/Controllers/PrescriptionController.cs:line 129
   at lambda_method53(Closure, Object)
   at Microsoft.AspNetCore.Mvc.Infrastructure.ActionMethodExecutor.AwaitableObjectResultExecutor.Execute(ActionContext actionContext, IActionResultTypeMapper mapper, ObjectMethodExecutor executor, Object controller, Object[] arguments)
   at Microsoft.AspNetCore.Mvc.Infrastructure.ControllerActionInvoker.<InvokeActionMethodAsync>g__Logged|12_1(ControllerActionInvoker invoker)
   at Microsoft.AspNetCore.Mvc.Infrastructure.ControllerActionInvoker.<InvokeNextActionFilterAsync>g__Awaited|10_0(ControllerActionInvoker invoker, Task lastTask, State next, Scope scope, Object state, Boolean isCompleted)
   at Microsoft.AspNetCore.Mvc.Infrastructure.ControllerActionInvoker.Rethrow(ActionExecutedContextSealed context)
   at Microsoft.AspNetCore.Mvc.Infrastructure.ControllerActionInvoker.Next(State& next, Scope& scope, Object& state, Boolean& isCompleted)
   at Microsoft.AspNetCore.Mvc.Infrastructure.ControllerActionInvoker.<InvokeInnerFilterAsync>g__Awaited|13_0(ControllerActionInvoker invoker, Task lastTask, State next, Scope scope, Object state, Boolean isCompleted)
   at Microsoft.AspNetCore.Mvc.Infrastructure.ResourceInvoker.<InvokeFilterPipelineAsync>g__Awaited|20_0(ResourceInvoker invoker, Task lastTask, State next, Scope scope, Object state, Boolean isCompleted)
   at Microsoft.AspNetCore.Mvc.Infrastructure.ResourceInvoker.<InvokeAsync>g__Logged|17_1(ResourceInvoker invoker)
   at Microsoft.AspNetCore.Mvc.Infrastructure.ResourceInvoker.<InvokeAsync>g__Logged|17_1(ResourceInvoker invoker)
   at Microsoft.AspNetCore.Authorization.AuthorizationMiddleware.Invoke(HttpContext context)
   at Microsoft.AspNetCore.Authentication.AuthenticationMiddleware.Invoke(HttpContext context)
   at Microsoft.AspNetCore.Diagnostics.ExceptionHandlerMiddlewareImpl.<Invoke>g__Awaited|10_0(ExceptionHandlerMiddlewareImpl middleware, HttpContext context, Task task)
ClientConnectionId :fd2de114-de87-466e-8d55-a2e78f8ccd9d
Error Number :50006,State :1,Class :16
2026-07-24 14:24:24.488 +02:00[FTL] - Unhandled exception occurred {"SourceContext":"API_PetHealth.Middlewares.GlobalExceptionHandler","RequestId":"0HNN9FKQBCALT:00000015","RequestPath":"/api/Prescription/Item/113","ConnectionId":"0HNN9FKQBCALT","Application":"PetHealth.API","AppEnv":"Development"}
Microsoft.Data.SqlClient.SqlException (0x80131904): Cannot delete: this PrescriptionItem has linked Treatments.
   at Microsoft.Data.SqlClient.SqlConnection.OnError(SqlException exception, Boolean breakConnection, Action`1 wrapCloseInAction)
   at Microsoft.Data.SqlClient.Connection.SqlConnectionInternal.OnError(SqlException exception, Boolean breakConnection, Action`1 wrapCloseInAction)
   at Microsoft.Data.SqlClient.TdsParser.ThrowExceptionAndWarning(TdsParserStateObject stateObj, SqlCommand command, Boolean callerHasConnectionLock, Boolean asyncClose)
   at Microsoft.Data.SqlClient.TdsParser.TryRun(RunBehavior runBehavior, SqlCommand cmdHandler, SqlDataReader dataStream, BulkCopySimpleResultSet bulkCopyHandler, TdsParserStateObject stateObj, Boolean& dataReady)
   at Microsoft.Data.SqlClient.SqlCommand.FinishExecuteReader(SqlDataReader ds, RunBehavior runBehavior, String resetOptionsString, Boolean isInternal, Boolean forDescribeParameterEncryption, Boolean shouldCacheForAlwaysEncrypted)
   at Microsoft.Data.SqlClient.SqlCommand.CompleteAsyncExecuteReader(Boolean isInternal, Boolean forDescribeParameterEncryption)
   at Microsoft.Data.SqlClient.SqlCommand.InternalEndExecuteNonQuery(IAsyncResult asyncResult, Boolean isInternal, String endMethod)
   at Microsoft.Data.SqlClient.SqlCommand.EndExecuteNonQueryInternal(IAsyncResult asyncResult)
   at Microsoft.Data.SqlClient.SqlCommand.EndExecuteNonQueryAsync(IAsyncResult asyncResult)
   at Microsoft.Data.SqlClient.SqlCommand.<>c.<InternalExecuteNonQueryAsync>b__251_1(IAsyncResult asyncResult)
   at System.Threading.Tasks.TaskFactory`1.FromAsyncCoreLogic(IAsyncResult iar, Func`2 endFunction, Action`1 endAction, Task`1 promise, Boolean requiresSynchronization)
--- End of stack trace from previous location ---
   at Dapper.SqlMapper.ExecuteImplAsync(IDbConnection cnn, CommandDefinition command, Object param) in /_/Dapper/SqlMapper.Async.cs:line 663
   at PetHealth.Infrastructure.Services.PrescriptionService.Execute(DeletePrescriptionItemCommandAsync command) in /Users/jordanmal/Documents/Projet Développement /PetHealthApplication/API/API_PetHealth/PetHealth.Infrastructure/Services/PrescriptionService.cs:line 105
   at API_PetHealth.Controllers.PrescriptionController.DeletePrescriptionItem(Int32 id) in /Users/jordanmal/Documents/Projet Développement /PetHealthApplication/API/API_PetHealth/PetHealth.API/Controllers/PrescriptionController.cs:line 129
   at lambda_method53(Closure, Object)
   at Microsoft.AspNetCore.Mvc.Infrastructure.ActionMethodExecutor.AwaitableObjectResultExecutor.Execute(ActionContext actionContext, IActionResultTypeMapper mapper, ObjectMethodExecutor executor, Object controller, Object[] arguments)
   at Microsoft.AspNetCore.Mvc.Infrastructure.ControllerActionInvoker.<InvokeActionMethodAsync>g__Logged|12_1(ControllerActionInvoker invoker)
   at Microsoft.AspNetCore.Mvc.Infrastructure.ControllerActionInvoker.<InvokeNextActionFilterAsync>g__Awaited|10_0(ControllerActionInvoker invoker, Task lastTask, State next, Scope scope, Object state, Boolean isCompleted)
   at Microsoft.AspNetCore.Mvc.Infrastructure.ControllerActionInvoker.Rethrow(ActionExecutedContextSealed context)
   at Microsoft.AspNetCore.Mvc.Infrastructure.ControllerActionInvoker.Next(State& next, Scope& scope, Object& state, Boolean& isCompleted)
   at Microsoft.AspNetCore.Mvc.Infrastructure.ControllerActionInvoker.<InvokeInnerFilterAsync>g__Awaited|13_0(ControllerActionInvoker invoker, Task lastTask, State next, Scope scope, Object state, Boolean isCompleted)
   at Microsoft.AspNetCore.Mvc.Infrastructure.ResourceInvoker.<InvokeFilterPipelineAsync>g__Awaited|20_0(ResourceInvoker invoker, Task lastTask, State next, Scope scope, Object state, Boolean isCompleted)
   at Microsoft.AspNetCore.Mvc.Infrastructure.ResourceInvoker.<InvokeAsync>g__Logged|17_1(ResourceInvoker invoker)
   at Microsoft.AspNetCore.Mvc.Infrastructure.ResourceInvoker.<InvokeAsync>g__Logged|17_1(ResourceInvoker invoker)
   at Microsoft.AspNetCore.Authorization.AuthorizationMiddleware.Invoke(HttpContext context)
   at Microsoft.AspNetCore.Authentication.AuthenticationMiddleware.Invoke(HttpContext context)
   at Microsoft.AspNetCore.Diagnostics.ExceptionHandlerMiddlewareImpl.<Invoke>g__Awaited|10_0(ExceptionHandlerMiddlewareImpl middleware, HttpContext context, Task task)
ClientConnectionId :fd2de114-de87-466e-8d55-a2e78f8ccd9d
Error Number :50006,State :1,Class :16
